outlet,title,published_at,url,platform,clean_text,dominant_topic,topic_label,vader_compound,vader_pos,vader_neu,vader_neg,vader_label,tb_polarity,tb_subjectivity
bbc,Iran War Q&A,2026-03-06 10:12:00+00:00,https://www.bbc.co.uk/sounds/play/p0n50hfr,news,iran war answer question israel war iran available answer question israel war iran adam chris joined studio panorama film maker jane corbin chief international corresponden 999,3,Civilian Casualties & Humanitarian,-0.9136,0.0,0.663,0.337,Negative,0.2,0.2
bbc,Trump's war with Iran... what we still don't know,2026-03-06 16:02:00+00:00,https://www.bbc.co.uk/sounds/play/w3ct8bz7,news,trump war iran still know plus persuaded american back war available saturday mark israel war iran weve heard shifting story opposing justification trump administration military 2259,2,Economic Impact & Oil Markets,-0.9136,0.0,0.663,0.337,Negative,0.07500000000000001,0.125
bbc,Global News Podcast: Trump warns of more US deaths in Iran war,2026-03-02 05:41:00+00:00,https://www.bbc.co.uk/sounds/play/p0n42r1x,news,global podcast trump warns death iran war iran retaliatory strike killed service member available day donald trump warned american military personnel likely killed israel continue attack iran service member 1059,4,Geopolitical Alliances & Reactions,-0.9747,0.0,0.469,0.531,Negative,-0.014285714285714287,0.21428571428571427
bbc,Global News Podcast: US Senate blocks bid to limit Trump's powers for Iran war,2026-03-05 05:39:00+00:00,https://www.bbc.co.uk/sounds/play/p0n4ppfw,news,global podcast senate block bid limit trump power iran war resolution aimed reining donald trump war power failed senate available day israeli war iran enters sixth bipartisan resolution senate aimed limiting trump war power failed senator voted 1258,1,Diplomatic Efforts & Peace Talks,-0.9779,0.0,0.553,0.447,Negative,-0.15,0.25
bbc,Americanswers… on 5Live! Why is Trump’s White House comparing the war in Iran to a video game?,2026-03-09 19:15:00+00:00,https://www.bbc.co.uk/sounds/play/p0n5lfk7,news,americanswers 5live trump white house comparing war iran video game much war iran motivated oil available israel war iran continued second america ally still scrambling respond oil price dominating headline cost 2608,6,Media Narratives & Propaganda,-0.8979,0.068,0.615,0.317,Negative,0.04,0.2
bbc,Trump's Iran gamble... What is the US president up to?,2026-03-01 21:44:00+00:00,https://www.bbc.co.uk/sounds/play/p0n422zz,news,trump iran gamble trump republican maga base support strike iran available biggest political gamble presidency far donald trump defended decision united state bomb iran alongside israel noble mission 2206,1,Diplomatic Efforts & Peace Talks,0.5859,0.228,0.645,0.126,Positive,0.059999999999999984,0.6799999999999999
bbc,Trump threatens TV networks over unpatriotic Iran coverage,2026-03-18 18:02:00+00:00,https://www.bbc.co.uk/sounds/play/p0n7dqvy,news,trump threatens network unpatriotic iran coverage top counterterrorism joe kent resigned available donald trump fight medium entered chapter since start israel war iran taken issue wall street journal reporting 2338,1,Diplomatic Efforts & Peace Talks,-0.8519,0.047,0.66,0.293,Negative,0.45,0.45
bbc,Has Trump Backed Down On Iran Threat?,2026-03-23 20:51:00+00:00,https://www.bbc.co.uk/sounds/play/p0n6h0y2,news,trump backed iran threat trump postponed strike iranian power plant available today trump extended initial hour ultimatum iran unblock strait hormuz five day iran chance peac 1372,1,Diplomatic Efforts & Peace Talks,-0.5574,0.097,0.692,0.211,Negative,0.2,0.2
bbc,What in the World,2026-03-06 14:30:00+00:00,https://www.bbc.co.uk/sounds/play/w3ct73n3,news,iran closed vital shipping channel global trade available strait hormuz narrow gap water middle east iran arabian peninsula 000 ship sail strait month thats 1056,1,Diplomatic Efforts & Peace Talks,0.296,0.084,0.916,0.0,Positive,0.03333333333333333,0.21666666666666667
bbc,Iran war: What's life like inside Iran?,2026-03-14 13:30:00+00:00,https://www.bbc.co.uk/programmes/p0n6hfvn,news,iran war life like inside iran united state israel war iran week since 28th february 1200 civilian death iran including 168 child girl school minab central iran supreme leader united state israel war iran week since 28th february 1200 civilian death iran including 168 child 1971,4,Geopolitical Alliances & Reactions,-0.8689,0.172,0.543,0.286,Negative,0.0,0.25
bbc,Are US and Israel Aligned On Iran War?,2026-03-19 18:10:00+00:00,https://www.bbc.co.uk/sounds/play/p0n6h04c,news,israel aligned iran war energy price soar missile exchange israel iran available today trump threatened massively blow world largest gas field iran attack qatar come iran bombed qatar ra 1387,4,Geopolitical Alliances & Reactions,-0.836,0.055,0.682,0.262,Negative,0.2,0.7
bbc,Scotcast: Can we afford another cost of living crisis?,2026-03-16 17:00:00+00:00,https://www.bbc.co.uk/sounds/play/m002sps5,news,scotcast afford another cost living crisis iran war fuel inflation much help available youre interested episode like iran bill shoot prime sir keir starm 549,5,Nuclear Programme & Regime Change,-0.5423,0.212,0.509,0.279,Negative,0.2833333333333334,0.3666666666666667
bbc,The Week: The War In Iran Escalates,2026-03-20 13:00:00+00:00,https://www.bbc.co.uk/sounds/play/p0n6h0cj,news,war iran escalates trump lost control war iran available today adam chris faisal joined panorama jane corbin discus latest strike war iran look straining relationship israel 916,3,Civilian Casualties & Humanitarian,-0.9501,0.0,0.541,0.459,Negative,0.45,0.65
bbc,US-Israel war with Iran: Strikes continue,2026-03-02 15:12:00+00:00,https://www.bbc.co.uk/programmes/w172zssm2n1fd7l,news,israel war iran strike continue hear lebanon head persian gulf take look impact oil price israel head state isaac herzog speaks perspective conflict programme hear british allied re hear lebanon head persian gulf take look impact oil price israel head state isaac herzog speaks perspective conflict 319,0,Military Operations & Strikes,-0.8402,0.0,0.811,0.189,Negative,0.0,0.0
bbc,"Iran war: Saudi Arabia, UAE and Kuwait report attacks",2026-03-15 14:20:00+00:00,https://www.bbc.co.uk/programmes/w172zssmfxcrtjw,news,iran war saudi arabia uae kuwait report attack saudi arabia uae kuwait attack overnight air defence working intercept though frequency much less early day conflict earlier iranian urged uae evacuate port zone abu dhabi saudi arabia uae kuwait attack overnight air defence working intercept though frequency much less early day conflict earlier ira 586,0,Military Operations & Strikes,-0.9379,0.042,0.696,0.261,Negative,-0.022222222222222216,0.2888888888888889
bbc,Yemen's Houthis launch missile attacks against Israel,2026-03-28 22:18:00+00:00,https://www.bbc.co.uk/programmes/w172zssn5g085th,news,yemen houthis launch missile attack israel iranian backed houthis yemen launched another missile attack israel less twenty four hour first foray israeli war iran fear iranian proxy entry disrupt global shipping iranian backed houthis yemen launched another missile attack israel less twenty four hour first foray israeli war iran fear 487,6,Media Narratives & Propaganda,-0.9694,0.076,0.582,0.342,Negative,0.03333333333333334,0.15999999999999998
bbc,Houthis launch missile attack on Israel,2026-03-28 14:17:00+00:00,https://www.bbc.co.uk/programmes/w172zssn5g076vg,news,houthis launch missile attack israel yemen iran backed houthi movement launched missile strike israel first since war began group fired barrage ballistic missile targeting sensitive israeli military site israel intercepted missile yemen iran backed houthi movement launched missile strike israel first since war began group fired barrage ballistic missile targeting sensitive israeli 667,4,Geopolitical Alliances & Reactions,-0.9578,0.076,0.615,0.309,Negative,0.12,0.5133333333333334
bbc,President Trump says Iran's leadership and military have been devastated,2026-03-03 22:20:00+00:00,https://www.bbc.co.uk/programmes/w172zssm2n1k4cl,news,trump iran leadership military devastated trump iran leadership military knocked israeli attack four war bring latest hear lebanon deputy prime israel pursues iran backed hezbollah militia trump iran leadership military knocked israeli attack four war bring latest hear lebanon deputy prime minist 220,0,Military Operations & Strikes,-0.9578,0.02,0.66,0.321,Negative,0.13999999999999999,0.42000000000000004
bbc,Energy infrastructure targeted in Iran strikes,2026-03-08 22:01:00+00:00,https://www.bbc.co.uk/programmes/w172zssm2n20mx2,news,energy infrastructure targeted iran strike united state israel continued bombardment iran ninth thick plume black smoke seen sky tehran israel struck oil refinery depot capital bring latest war united state israel continued bombardment iran ninth thick plume black smoke seen sky tehran israel struck oil refinery 485,4,Geopolitical Alliances & Reactions,-0.1779,0.135,0.701,0.165,Negative,-0.08666666666666667,0.5433333333333333
bbc,UN says Lebanon at risk of ‘humanitarian catastrophe’,2026-03-27 22:09:00+00:00,https://www.bbc.co.uk/programmes/w172zssn5g058xd,news,lebanon risk humanitarian catastrophe longer safe space civilian find refuge lebanon even beirut israel carrying widespread offensive hezbollah nearly million displaced war lebanon speak deputy longer safe space civilian find refuge lebanon even beirut israel carrying widespread offensive hezbollah nearly million peop 691,3,Civilian Casualties & Humanitarian,-0.891,0.1,0.619,0.282,Negative,0.30000000000000004,0.44999999999999996
bbc,US-Israeli strikes across Tehran,2026-03-13 15:09:00+00:00,https://www.bbc.co.uk/programmes/w172zssmfxcl4gt,news,israeli strike across tehran massive bombardment iran continuing explosion heard across tehran iranian state television major blast near thousand iranian taking part quds rally annual march support palestinian opposing massive bombardment iran continuing explosion heard across tehran iranian state television major blast near thousand iranian taking part quds rally 698,4,Geopolitical Alliances & Reactions,0.296,0.052,0.92,0.029,Positive,0.05416666666666667,0.6333333333333333
bbc,Tehran strikes more targets across the Middle East,2026-03-07 22:09:00+00:00,https://www.bbc.co.uk/programmes/w172zssm2n1xqzz,news,tehran strike target across middle east hear war changing iran attack southern lebanon bekaa valley continue israel warned lebanon pay heavy price rein attack hezbollah programme nepal rapper tur hear war changing iran attack southern lebanon bekaa valley continue israel warned lebanon pay heavy price rein attac 361,0,Military Operations & Strikes,-0.9705,0.0,0.597,0.403,Negative,-0.08,0.2
bbc,Yemen's Iran-backed Houthis launch missile at Israel for first time since war began - follow live,2026-03-28 01:01:16+00:00,https://www.bbc.co.uk/news/live/cje4x38q8xqt,news,yemen iran backed houthis launch missile israel first since war began follow live war enters second month donald trump special envoy hopeful meeting iran based human right activist agency hrana 464 civilian including least 217 child killed iran first month conflict began februa 1611,3,Civilian Casualties & Humanitarian,-0.8591,0.121,0.63,0.249,Negative,0.08658008658008656,0.3082010582010582
bbc,Iran war: Inside Tehran as the civilian toll of US-Israeli strikes rises,2026-03-27 09:30:52+00:00,https://www.bbc.co.uk/news/articles/cn0w1qxzd4xo,news,iran war inside tehran civilian toll israeli strike rise month since israel launched strike iran tehran resident tell life devastated resalat isolated case since start conflict israel defense force dropped 000 bomb across iran 600 bomb tehran alone central comman 1609,3,Civilian Casualties & Humanitarian,-0.9633,0.053,0.527,0.42,Negative,0.0,0.25
bbc,Top US counterterrorism official resigns over Iran war,2026-03-17 14:15:37+00:00,https://www.bbc.co.uk/news/articles/cg4g66r3z40o,news,top counterterrorism resigns iran war national counterterrorism center director joe kent trump started war due pressure israel powerful american lobby letter kent twice failed republican congressional candidate washington state june 2025 believed trump understood war middle east 1496,0,Military Operations & Strikes,-0.9413,0.105,0.535,0.36,Negative,0.010714285714285707,0.325
bbc,Mortgage rates rise and deals pulled over Iran war turmoil,2026-03-11 09:59:01+00:00,https://www.bbc.co.uk/news/articles/c24dm9vgrz7o,news,mortgage rate rise deal pulled iran war turmoil average mortgage rate hit highest since last august biggest upheaval since mini budget israel war iran began financial market expecting cut interest rate point expectation vanished rising oil price raised 992,3,Civilian Casualties & Humanitarian,-0.8555,0.061,0.688,0.251,Negative,-0.049999999999999996,0.15555555555555553
bbc,Iran ambassador warns UK to be 'very careful' about involvement in war,2026-03-07 14:11:37+00:00,https://www.bbc.co.uk/news/articles/cq6qp458zv1o,news,iran ambassador warns careful involvement war seyed ali mousavi iran right self defence directly join israeli attack iranian ambassador london warned careful becoming involved war seyed ali mousavi sunday laura kuenssberg righ 1153,6,Media Narratives & Propaganda,-0.8625,0.15,0.531,0.319,Negative,0.12714285714285714,0.7571428571428571
bbc,Swinney seeks UK meeting over US military use of Prestwick Airport,2026-03-12 11:09:36+00:00,https://www.bbc.co.uk/news/articles/ce8wlr9k27wo,news,swinney seek meeting military use prestwick airport american military refuelling aircraft previously stopped airport believed supporting israeli airstrikes military build ahead strike iran redeployed score mid air refuelling tanker base europe middle east boeing 135 stratotankers stopped pre 935,3,Civilian Casualties & Humanitarian,-0.1027,0.067,0.81,0.123,Negative,-0.11296296296296299,0.19074074074074077
bbc,Typical new mortgage costs soar £788 a year in two weeks,2026-03-17 09:56:52+00:00,https://www.bbc.co.uk/news/articles/c0mgd3z1e9ko,news,typical mortgage cost soar 788 week lender hiked rate deal withdrawn product war creates uncertainty market moneyfacts data show average fixed rate jumped start march highest since last april looking five deal average rate 808,3,Civilian Casualties & Humanitarian,-0.6369,0.052,0.792,0.156,Negative,-0.07333333333333333,0.3133333333333333
bbc,Israel hits Tehran with air strikes as Iranians mark Persian new year - follow live,2026-03-20 05:06:56+00:00,https://www.bbc.co.uk/news/live/ce84073mr06t,news,israel hit tehran air strike iranian mark persian follow live overnight iran launched round missile jerusalem attack gulf state nick marshasia business reporter singapore knew iran attack qatar ra laffan facility significant huge number cited energy 1465,4,Geopolitical Alliances & Reactions,-0.1779,0.197,0.635,0.168,Negative,0.17784090909090908,0.66875
bbc,US lands bomber at UK air base after warning of surge in strikes on Iran,2026-03-06 21:31:07+00:00,https://www.bbc.co.uk/news/articles/c75ekve9yq9o,news,land bomber air base warning surge strike iran aircraft fastest bomber air force piloted crew four trump journalist oval office earlier happy decision led plane flying many extra hour carry strike last weekend afte 1811,3,Civilian Casualties & Humanitarian,0.0772,0.092,0.773,0.135,Positive,0.08333333333333333,0.5277777777777778
bbc,"Four crew dead after US refuelling plane crashes in Iraq, military says",2026-03-12 23:43:31+00:00,https://www.bbc.co.uk/news/articles/cy0dz5ql17vo,news,four crew dead refuelling plane crash iraq military central command rescue effort continue refuelling aircraft went western iraq centcom incident occurred around gmt thursday circumstance crash investigation identity personnel 1082,3,Civilian Casualties & Humanitarian,-0.7506,0.085,0.667,0.249,Negative,-0.07500000000000001,0.1875
bbc,British Gas boss says energy bills rise 'inescapable' if prices stay high,2026-03-22 12:00:59+00:00,https://www.bbc.co.uk/news/articles/c77mx575k4vo,news,british gas bos energy bill rise inescapable price stay high bos centrica early speculate oil cost continue rise home hit since israel war iran began oil gas price soared crude 106 barrel around oil usually flow strait hormuz iran target 1589,3,Civilian Casualties & Humanitarian,-0.7579,0.044,0.797,0.159,Negative,-0.13799999999999998,0.418
bbc,G7 nations to hold emergency meeting on oil as stock markets sink,2026-03-08 23:55:25+00:00,https://www.bbc.co.uk/news/articles/c79542n0grwo,news,nation hold emergency meeting oil stock market sink chancellor rachel reef join talk amid report oil reserve released lower price reserve released iea member first since 2022 action taken following russia invasion ukraine major disruption energy supply region threa 1712,2,Economic Impact & Oil Markets,-0.4615,0.097,0.742,0.161,Negative,0.103125,0.2583333333333333
bbc,Reeves vows to stop UK tech from 'drifting abroad',2026-03-17 00:25:44+00:00,https://www.bbc.co.uk/news/articles/c0k16zdr1r1o,news,reef vow stop tech drifting abroad chancellor tell want pattern end pledging closer tie mais lecture bayes business school city london reef promise achieve fastest adoption thanks part investment british tech 1876,0,Military Operations & Strikes,0.5106,0.177,0.763,0.06,Positive,0.1,0.1
bbc,"The Iranian president says sorry, but does he mean it?",2026-03-07 16:29:00+00:00,https://www.bbc.co.uk/sounds/play/p0n57zv2,news,iranian sorry mean masoud pezeshkian apologised neighbouring state available iran apologised gulf state attacking warned iran attack neighbour unless attacked first laura asks iran amb 1329,1,Diplomatic Efforts & Peace Talks,-0.8658,0.082,0.554,0.364,Negative,-0.040624999999999994,0.6052083333333333
bbc,US and Israel carry out joint attack on Iran,2026-02-28 15:01:00+00:00,https://www.bbc.co.uk/programmes/w172zsslqcr3mf3,news,israel carry joint attack iran israel carried joint attack iran donald trump confirms start major combat operation call regime change bring reaction neighbouring country middle east gulf hear israel carried joint attack iran donald trump confirms start major combat operation call regime change bring reaction neighbourin 277,4,Geopolitical Alliances & Reactions,-0.9285,0.0,0.741,0.259,Negative,0.041666666666666664,0.3333333333333333
bbc,Iran names interim leaders following death of Supreme Leader,2026-03-01 15:23:00+00:00,https://www.bbc.co.uk/programmes/w172zsslqcr6jb6,news,iran name interim leader following death supreme leader iran interim leadership council named following death supreme leader ayatollah ali khamenei israel attack israel nine killed retaliatory strike tehran photo smoke rise following explosion iran interim leadership council named following death supreme leader ayatollah ali khamenei israel attack israel nine killed retaliatory strike 218,4,Geopolitical Alliances & Reactions,-0.959,0.132,0.502,0.366,Negative,-0.06666666666666667,0.06666666666666667
bbc,Trump threatens to halt trade with Spain over air base access,2026-03-03 19:48:05+00:00,https://www.bbc.co.uk/news/articles/c8r1mzd8vygo,news,trump threatens halt trade spain air base access trump lashed spain barred using military base carry strike iran european union allows good move freely country economic bloc complicate bid impose trade restriction single member state spanish govern 1231,6,Media Narratives & Propaganda,-0.1531,0.126,0.693,0.182,Negative,-0.0523809523809524,0.43492063492063493
bbc,"Iranian schools, hospital and landmarks among civilian sites hit during US-Israeli strikes",2026-03-06 17:01:40+00:00,https://www.bbc.co.uk/news/articles/cpw004xqxnjo,news,iranian school hospital landmark among civilian site hit israeli strike local tehran tell verify city turned ghost town resident flee tehran local city turned ghost town empty street lingering smell gunpowder another reflected recent violent crackdown countrywi 1671,0,Military Operations & Strikes,-0.8591,0.029,0.71,0.262,Negative,-0.18,0.35
bbc,Keir Starmer and Kemi Badenoch clash over North Sea gas licences and energy bill support at Prime Minister's Questions,2026-03-25 11:02:03+00:00,https://www.bbc.co.uk/news/live/c8jk9l4x3evt,news,keir starmer kemi badenoch clash north sea gas licence energy bill support prime question keir starmer kemi badenoch clash north sea gas licence energy bill support prime questionsbbc brian wheelerreporting house common looming cost living crisis triggered iran war dominating everything westminster beyond mean necessa 1214,6,Media Narratives & Propaganda,-0.4767,0.162,0.641,0.197,Negative,-0.30625,0.59375
bbc,Is Iran Capable of Hitting the UK?,2026-03-22 13:57:00+00:00,https://www.bbc.co.uk/sounds/play/p0n6h0r8,news,iran capable hitting israel claim iranian missile reach london paris berlin available today laura paddy henry discus whether iranian missile feasibly strike israel claimed israeli defence force iranian missile rea 1270,4,Geopolitical Alliances & Reactions,0.3818,0.152,0.804,0.045,Positive,0.30000000000000004,0.4
bbc,Iran latest: Around 140 people missing after Iranian navy ship sinks near Sri Lanka,2026-03-04 04:43:09+00:00,https://www.bbc.co.uk/news/live/c62gg44d53xt,news,iran latest around 140 missing iranian navy ship sink near sri lanka sri lankan navy spokesman tell cause unknown meanwhile israel hitting iran lebanon turkey nato defence shot iranian missile alice cuddyreporting hazmieh image caption trust trust hezbollah israel trust anyone magay hazmieh outskirt lebanese capital beir 1272,0,Military Operations & Strikes,0.8442,0.2,0.761,0.039,Positive,0.07500000000000001,0.48750000000000004
bbc,"US missile hit military base near Iran school, video analysis shows",2026-03-09 15:09:05+00:00,https://www.bbc.co.uk/news/articles/cvg548lyjnyo,news,missile hit military base near iran school video analysis show tomahawk missile hit military base near primary school southern iran iranian authority 168 killed expert video analysis show tomahawk missile hit military base near primary school southern iran iranian authority 168 including around 110 child killed expert video analysis show 1125,4,Geopolitical Alliances & Reactions,-0.8555,0.044,0.802,0.154,Negative,-0.13333333333333336,0.36666666666666664
bbc,What Is Trump’s Endgame For War In Iran?,2026-03-02 18:44:00+00:00,https://www.bbc.co.uk/sounds/play/p0n47cp9,news,trump endgame war iran trump took last best chance hit iran available today trump outlined objective operation epic fury saying took last best chance hit iran objective operation 1198,1,Diplomatic Efforts & Peace Talks,0.5859,0.288,0.535,0.177,Positive,0.3125,0.21666666666666667
bbc,The US-Iran Briefing Wars,2026-03-25 20:18:00+00:00,https://www.bbc.co.uk/sounds/play/p0n6h180,news,iran briefing war iran peace talk going anywhere available today iran rejected peace plan excessive plan public reportedly includes iran dismantling nuclear facility exchan 1541,1,Diplomatic Efforts & Peace Talks,-0.0516,0.199,0.597,0.205,Negative,0.05000000000000001,0.4888888888888889
bbc,Global News Podcast: US and Israel carry out joint attacks on Iran,2026-02-28 15:18:00+00:00,https://www.bbc.co.uk/sounds/play/p0n3wwqr,news,global podcast israel carry joint attack iran trump confirms major operation underway tehran target military base available day donald trump confirms major combat operation underway target iran joint operation israeli military office iran 788,4,Geopolitical Alliances & Reactions,-0.6997,0.0,0.847,0.153,Negative,-0.06785714285714285,0.37142857142857144
bbc,"Americanswers… on 5 Live! Trump claims Iran wants to ""make a deal"" to end the war",2026-03-23 21:49:00+00:00,https://www.bbc.co.uk/sounds/play/p0n8cp8x,news,americanswers live trump claim iran want deal end war iran denies talk stop war fake available donald trump reporter talk iran side major point agreement wanted deal 2717,1,Diplomatic Efforts & Peace Talks,-0.9026,0.115,0.504,0.381,Negative,0.024715909090909094,0.6
bbc,Will Putin Benefit From The Iran War?,2026-03-14 18:45:00+00:00,https://www.bbc.co.uk/sounds/play/p0n6pzl3,news,putin benefit iran war week war iran russia gain looser sanction expensive oil available today laura catch steve rosenberg moscow frank gardner saudi arabia take global impact war iran beyond middle 1354,6,Media Narratives & Propaganda,-0.743,0.142,0.599,0.259,Negative,-0.024999999999999994,0.275
bbc,Forty-eight hours in Isfahan,2026-03-05 09:35:00+00:00,https://www.bbc.co.uk/programmes/p0n4qsn8,news,forty eight hour isfahan eyewitness city iran describe armed force loyal islamic regime killed countless protester lethal crackdown demonstration earlier seen eye isfahan programme piece together eyewitness city iran describe armed force loyal islamic regime killed countless protester lethal crackdown demonstration earlier seen eye 1059,0,Military Operations & Strikes,-0.4588,0.158,0.684,0.158,Negative,0.033333333333333326,0.45833333333333337
bbc,Bangladeshi newspapers attacked by mob,2026-03-21 13:30:00+00:00,https://www.bbc.co.uk/programmes/p0n7t8z0,news,bangladeshi newspaper attacked mob 18th december 2025 office bangladesh biggest newspaper daily star prothom alo surrounded mob attacked set fire daily star journalist forced take shelter roof building smoke 18th december 2025 office bangladesh biggest newspaper daily star prothom alo surrounded mob attacked set fire daily star journalist 1914,2,Economic Impact & Oil Markets,-0.9413,0.0,0.719,0.281,Negative,-0.06000000000000001,0.04
bbc,Iran: US 'negotiating with itself',2026-03-25 15:29:00+00:00,https://www.bbc.co.uk/programmes/w172zssn5fzymw9,news,iran negotiating iranian military spokesman accused united state negotiating conflict middle east amid uncertainty prospect meaningful peace talk donald trump insisted administration talking iranian military spokesman accused united state negotiating conflict middle east amid uncertainty prospect meaningful peace talk 558,4,Geopolitical Alliances & Reactions,0.8316,0.352,0.423,0.225,Positive,0.13333333333333333,0.19999999999999998
bbc,Iran marks Persian new year under US-Israeli bombardment,2026-03-20 15:24:00+00:00,https://www.bbc.co.uk/programmes/w172zssmt5pc92n,news,iran mark persian israeli bombardment nowruz traditional festival mark spring equinox rebirth nature start iran country nowruz first many experienced war across gulf million nowruz traditional festival mark spring equinox rebirth nature start iran country nowruz first many 666,4,Geopolitical Alliances & Reactions,0.3612,0.138,0.778,0.084,Positive,0.32857142857142857,0.5809523809523809
bbc,Trump says military targets on Iran's key oil island 'obliterated',2026-03-14 14:09:00+00:00,https://www.bbc.co.uk/programmes/w172zssmfxcnxms,news,trump military target iran key oil island obliterated military given detail strike last night kharg island iran oil export shipped struck military site including missile storage facility video social medium showed multi military given detail strike last night kharg island iran oil export shipped struck military site including 436,4,Geopolitical Alliances & Reactions,-0.7964,0.0,0.813,0.187,Negative,-0.05185185185185185,0.18888888888888894
bbc,Europe alarmed by US plans to ease Russian oil sanctions,2026-03-13 22:23:00+00:00,https://www.bbc.co.uk/programmes/w172zssmfxclzpq,news,europe alarmed plan ease russian oil sanction european leader reacted alarm plan ease oil sanction russia intention washington tackle surging energy cost caused war middle east particular blockage iran tanker traffic strai european leader reacted alarm plan ease oil sanction russia intention washington tackle surging energy cost caused war middle east 645,2,Economic Impact & Oil Markets,-0.6486,0.17,0.611,0.218,Negative,0.027777777777777776,0.05555555555555555
bbc,Roads closed and screens put up around RAF Fairford,2026-03-16 13:14:27+00:00,https://www.bbc.co.uk/news/articles/cp854ez929yo,news,road closed screen put around raf fairford base used launch defensive military strike iran dunfield loop road run adjacent base lead runway closed direction gloucestershire police confirmed officer previously closed road due 302,6,Media Narratives & Propaganda,-0.1027,0.033,0.923,0.045,Negative,-0.215625,0.47187500000000004
bbc,Starmer and Badenoch clash over UK's response to Iran conflict and defence spending - live updates,2026-03-04 11:11:53+00:00,https://www.bbc.co.uk/news/live/crk88e53mvlt,news,starmer badenoch clash response iran conflict defence spending live update prime defends decision refuse access military base initial strike iran move donald trump criticised arrested national security act arrested part counter terrorism policing investigation suspected national security act offence men 1507,6,Media Narratives & Propaganda,-0.9477,0.105,0.492,0.402,Negative,-0.19090909090909092,0.4
bbc,US military says rescue efforts under way after refuelling plane crashes in Iraq - follow live,2026-03-12 04:39:56+00:00,https://www.bbc.co.uk/news/live/c4gqjyk0vx3t,news,military rescue effort way refuelling plane crash iraq follow live american military brought hostile friendly fire meanwhile israel continues strike iran lebanon chris partridgebbc weapon analyst image caption air force boeing 135 stratotanker aerial refueling tanker aircraft seen ben gurion international airport near tel aviv israel 1449,0,Military Operations & Strikes,-0.4404,0.112,0.691,0.197,Negative,0.058766233766233765,0.2285714285714286
bbc,Foreign secretary denounces 'reckless Iran threats' after missiles fired at Diego Garcia,2026-03-21 12:15:48+00:00,https://www.bbc.co.uk/news/articles/c5yljdgwppzo,news,foreign secretary denounces reckless iran threat missile fired diego garcia iran reportedly fired ballistic missile indian ocean base neither reached target wall street journal cnnreportedon ballistic missile fired diego garcia citing unnamed neither weapon reached target themissiles reportedly 1179,4,Geopolitical Alliances & Reactions,-0.9612,0.035,0.553,0.413,Negative,-0.4625,0.5625
bbc,Iran strikes Qatar and Saudi energy sites as US jets shot down by Kuwaiti 'friendly fire',2026-03-02 04:39:09+00:00,https://www.bbc.co.uk/news/live/cy0dp1l57nxt,news,iran strike qatar saudi energy site jet shot kuwaiti friendly fire meanwhile cyprus drone intercepted near base monday keir starmer call iran action outrageous defends decision join israeli strike trump due speak minute earlier spoke cnn anchor jake tapper nine minute phone saying biggest wave iran operation yet com 854,4,Geopolitical Alliances & Reactions,0.0258,0.127,0.73,0.143,Neutral,-0.19285714285714287,0.5535714285714286
bbc,Starmer says UK 'working with allies' on plan for Strait of Hormuz after Trump call - follow live,2026-03-16 05:06:41+00:00,https://www.bbc.co.uk/news/live/cx2lr40g17kt,news,starmer working ally plan strait hormuz trump call follow live donald trump bad future nato ally help secure critical waterway global oil shipping image caption former chief defence staff gen nick carter pictured military exercise dorset 2021 prime open sending warship well drone 1184,1,Diplomatic Efforts & Peace Talks,0.0258,0.162,0.697,0.141,Neutral,-0.029292929292929273,0.3657407407407407
reuters,Here’s Every Country Directly Impacted by the War on Iran,2026-03-05 22:28:33+00:00,https://www.wired.com/story/every-country-directly-impacted-by-the-war-on-iran/,news,every directly impacted war iran conflict middle east continues escalate dozen country region reportedly affected strike february united state israeli force launched series strike iran kicking turmoil middle east pete hegseth secretary department defense rec 6933,0,Military Operations & Strikes,-0.7579,0.126,0.586,0.289,Negative,0.03333333333333333,0.13333333333333333
reuters,"Higher Oil Prices From Trump’s Iran War Risk Killing the AI Boom, WTO Says",2026-03-19 19:30:17+00:00,https://gizmodo.com/higher-oil-prices-from-trumps-iran-war-risk-killing-the-ai-boom-wto-says-2000735678,news,higher oil price trump iran war risk killing boom wto deal seems setting global economy fire donald trump war iran pose risk trade around result slower gdp growth well higher fertilizer cost report trade 4278,1,Diplomatic Efforts & Peace Talks,-0.9337,0.093,0.535,0.372,Negative,0.16666666666666666,0.3333333333333333
reuters,A Hacker Accidentally Broke Into the FBI’s Epstein Files,2026-03-14 10:30:00+00:00,https://www.wired.com/story/security-news-this-week-a-hacker-accidentally-broke-into-the-fbis-epstein-files/,news,hacker accidentally broke fbi epstein file plus porn quitting app exposed masturbation habit hundred thousand user russian hacker trying take signal account united state israel war iran ongoing week bomb continue fall many iran missile failing hit target wireds team middle 5719,4,Geopolitical Alliances & Reactions,-0.9201,0.051,0.64,0.309,Negative,0.16666666666666666,0.16666666666666666
reuters,"Trump rejects settling Iran war, raises prospect of killing all its potential leaders",2026-03-08 02:38:34+00:00,https://uk.news.yahoo.com/trump-rejects-settling-iran-war-023834223.html,news,trump reject settling iran war raise prospect killing potential leader beirut miami tel aviv dubai march donald trump interested negotiating iran raised possibility maya gebeily alexander cornwell nandita bose parisa hafezi beirut miami tel aviv dubai march donald trump interested negotiating iran 6019,6,Media Narratives & Propaganda,-0.6597,0.137,0.665,0.198,Negative,0.16666666666666666,0.6666666666666666
reuters,Iran tells world to get ready for $200 a barrel,2026-03-11 13:50:52+00:00,https://www.yahoo.com/news/articles/combatants-mideast-war-trade-more-033513010.html,news,iran tell ready 200 barrel parisa hafezi alexander cornwell dubai tel aviv march iran military command wednesday prepared oil parisa hafezi alexander cornwell dubai tel aviv march iran military command wednesday prepared oil hit 200 barrel ship 5880,6,Media Narratives & Propaganda,0.6486,0.153,0.847,0.0,Positive,0.0,0.2333333333333333
reuters,"Iran says oil blockade will continue until attacks end, Trump threatens to hit harder",2026-03-10 03:37:53+00:00,https://www.yahoo.com/news/articles/iran-says-oil-blockade-continue-033753931.html,news,iran oil blockade continue attack end trump threatens hit harder dubai cairo washington march iran revolutionary guard tuesday allow litre oil shipped parisa hafezi enas alashray kanishka singh dubai cairo washington march iran revolutionary guard tuesday allow litre oil shipped 4574,4,Geopolitical Alliances & Reactions,-0.4404,0.082,0.796,0.123,Negative,-0.1,0.0
reuters,Gas Tax Holiday Floated as Band-Aid for Skyrocketing Prices at the Pump,2026-03-10 23:13:36+00:00,https://gizmodo.com/gas-prices-aaa-tax-holiday-iran-war-2000732093,news,gas tax holiday floated band aid skyrocketing price pump democratic senator pitched gas price relief act average price gallon gas hit tuesday month ago aaa needless american happy gas price soared since 4645,3,Civilian Casualties & Humanitarian,0.8591,0.241,0.759,0.0,Positive,0.037500000000000006,0.6
reuters,Polymarket let people bet on when Iran would strike Israel. A journalist who covered the war got death threats.,2026-03-17 18:10:42+00:00,https://www.businessinsider.com/israeli-journalist-polymarket-users-threats-bribes-iran-2026-3,news,polymarket let bet iran strike israel journalist covered war got death threat israeli journalist subject death threat offer bribe polymarket user wanted change story raghed waked samuel boivin nurphoto via getty image prediction market polymarket guardrail bet israeli journalist polymarket use 4979,4,Geopolitical Alliances & Reactions,-0.9674,0.0,0.616,0.384,Negative,-0.16666666666666666,0.3333333333333333
reuters,What to do if you're an American in the Middle East right now,2026-02-28 13:36:17+00:00,https://www.businessinsider.com/us-strikes-iran-what-to-do-american-middle-east-travel-2026-2,news,american middle east right american shelter place middle eastern country including iran qatar uae israel struck iranian city including capital tehran traffic gridlock tehran saturday february 2026 israel united state launched strike iran majid asgaripour american advised shelter plac 2059,4,Geopolitical Alliances & Reactions,0.2023,0.098,0.822,0.08,Positive,0.047619047619047616,0.08928571428571429
reuters,"Ukraine says it's fought over 57,000 Shaheds. Now, the US and its allies are clamoring for help with the same battle.",2026-03-10 04:02:54+00:00,https://www.businessinsider.com/ukraine-interceptor-drone-shaheds-filed-requests-us-allies-iran-war-2026-3,news,ukraine fought 000 shaheds ally clamoring help battle zelenskyy ukraine fielded nearly dozen request europe country neighboring iran since regional war began ukraine bread butter tool shaheds include mobile fire group equipped truck mounted machine gun interceptor drone andriy dubchak frontliner getty image fou 5443,2,Economic Impact & Oil Markets,-0.872,0.049,0.705,0.246,Negative,0.1,0.4
reuters,"In Khamenei's absence, pragmatist Larijani emerges as power broker in Iran",2026-03-01 08:01:12+00:00,https://www.yahoo.com/news/articles/khameneis-absence-pragmatist-larijani-emerges-080112377.html,news,khamenei absence pragmatist larijani emerges power broker iran ahmed elimam march veteran iranian politician ali larijani sunday temporary leadership council set air ahmed elimam march veteran iranian politician ali larijani sunday temporary leadership council set air strike killed supreme leader ayatollah ali 5703,4,Geopolitical Alliances & Reactions,-0.34,0.073,0.806,0.121,Negative,-0.053125000000000006,0.0
reuters,Iran has a new demand to end the war – and it could bring in billions,2026-03-28 15:12:58+00:00,https://www.cnn.com/2026/03/28/middleeast/iran-strait-of-hormuz-toll-intl,news,iran demand end war bring billion iranian laid list demand end war started united state israel item iranian laid list demand end war started united state israel item hadnt tehran list recognition iran sov 7363,1,Diplomatic Efforts & Peace Talks,-0.8625,0.115,0.553,0.332,Negative,0.0,0.0
reuters,'The streets are emptier than ever': Iranians describe life as US escalates war,2026-03-10 12:49:33+00:00,https://abcnews.com/International/streets-emptier-iranians-describe-life-us-escalates-war/story?id=130901957,news,street emptier ever iranian describe life escalates war iranian expressed fear uncertainty united state israel intensified bombing campaign iran london united state israel intensify aerial assault continue urge iranian overthrow iranian inside expressed mixed feeling describi 4845,0,Military Operations & Strikes,-0.836,0.139,0.568,0.294,Negative,0.0,0.25
reuters,Ranked: The 20 US states where gas prices are rising the most,2026-03-19 15:27:05+00:00,https://www.businessinsider.com/states-where-gas-prices-are-rising-most-iran-war-2026-3,news,ranked state gas price rising gas price surging across iran war disrupts oil supply see state price rising fastest american feeling pain iran war gas pump ken cedeno oil gas price surging amid ongoing israeli war iran gas price across 9672,1,Diplomatic Efforts & Peace Talks,-0.9382,0.029,0.686,0.286,Negative,0.0,0.0
reuters,"Three more vessels hit by projectiles in Strait of Hormuz, showing merchant ships remain in firing line",2026-03-11 11:52:45+00:00,https://www.yahoo.com/news/articles/cargo-ship-hit-projectile-strait-055851133.html,news,vessel hit projectile strait hormuz showing merchant ship remain firing line dubai march vessel hit unknown projectile strait hormuz maritime security risk firm wednesday dubai march vessel hit unknown projectile strait hormuz maritime security risk firm wednesday bringing number ship struck 2934,1,Diplomatic Efforts & Peace Talks,-0.3612,0.123,0.704,0.173,Negative,-0.15000000000000002,0.5
reuters,'Not very bright': US intelligence shows Khamenei was unsure of his son replacing him as leader,2026-03-15 16:55:43+00:00,https://www.jpost.com/middle-east/iran-news/article-890011,news,bright intelligence show khamenei unsure son replacing leader cbs white house belief islamic revolutionary guard corp irgc currently pulling string within iran cbs white house belief islamic revolutionary guard corp irgc currently pulling string within iran intelligence show ali khamenei wary 2309,5,Nuclear Programme & Regime Change,0.7964,0.185,0.774,0.041,Positive,0.03333333333333335,0.3833333333333333
reuters,The 2026 World Cup faces big challenges with only 100 days to go,2026-03-03 21:50:04+00:00,https://www.npr.org/2026/03/03/nx-s1-5733993/fifa-world-cup-iran-war-us-canada-mexico,news,2026 cup face big challenge 100 day iran compete violence mexico flare funding host city 100 day left being 2026 cup north america facing lot uncertainty 100 day fifa cup period celebration turning instead turmoil israel attack iran raised major questi 7353,2,Economic Impact & Oil Markets,-0.8957,0.026,0.734,0.24,Negative,0.020833333333333332,0.19999999999999998
reuters,"In War, the Enemy Always Gets a Vote",2026-03-13 17:20:03+00:00,https://www.theatlantic.com/ideas/2026/03/hormuz-strait-iran-oil/686365/,news,war enemy always get vote trump administration expect iran target strait hormuz astonishingly trump aide caught unprepared iran air assault united state israel retaliated targeting shipping persian gulf region spe 7393,1,Diplomatic Efforts & Peace Talks,-0.8555,0.068,0.659,0.273,Negative,0.5,1.0
reuters,WATCH: Banksy unmasked?,2026-03-17 13:44:14+00:00,https://abcnews.com/video/131141825/,news,watch banksy unmasked report identified reclusive british artist old robin gunningham trump need nato ally iran war tsa agent callouts doubled since partial shutdown tsa union leader warns agent wont keep working without 4277,6,Media Narratives & Propaganda,-0.6486,0.0,0.858,0.142,Negative,0.0,0.16666666666666666
reuters,"Photos show a major fire at a key UAE oil port, a day after the US struck a major Iranian depot",2026-03-14 20:32:19+00:00,https://www.businessinsider.com/photos-fire-key-uae-oil-hub-after-intercepted-drone-attack-2026-3,news,photo show major fire key uae oil port struck major iranian depot targeting oil infrastructure middle east combined closure strait hormuz likely lead even higher oil price debris intercepted drone caused fire near port fujairah uae saturday photo altaf qadri fire broke near key oil port united arab emirate satur 3924,4,Geopolitical Alliances & Reactions,-0.8173,0.047,0.749,0.205,Negative,0.06388888888888888,0.5888888888888889
reuters,A Current and Not-So-Short List of America’s Global Conflicts,2026-03-05 23:46:00+00:00,https://www.theatlantic.com/newsletters/2026/03/america-global-conflicts-trump-iran-interventions/686256/,news,current short list america global conflict iran war extensive list trump era intervention edition atlantic daily newsletter guide biggest story help discover idea recommends best culture sign 8776,6,Media Narratives & Propaganda,0.3818,0.232,0.605,0.163,Positive,0.16666666666666666,0.2222222222222222
reuters,The Palantir guide to stopping World War III,2026-03-17 08:11:01+00:00,https://www.businessinsider.com/palantir-guide-stopping-world-war-iii-karp-book-review-2026-3,news,palantir guide stopping war iii secretive silicon valley giant reshape fight war last july four high ranking tech executive involved artificial intelligence sworn army reserve rank lieutenant colonel part unit 19016,1,Diplomatic Efforts & Peace Talks,-0.836,0.075,0.633,0.292,Negative,-0.248,0.7013333333333333
reuters,"Six Days of War, 10 Rationales",2026-03-06 16:37:06+00:00,https://www.theatlantic.com/national-security/2026/03/iran-war-rationales-trump/686255/,news,six day war rationale administration laid buffet reason operation epic fury take pick third war iran defense secretary pete hegseth called operation epic fury precise aerial operation history difficult claim fact check difficult still 12440,3,Civilian Casualties & Humanitarian,-0.9623,0.03,0.563,0.406,Negative,-0.06666666666666665,0.6
reuters,"Questions swirl about status of peace talks as Trump touts progress, Iran pushes back",2026-03-24 17:16:55+00:00,https://abcnews.com/Politics/questions-swirl-status-peace-talks-trump-touts-progress/story?id=131360794,news,question swirl status peace talk trump tout progress iran push back strike continued across middle east tuesday amid uncertainty state talk iran strike continued across middle east tuesday amid uncertainty state talk iran donald trump touted progress negotiation tehran denie 4082,4,Geopolitical Alliances & Reactions,0.3818,0.176,0.62,0.203,Positive,0.0,0.0
reuters,Could a global economy dependent on renewable energy see less war? Experts explain,2026-03-17 09:12:16+00:00,https://abcnews.com/Technology/global-economy-dependent-renewable-energy-war-experts-explain/story?id=130969198,news,global economy dependent renewable energy see less war expert explain mass transition green energy help quell future international conflict stem control oil energy climate change expert abc widespread transition renewable energy mitigate major cause international conflict future move away fossil fuel energy climate change expert abc oil 8695,6,Media Narratives & Propaganda,0.4077,0.218,0.643,0.14,Positive,-0.03802083333333334,0.13958333333333334
reuters,IRAN RAINS MISSILES INTO ISRAEL,2026-03-24 14:49:36+00:00,https://www.straitstimes.com/world/middle-east/iran-sends-waves-of-missiles-into-israel-dismisses-trumps-talk-of-negotiations-as-fake-news,news,iran rain missile israel iran rain missile israel main headline 2nd story link related story nyt trump continues war crown prince gulf state join fight oil 100 follow live coverage washington jerusalem tel aviv iran launched wave missile israel march donald trump good productive 7772,4,Geopolitical Alliances & Reactions,-0.2263,0.124,0.753,0.122,Negative,0.2006060606060606,0.3666666666666667
reuters,"Trump’s war with Iran, briefly explained",2026-02-28 20:21:34+00:00,https://www.vox.com/the-logoff-newsletter-trump/481082/us-israel-iran-war-trump-strikes-briefly-explained,news,trump war iran briefly explained story appeared logoff daily newsletter help stay informed trump administration without letting political take life subscribe welcome logoff war iran reader sur plume smoke rise tehran iran february 2026 ehsan middle east image afp via getty image story appeared logoff daily newsletter help stay informed 3423,4,Geopolitical Alliances & Reactions,-0.1027,0.135,0.74,0.125,Negative,0.13333333333333333,0.22222222222222224
reuters,Israeli police block Catholic cardinal from Holy Sepulchre on Palm Sunday,2026-03-29 15:26:27+00:00,https://www.aljazeera.com/news/2026/3/29/israeli-police-block-catholic-cardinal-from-holy-sepulchre-on-palm-sunday,news,israeli police block catholic cardinal holy sepulchre palm sunday since israel launched war iran israel closed holy site jerusalem citing safety concern israeli police prevented cardinal pierbattista pizzaballa latin patriarch jerusalem entering church holy sepulchre mark palm sunday mass catholic church 2637,6,Media Narratives & Propaganda,-0.5267,0.11,0.752,0.138,Negative,-0.03333333333333333,0.10000000000000002
reuters,Popular prayer program becomes propaganda pusher after reported Israeli hack,2026-03-02 20:11:36+00:00,https://www.theregister.com/2026/03/02/iran_prayer_app_propaganda_hack_israel/,news,popular prayer program becomes propaganda pusher israeli hack iranian worshipper got notification saying help arrived imagine favorite app encouraging surrender war happening right iran imagine favorite app encouraging surrender war happening right iran onset open warfare israel reportedly hacked popular prayer calendar app bade 2417,6,Media Narratives & Propaganda,0.7906,0.327,0.461,0.212,Positive,0.3339285714285714,0.6839285714285714
reuters,Hotel in Iraqi capital Baghdad struck as attacks on US embassy intercepted,2026-03-16 23:00:11+00:00,https://www.aljazeera.com/news/2026/3/16/hotel-in-iraqi-capital-baghdad-struck-as-attacks-on-us-embassy-intercepted,news,hotel iraqi capital baghdad struck attack embassy intercepted group claimed responsibility attack took place amid escalating israel war iran prominent hotel central baghdad heavily fortified green zone struck drone amid report iraqi air defence intercepted attack united state embassy strike mon 1923,4,Geopolitical Alliances & Reactions,-0.9042,0.114,0.559,0.327,Negative,0.024999999999999994,0.5125
reuters,Five stories you may have missed amid US-Israeli war on Iran,2026-03-10 19:14:27+00:00,https://www.aljazeera.com/news/2026/3/10/five-stories-you-may-have-missed-amid-us-israeli-war-on-iran,news,five story missed amid israeli war iran story might seen amid united state israel war iran united state israel war iran continues dominate international headline roundup story missed tuesday syrian colonel face crime agains 5383,1,Diplomatic Efforts & Peace Talks,-0.9382,0.106,0.493,0.4,Negative,0.0,0.0
reuters,‘We know Shaheds’: Ukraine touts drone expertise in US-Israel war with Iran,2026-03-06 12:35:15+00:00,https://www.aljazeera.com/news/2026/3/6/we-know-shaheds-ukraine-touts-drone-expertise-in-us-israel-war-with-iran,news,know shaheds ukraine tout drone expertise israel war iran ukraine year experience downing russia iran drone want assist israel kyiv ukraine expert estimate iran ten thousand shahed drone recently released footage iranian medium appears show vast supply stored underground production facilitie 5013,0,Military Operations & Strikes,-0.6249,0.028,0.853,0.118,Negative,0.0,0.4166666666666667
reuters,Iran attack on Qatar’s liquid natural gas trains has global energy consequences,2026-03-23 18:00:00+00:00,https://www.scientificamerican.com/article/iran-attack-on-qatars-liquid-natural-gas-trains-has-global-energy/,news,iran attack qatar liquid natural gas train global energy consequence destruction qatar liquid natural gas train iranian attack global consequence iranian attack qatar liquefied natural gas lng facility knocked percent lng export capacity impact take year recover impact first 4904,4,Geopolitical Alliances & Reactions,-0.6597,0.176,0.586,0.238,Negative,0.09166666666666667,0.2555555555555556
reuters,Europe’s hard right fractures over US-Israel war on Iran,2026-03-11 08:03:28+00:00,https://www.aljazeera.com/features/2026/3/11/europes-hard-right-fractures-over-us-israel-war-on-iran,news,europe hard right fracture israel war iran far right force split nationalism foreign policy tie donald trump israeli war iran exposed division among europe far right party personality camp atlanticists nigel farage founder populist hard right reform party 5460,6,Media Narratives & Propaganda,-0.6705,0.11,0.649,0.241,Negative,0.0705026455026455,0.5945767195767195
reuters,Reza Pahlavi pledges to ‘make Iran great again’ at 2026 CPAC conference,2026-03-28 22:05:31+00:00,https://www.aljazeera.com/news/2026/3/28/reza-pahlavi-pledges-to-make-iran-great-again-at-2026-cpac-conference,news,reza pahlavi pledge iran great 2026 cpac conference iranian opposition leader call trump administration stay course israel wage war iran amid question future iran son former shah pitched right wing summit united state received raucous welcome reza pahlavi spoke 3210,1,Diplomatic Efforts & Peace Talks,0.7184,0.199,0.723,0.078,Positive,0.2642857142857143,0.4851190476190476
reuters,Iran war: What is happening on day 16 of US-Israel attacks?,2026-03-15 08:52:23+00:00,https://www.aljazeera.com/news/2026/3/15/iran-war-what-is-happening-on-day-16-of-us-israel-attacks,news,iran war happening israel attack israel attack isfahan kill tehran carry retaliatory attack israel gulf country united state israel carried attack iran isfahan city early hour sunday killing least conflict entered 16th siren blared central israel 9327,4,Geopolitical Alliances & Reactions,-0.9707,0.082,0.481,0.437,Negative,-0.06666666666666667,0.31666666666666665
reuters,Iran war: What is happening on day eight of US-Israel attacks?,2026-03-07 05:32:59+00:00,https://www.aljazeera.com/news/2026/3/7/iran-war-what-is-happening-on-day-eight-of-us-israel-attacks,news,iran war happening eight israel attack least 332 killed israeli attack iran since launch war last weekend united state israel launched attack iran conflict continuing escalate across middle east least 332 killed israeli attac 7586,4,Geopolitical Alliances & Reactions,-0.9779,0.075,0.433,0.492,Negative,-0.16666666666666666,0.14444444444444446
reuters,"War on Iran: Can fuel rationing, remote work, short sleeves ease oil woes?",2026-03-16 11:10:59+00:00,https://www.aljazeera.com/news/2026/3/16/war-on-iran-can-fuel-rationing-remote-work-short-sleeves-ease-oil-woes,news,war iran fuel rationing remote work short sleeve ease oil woe rising oil price amid israel war iran pushing nation readjust energy policy israel war iran rattled global energy market country scramble secure fuel conserve supply rethink export tehran effectively halted traffic strai 6026,6,Media Narratives & Propaganda,-0.6705,0.195,0.569,0.236,Negative,0.18,0.38
reuters,Iran war: What is happening on day six of US-Israel attacks?,2026-03-05 07:10:01+00:00,https://www.aljazeera.com/news/2026/3/5/iran-war-what-is-happening-on-day-six-of-us-israel-attacks,news,iran war happening six israel attack sixth israeli offensive iran conflict escalating regional tension rising sixth united state israeli offensive iran situation escalating inside iran regional tension intensifying across gulf lebanon iraq iran thr 5984,1,Diplomatic Efforts & Peace Talks,-0.9442,0.056,0.543,0.4,Negative,0.0,0.0
reuters,Pete Hegseth Might as Well Yell 'I Want to Do War Crimes' Outside The Hague,2026-03-09 12:00:26+00:00,https://www.jezebel.com/pete-hegseth-might-as-well-yell-i-want-to-do-war-crimes-outside-the-hague,news,pete hegseth might well yell want war crime outside hague one need worried right iranian think going live minute weekend day since israel attacked iran monday jazeera death count 255 mostly civilian casualty weekend secretary 3979,3,Civilian Casualties & Humanitarian,-0.9552,0.066,0.546,0.388,Negative,0.2305194805194805,0.39642857142857146
reuters,Iran War Is Both “Very Complete” and Also in Its “Most Intense Day.” Welcome to Trump Admin’s Iran Doublethink.,2026-03-10 16:27:24+00:00,https://www.jezebel.com/iran-war-complete-ending-more-strikes-contradiction-trump-hegseth-strait-of-hormuz-oil-prices-doublethink,news,iran war complete intense welcome trump admin iran doublethink topic related iran war trump admin second without directly contradicting moment american israeli bomb missile began fall iran roughly day agowith date evidence suggesting responsible killing 7077,1,Diplomatic Efforts & Peace Talks,-0.8701,0.165,0.539,0.296,Negative,0.14444444444444446,0.44999999999999996
reuters,"Amid US-Israel war, Iran football team trains in Turkiye before World Cup",2026-03-26 09:48:22+00:00,https://www.aljazeera.com/sports/2026/3/26/amid-us-israel-war-iran-football-team-trains-in-turkiye-before-world-cup,news,amid israel war iran football team train turkiye cup iran play friendly match turkiye prepare fifa cup canada mexico iran men football team training southern turkiye prepare upcoming friendly match fifa cup squad likely attract heightened attention 1905,2,Economic Impact & Oil Markets,0.7506,0.234,0.685,0.081,Positive,0.1875,0.5
reuters,Iran’s president sets terms to end the war: Is an off-ramp in sight?,2026-03-12 15:41:29+00:00,https://www.aljazeera.com/news/2026/3/12/irans-president-sets-terms-to-end-the-war-is-an-off-ramp-in-sight,news,iran set term end war ramp sight iran asking reparation guarantee israel attack future iranian masoud pezeshkian laid term ending war united state israel analyst possible sign escalation tehran israel war 9535,1,Diplomatic Efforts & Peace Talks,-0.9001,0.105,0.57,0.325,Negative,0.0,0.5625
reuters,How Israel-US war on Iran puts $50bn in Indian remittances at risk,2026-03-13 06:06:24+00:00,https://www.aljazeera.com/news/2026/3/13/how-israel-us-war-on-iran-puts-50bn-in-indian-remittances-at-risk,news,israel war iran put 50bn indian remittance risk israel war iran caused gas shortage nine million indian expat gulf face uncertainty united state israeli war iran completes week triggered global energy crisis even iran retaliation threatens pull rest middle east conflict 9550,4,Geopolitical Alliances & Reactions,-0.9694,0.078,0.491,0.431,Negative,0.0,0.0
reuters,Drone targets US base in Iraq as Iran attacks hit region amid US-Israel war,2026-03-05 08:49:06+00:00,https://www.aljazeera.com/news/2026/3/5/drone-targets-us-base-in-iraq-as-iran-attacks-hit-region-amid-us-israel-war,news,drone target base iraq iran attack hit region amid israel war iran continues strike asset region gulf arab state report explosion downing drone iraqi force shot drone attempted target united state military base near baghdad international airport local medium iran continues strike asset arab 3199,4,Geopolitical Alliances & Reactions,-0.296,0.14,0.681,0.179,Negative,-0.26666666666666666,0.4166666666666667
reuters,Trump says Iran ‘begging’ for deal to end war as Tehran issues new demands,2026-03-26 19:02:32+00:00,https://www.aljazeera.com/news/2026/3/26/as-trump-claims-us-winning-tehran-asserts-legal-right-over-hormuz-strait,news,trump iran begging deal end war tehran issue demand trump israel wiped navy air force iran lawmaker plan collect toll transiting ship tehran formally responded washington point plan end israel war iran asserting natural legal right strait hormuz donald trump claimed 4023,1,Diplomatic Efforts & Peace Talks,-0.743,0.08,0.736,0.185,Negative,0.19523809523809524,0.37857142857142856
reuters,Helium hitch: Why US-Israel war on Iran could cause MRI scan delays,2026-03-26 08:51:30+00:00,https://www.aljazeera.com/economy/2026/3/26/helium-hitch-why-us-israel-war-on-iran-could-cause-mri-scan-delays,news,helium hitch israel war iran cause mri scan delay shortage helium ripple effect across medical industry united state israel war iran tehran response disrupted third global supply helium critical medical us mri scan well high tech 8012,4,Geopolitical Alliances & Reactions,-0.8591,0.099,0.609,0.292,Negative,0.02666666666666667,0.22333333333333336
reuters,"Iran targets Israeli embassy in Bahrain, Saudi Arabia intercepts missile",2026-03-06 05:16:24+00:00,https://www.aljazeera.com/news/2026/3/6/iran-targets-israeli-embassy-in-bahrain-saudi-arabia-intercepts-missile,news,iran target israeli embassy bahrain saudi arabia intercept missile multiple gulf nation arab state well turkiye azerbaijan caught crosshairs war iran semi far agency overnight attack bahrain capital manama targeted financial harbour tower commercial complex location israeli embassy 1535,4,Geopolitical Alliances & Reactions,-0.7096,0.047,0.798,0.155,Negative,-0.039999999999999994,0.27999999999999997
reuters,The Iran strikes could become a midterm reckoning – for Trump and Israel,2026-03-04 06:18:26+00:00,https://www.aljazeera.com/opinions/2026/3/4/the-iran-strikes-could-become-a-midterm-reckoning-for-trump-and-israel,news,iran strike become midterm reckoning trump israel conservative dissent war fracturing gop testing durability support israel clear latest united state israel iran war stand fundamentally reshape politics middle east less obvious immediate impact politics especially 2026 mid 7940,6,Media Narratives & Propaganda,-0.296,0.164,0.648,0.188,Negative,0.06190476190476191,0.4071428571428571
reuters,QatarEnergy declares force majeure on some LNG contracts,2026-03-24 14:22:13+00:00,https://www.aljazeera.com/news/2026/3/24/qatarenergy-declares-force-majeure-on-some-lng-contracts,news,qatarenergy declares force majeure lng contract move come amid production disruption linked israeli war iran affected gulf qatarenergy declared force majeure affected long term liquified natural gas lng supply contract counterparties including customer italy belgium south korea chin 1239,4,Geopolitical Alliances & Reactions,-0.7269,0.054,0.738,0.208,Negative,0.025,0.4
reuters,IDF surprised by Houthis not joining war...,2026-03-05 20:58:36+00:00,https://www.jpost.com/middle-east/iran-news/article-889000,news,idf surprised houthis joining war idf surprised houthis joining war top headline 5th story link related story iran ayatollah vow shed trump blood televised address hormuz death trap conflict spread drone hit azerbaijan europ idf source thursday expressed surprise yemen houthis yet attacked israel part wider regional conflict expected many idf houthis join 798,6,Media Narratives & Propaganda,-0.9287,0.135,0.571,0.294,Negative,0.18333333333333335,0.6
reuters,France walks ‘fine line’ as US-Israel war on Iran escalates,2026-03-12 08:12:29+00:00,https://www.aljazeera.com/news/2026/3/12/france-walks-a-fine-line-as-war-in-us-israel-war-on-iran-escalates,news,france walk fine line israel war iran escalates macron criticised onslaught questioned war legality ultimately blamed iran paris france nearly year ago former ayatollah ruhollah khomeini spent month village neauphle chateau west paris recording speech helped encourage 6534,1,Diplomatic Efforts & Peace Talks,-0.875,0.1,0.605,0.295,Negative,0.08333333333333334,0.4
reuters,"India lowers fuel taxes, says rumours of lockdown ‘completely false’",2026-03-27 09:50:01+00:00,https://www.aljazeera.com/news/2026/3/27/india-slashes-petrol-diesel-import-taxes-as-fuel-prices-remain-high,news,india lower fuel tax rumour lockdown completely false india third biggest crude importer announces measure amid shortage created iran war india lowered fuel tax bid protect consumer rising global energy price result united state israel war iran petroleum hardeep singh puri po 1696,4,Geopolitical Alliances & Reactions,-0.9062,0.152,0.514,0.334,Negative,-0.275,0.4
reuters,Trump keeps up claims of talks with ‘the right people’ in Iran,2026-03-24 23:25:08+00:00,https://www.aljazeera.com/news/2026/3/24/trump-keeps-up-claims-of-talks-with-the-right-people-in-iran,news,trump keep claim talk right iran reportedly engaged backchannel effort though israel apparently page military buildup continues united state donald trump maintained negotiation end war iran way claiming tehran wanted deal badly despite previous denial talk 3630,1,Diplomatic Efforts & Peace Talks,-0.3612,0.121,0.725,0.154,Negative,-0.12619047619047616,0.3638095238095238
reuters,"Hezbollah promises to confront US, Israel over Khamenei killing",2026-03-02 00:03:31+00:00,https://www.aljazeera.com/news/2026/3/2/hezbollah-promises-to-confront-us-israel-over-khamenei-killing,news,hezbollah promise confront israel khamenei killing lebanese armed group taken action israel asset since attack iran began saturday lebanese armed group hezbollah pledged fulfil duty confronting aggression attack israel united state killed iranian supreme leader ayatollah ali khamenei 2587,3,Civilian Casualties & Humanitarian,-0.8555,0.187,0.468,0.344,Negative,-0.05,0.05
reuters,US-Israel war on Iran: What’s happening on day 29 of attacks?,2026-03-28 08:17:54+00:00,https://www.aljazeera.com/news/2026/3/28/iran-war-what-is-happening-on-day-29-of-us-israel-attacks,news,israel war iran happening attack tension continue rise iran warning heavy price paid israeli air attack donald trump disappointed nato response united state israeli war iran accusing alliance failing support washington despite year military 6607,1,Diplomatic Efforts & Peace Talks,-0.9652,0.098,0.426,0.476,Negative,-0.35000000000000003,0.45
reuters,Iran war: What is happening on day 13 of US-Israel attacks?,2026-03-12 08:30:47+00:00,https://www.aljazeera.com/news/2026/3/12/iran-war-what-is-happening-on-day-13-of-us-israel-attacks,news,iran war happening israel attack cyberattacks tension strait hormuz rising oil price deepening global consequence war united state israeli strike iran continue tehran stepped attack disrupt energy market triggering spike oil price iran representative united 7094,1,Diplomatic Efforts & Peace Talks,-0.8779,0.147,0.514,0.339,Negative,0.0,0.0
reuters,Is BRICS bloc divided over US-Israel attacks on Iran?,2026-03-06 09:16:36+00:00,https://www.aljazeera.com/news/2026/3/6/is-brics-bloc-divided-over-us-israel-attacks-on-iran,news,brics bloc divided israel attack iran since india took chair normally outspoken brics grouping appears cautious nearly united state israel war iran brics bloc multi alliance includes tehran reacted form conflict analyst political obse 10834,2,Economic Impact & Oil Markets,-0.7845,0.064,0.69,0.246,Negative,0.08333333333333333,0.3833333333333333
reuters,Tehran hit by heavy bombing on day seven of US-Israel war on Iran,2026-03-06 06:28:39+00:00,https://www.aljazeera.com/news/2026/3/6/tehran-hit-by-heavy-bombing-on-day-seven-of-us-israel-war-on-iran,news,tehran hit heavy bombing seven israel war iran jazeera correspondent tehran describes bombardment iran capital intense previously seen intense air attack pounded tehran iranian city seventh israeli war amid warning united state defense secretary pete hegseth bomb 3226,0,Military Operations & Strikes,-0.9118,0.132,0.553,0.315,Negative,0.008333333333333338,0.6666666666666667
reuters,Trump Tries to Spread Blame for Iran War,2026-03-23 21:14:44+00:00,http://www.rollingstone.com/politics/politics-news/trump-hegseth-spread-blame-iran-war-1235535910/,news,trump try spread blame iran war emphasized pete hegseth role pushing action claimed administration expect iran retaliate intensity war iran ask donald trump administration probably answer explanation ranged claiming israel going attack iran 2930,1,Diplomatic Efforts & Peace Talks,-0.9231,0.0,0.693,0.307,Negative,0.1,0.1
reuters,Will Russian oil be the biggest winner in the US-Israel war on Iran?,2026-03-20 14:48:43+00:00,https://www.aljazeera.com/features/2026/3/20/will-russian-oil-be-the-biggest-winner-in-the-us-israel-war-on-iran,news,russian oil biggest winner israel war iran price russian urals soared recent week russia energy producing nation profit russian oil emerging key beneficiary israeli war iran country scramble charter tanker following united state donald trump decision temporarily ease sanct 8128,2,Economic Impact & Oil Markets,0.8126,0.302,0.561,0.137,Positive,0.0,0.225
reuters,Iran war: What’s happening on day 23 of US-Israel attacks?,2026-03-22 08:33:28+00:00,https://www.aljazeera.com/news/2026/3/22/iran-war-whats-happening-on-day-23-of-us-israel-attacks,news,iran war happening israel attack trump threatens hit iranian energy site strait hormuz reopened tehran vow retaliate united state donald trump threatened obliterate iran power plant tehran fully reopen strait hormuz within day israel launched attack tehran 7783,1,Diplomatic Efforts & Peace Talks,-0.9349,0.116,0.527,0.356,Negative,0.0,0.0
reuters,"Missiles overhead, silence below: Israel’s home front holds firm",2026-03-25 14:41:47+00:00,https://www.aljazeera.com/news/2026/3/25/missiles-overhead-silence-below-israels-home-front-holds-firm,news,missile overhead silence israel home front hold firm censorship unity face iranian threat combine stifle dissent israel war iran drag united state israeli war iran rage school across israel closed cultural venue shuttered large gathering cancelled police order dissent war 5721,6,Media Narratives & Propaganda,-0.9628,0.048,0.565,0.387,Negative,-0.017142857142857154,0.21988095238095234
reuters,Anger in Cyprus over UK bases as US-Israel war with Iran endangers island,2026-03-06 08:03:18+00:00,https://www.aljazeera.com/features/2026/3/6/anger-in-cyprus-over-uk-bases-as-us-israel-war-with-iran-endangers-island,news,anger cyprus base israel war iran endangers island protest grow attack british military site stir fear cyprus dragged regional conflict chant british base rung recent day limassol protester call removal military base cyprus sun drenched south coast island demonstration erupted aft 5627,3,Civilian Casualties & Humanitarian,-0.9517,0.026,0.62,0.354,Negative,-0.36666666666666675,0.40555555555555556
reuters,Iran says ‘non-hostile’ ships can pass safely through Strait of Hormuz,2026-03-25 03:31:09+00:00,https://www.aljazeera.com/economy/2026/3/25/iran-says-non-hostile-ships-can-pass-safely-through-strait-of-hormuz,news,iran non hostile ship pas safely strait hormuz tehran opening key waterway come trump talk taking place end war iran non hostile ship transit strait hormuz amid collapse maritime traffic waterway prompted biggest global energy crisis decade sta 2437,1,Diplomatic Efforts & Peace Talks,-0.9022,0.099,0.596,0.305,Negative,0.16666666666666666,0.5
reuters,Can Iran’s asymmetric warfare hold US-Israeli military power at bay?,2026-03-12 13:55:50+00:00,https://www.aljazeera.com/news/2026/3/12/can-irans-asymmetric-warfare-hold-us-israeli-military-power-at-bay,news,iran asymmetric warfare hold israeli military power bay iran resorted unconventional tactic retaliatory strike israel despite united state donald trump repeated declaration victory israeli war iran tehran retaliatory strike israel military asset region continued 12368,4,Geopolitical Alliances & Reactions,-0.7865,0.058,0.675,0.266,Negative,-0.1,0.1
reuters,Iran war: What is happening on day 18 of US-Israel attacks?,2026-03-17 06:52:53+00:00,https://www.aljazeera.com/news/2026/3/17/iran-war-what-is-happening-on-day-18-of-us-israel-attacks,news,iran war happening israel attack israeli attack target iranian city conflict spread region cause global energy crisis united state israel war iran continues intensify attack multiple city kill civilian including newborn baby old sister arak city conflict spread 7168,0,Military Operations & Strikes,-0.979,0.077,0.442,0.481,Negative,0.03333333333333333,0.06666666666666667
reuters,US and Israel attack Iran: What we know so far,2026-02-28 09:24:42+00:00,https://www.aljazeera.com/news/2026/2/28/us-and-israel-attack-iran-what-we-know-so-far,news,israel attack iran know far israel bomb multiple iranian city including capital tehran iran hit back launching missile israel united state israel struck multiple location across iran including capital tehran donald trump described major combat operation attack come amid 4010,4,Geopolitical Alliances & Reactions,-0.8899,0.055,0.665,0.281,Negative,0.0325,0.3
reuters,Amazon says AWS Bahrain region ‘disrupted’ following drone activity,2026-03-24 10:39:41+00:00,https://www.aljazeera.com/news/2026/3/24/amazon-says-aws-bahrain-region-disrupted-following-drone-activity,news,amazon aws bahrain region disrupted following drone activity disruption mark second month aws operation affected iran war united state tech giant amazon amazon web service aws region bahrain disrupted amid current conflict middle east following iran threat target office 2865,4,Geopolitical Alliances & Reactions,-0.7783,0.15,0.589,0.26,Negative,0.0,0.26666666666666666
reuters,US envoys meet Hamas in Cairo to salvage fragile Gaza truce,2026-03-17 14:06:58+00:00,https://www.aljazeera.com/features/2026/3/17/us-envoys-meet-hamas-in-cairo-to-salvage-fragile-gaza-truce,news,envoy meet hamas cairo salvage fragile gaza truce rare hamas talk come war iran strain battered gaza ceasefire post war plan devastated enclave million palestinian remain crammed shrinking strip land overwhelming shadow israeli military occupation bombardment daily surv 4868,0,Military Operations & Strikes,-0.9186,0.0,0.729,0.271,Negative,0.14,0.5
reuters,Iran war may end ‘pretty quickly’: What Trump told Republicans,2026-03-10 01:27:07+00:00,https://www.aljazeera.com/news/2026/3/10/iran-war-may-end-pretty-quickly-what-trump-told-republicans,news,iran war end pretty quickly trump republican highlighted described success operation epic fury iran latest speech donald trump congressional republican war iran pretty quickly defended military campaign outlined washington objective confl 5139,1,Diplomatic Efforts & Peace Talks,-0.34,0.212,0.546,0.242,Negative,0.21851851851851853,0.4999999999999999
reuters,"Iran says will hit region’s energy sites if US, Israel target power plants",2026-03-22 13:42:25+00:00,https://www.aljazeera.com/news/2026/3/22/iran-says-will-hit-regions-energy-sites-if-us-israel-target-power-plants,news,iran hit region energy site israel target power plant iran warns irreversibly destroying vital infrastructure across region trump threatens bomb power plant iran threatened hit energy site middle east united state donald trump threatened attack power plant tehran open strait hormuz critical inf 2758,4,Geopolitical Alliances & Reactions,-0.9186,0.145,0.505,0.35,Negative,-0.02,0.34
reuters,How the US-Israel war on Iran unfolded in its first four weeks,2026-03-28 04:15:55+00:00,https://www.aljazeera.com/news/2026/3/28/how-the-us-israel-war-on-iran-unfolded-in-its-first-four-weeks,news,israel war iran unfolded first four week jazeera revisits major military political economic development took place first month conflict month united state israel war iran middle east starting look significantly different effect felt across energy price soaring viol 12979,6,Media Narratives & Propaganda,-0.7351,0.1,0.694,0.206,Negative,0.07361111111111111,0.2518518518518518
reuters,Iran war: What is happening on day 11 of US-Israel attacks?,2026-03-10 09:01:34+00:00,https://www.aljazeera.com/news/2026/3/10/iran-war-what-is-happening-on-day-11-of-us-israel-attacks,news,iran war happening israel attack hundred thousand iranian rally tehran show support supreme leader mojtaba khamenei second united state israel war iran tehran continues experience intense bombardment overnight donald trump monday war 7884,1,Diplomatic Efforts & Peace Talks,-0.7506,0.207,0.498,0.295,Negative,0.1,0.5
reuters,N Korea ‘respects’ Iran’s selection of Mojtaba Khamenei as supreme leader,2026-03-11 03:07:15+00:00,https://www.aljazeera.com/news/2026/3/11/n-korea-respects-irans-selection-of-mojtaba-khamenei-as-supreme-leader,news,korea respect iran selection mojtaba khamenei supreme leader north korean foreign ministry condemns israel unlawful military attack iran north korea announced support iran appointment mojtaba khamenei country supreme leader denounced illegal attack united state israel iran state 2590,4,Geopolitical Alliances & Reactions,0.4019,0.273,0.501,0.226,Positive,-0.24166666666666667,0.24166666666666667
reuters,New Zealand footballers willing to play Iran World Cup match outside US,2026-03-25 04:57:10+00:00,https://www.aljazeera.com/sports/2026/3/25/new-zealand-footballers-willing-to-play-iran-world-cup-match-outside-us,news,zealand footballer willing play iran cup match outside team set play june los angeles iran threatened boycott match due war zealand football player willing play iran outside united state opening match fifa cup 2026 uncertainty persists fixture amid 3077,2,Economic Impact & Oil Markets,-0.3818,0.19,0.589,0.221,Negative,0.075,0.395
reuters,"Iran blames US, Israel for Hormuz tensions as crisis risks energy supplies",2026-03-17 13:03:47+00:00,https://www.aljazeera.com/news/2026/3/17/iran-blames-us-israel-for-hormuz-tensions-as-crisis-risks-energy-supplies,news,iran blame israel hormuz tension crisis risk energy supply iran araghchi call global condemnation military aggression disrupted transit strait hormuz iran foreign abbas araghchi blamed united state israel war disruption shipping strait hormuz critical global artery fifth world oil 3109,1,Diplomatic Efforts & Peace Talks,-0.9712,0.08,0.455,0.466,Negative,-0.045,0.20500000000000002
reuters,"Iran targets Kurdish groups in Iraq, begins wave of attacks on Israel",2026-03-05 06:44:21+00:00,https://www.aljazeera.com/news/2026/3/5/iran-targets-kurdish-groups-in-iraq-begans-fresh-wave-of-attacks-on-israel,news,iran target kurdish group iraq begin wave attack israel iranian kurdish armed group reportedly consulted recent day whether attack iran iranian force launched operation targeting kurdish group semi autonomous region neighbouring iraq began 19th wave missile drone attack israel 3503,1,Diplomatic Efforts & Peace Talks,-0.8316,0.032,0.769,0.199,Negative,0.2,0.475
reuters,"‘We killed dogs’: Israeli troops kill two children, parents in West Bank",2026-03-15 12:11:04+00:00,https://www.aljazeera.com/news/2026/3/15/we-killed-dogs-israeli-troops-kill-two-children-parents-in-west-bank,news,killed dog israeli troop kill child parent west bank person shot head village tammun child deceased couple sustain injury israeli force killed palestinian couple child drove occupied west bank palestinian health authority israeli military saying 3489,3,Civilian Casualties & Humanitarian,-0.9531,0.027,0.635,0.338,Negative,-0.16666666666666666,0.03333333333333333
reuters,Russian strikes on Ukraine kill 4 as deal to end war dims,2026-03-28 11:11:48+00:00,https://www.aljazeera.com/news/2026/3/28/russian-strikes-on-ukraine-cities-kill-4-as-deal-to-end-war-dims,news,russian strike ukraine kill deal end war dims secretary state marco rubio voice openness diverting weapon kyiv support attack iran least four killed dozen others wounded russia struck ukrainian city war continues apace without prospect quick resolution 3119,1,Diplomatic Efforts & Peace Talks,-0.9705,0.085,0.452,0.463,Negative,-0.04166666666666667,0.225
reuters,What we know on day five of US-Israeli attacks on Iran,2026-03-04 08:30:37+00:00,https://www.aljazeera.com/news/2026/3/4/what-we-know-on-day-five-of-us-israeli-attacks-on-iran,news,know five israeli attack iran strike hit nuclear related facility tehran iran launched hundred missile drone united state israel continued carry strike iran bombing military civilian infrastructure conflict spread lebanon israel carrying 6186,4,Geopolitical Alliances & Reactions,-0.4767,0.108,0.68,0.212,Negative,-0.05,0.25
reuters,WHO'S IN CHARGE?,2026-03-02 01:04:36+00:00,https://uk.news.yahoo.com/analysis-khamenei-killing-shatters-irans-193335602.html,news,charge charge main headline 2nd story link related story khamenei killed war blast rock mideast tehran attack europe israel fire sleeper cell fear usa missile fired warship russia warns trump untied samia nakhoul parisa hafezi emily rose dubai march assassination iran supreme leader ayatollah ali khamenei plunged islamic republic perilous 6563,4,Geopolitical Alliances & Reactions,-0.9723,0.05,0.567,0.383,Negative,0.11333333333333333,0.33666666666666667
reuters,"Air strikes in Iraq kill three PMF fighters, two police",2026-03-28 22:32:05+00:00,https://www.aljazeera.com/news/2026/3/28/air-strikes-in-iraq-kill-three-pmf-fighters-and-two-iraqi-police,news,air strike iraq kill pmf fighter police iraq turning expanding battleground war began february israeli strike iran air strike targeting iraq popular mobilisation force pmf killed fighter iraqi police israeli war iran continued spill iraq eastern border iraqi 2904,0,Military Operations & Strikes,-0.9595,0.103,0.481,0.416,Negative,0.19999999999999998,0.45
reuters,"Despite Trump’s peace talk claims, US-Israeli attacks continue to hit Iran",2026-03-24 08:14:59+00:00,https://www.aljazeera.com/news/2026/3/24/despite-trumps-peace-talk-claims-us-israeli-attacks-continue-to-hit-iran,news,despite trump peace talk claim israeli attack continue hit iran huge explosion heard tehran city iran denied held talk end war united state israeli attack hit several city across iran sign escalation even donald trump tuesday washington talk tehran end 5115,4,Geopolitical Alliances & Reactions,-0.8945,0.093,0.619,0.288,Negative,0.19999999999999998,0.45
reuters,Gaza food prices soar as border closures deepen shortages amid Iran war,2026-03-10 06:25:59+00:00,https://www.aljazeera.com/news/2026/3/10/gaza-food-prices-soar-as-border-closures-deepen-shortages-amid-iran-war,news,gaza food price soar border closure deepen shortage amid iran war family buying whatever supply last fearing food available today tomorrow gaza rushing market buy whatever food afford regional war involving united state israel iran sends shockwaves enclave already dep 4502,1,Diplomatic Efforts & Peace Talks,-0.8934,0.054,0.688,0.258,Negative,0.2,0.23333333333333334
reuters,Set to attack Iran's underground missile sites in second phase...,2026-03-05 14:46:36+00:00,https://www.straitstimes.com/world/middle-east/israel-to-attack-irans-underground-missile-sites-in-second-phase-of-war-sources-say,news,set attack iran underground missile site second phase set attack iran underground missile site second phase second column 2nd story link related story eyal zamir architect israel war plan drudge report feed need support become patron follow live coverage tel aviv israel war iran entering second phase see fighter jet attacking ballistic missile site buried deep underground 3171,6,Media Narratives & Propaganda,-0.9287,0.059,0.705,0.235,Negative,0.017045454545454544,0.1625
reuters,"Iranians get by as US, Israeli bombs rain down, internet blocked",2026-03-05 12:22:57+00:00,https://www.aljazeera.com/news/2026/3/5/iranians-get-by-as-us-israeli-bombs-rain-down-internet-blocked,news,iranian israeli bomb rain internet blocked water electricity facility damaged amid israel bombing widespread outage yet tehran iran war might last week family leave get bad life go sepehr resident eastern tehran booming sound explosion 7180,3,Civilian Casualties & Humanitarian,-0.9413,0.0,0.641,0.359,Negative,-0.09999999999999994,0.37777777777777777
reuters,"World reacts to US, Israel attack on Iran, Tehran retaliation",2026-02-28 13:52:05+00:00,https://www.aljazeera.com/news/2026/2/28/world-reacts-to-us-israel-attack-on-iran-tehran-retaliation,news,reacts israel attack iran tehran retaliation urge maximum restraint mediator oman warns sucked conflict outbreak conflict israel united state iran triggered joint israeli strike across iran drawn frantic call calm across globe criticism mounte 5775,4,Geopolitical Alliances & Reactions,-0.9062,0.103,0.505,0.392,Negative,0.30000000000000004,0.75
reuters,Iran attacks cut 17% of Qatar’s LNG capacity for up to 5 years: QatarEnergy,2026-03-19 16:39:21+00:00,https://www.aljazeera.com/news/2026/3/19/iran-attacks-cut-17-of-qatars-lng-capacity-for-up-to-5-years-qatarenergy,news,iran attack cut qatar lng capacity year qatarenergy ceo saad kaabi qatarenergy declare force majeure long term contract five year iranian attack qatar wiped percent liquefied natural gas lng export capacity causing estimated 20bn lost annual revenue threatening supply europe asia 2981,4,Geopolitical Alliances & Reactions,-0.8885,0.048,0.686,0.267,Negative,0.025,0.4
reuters,"As Israel intensifies Lebanon attacks, Hezbollah disarmament takes backseat",2026-03-10 08:09:42+00:00,https://www.aljazeera.com/features/2026/3/10/as-israel-intensifies-lebanon-attacks-hezbollah-disarmament-takes-backseat,news,israel intensifies lebanon attack hezbollah disarmament take backseat ongoing fighting mean issue hezbollah disarmament likely remain hold military expert analyst beirut lebanon holding fire hezbollah last launched volley missile drone towards israeli military site northern city haifa lebanese gro 7641,3,Civilian Casualties & Humanitarian,-0.7579,0.033,0.791,0.176,Negative,-0.1025,0.39083333333333337
reuters,Iranian IRGC’s ties to Hezbollah deepen tensions in Lebanese politics,2026-03-24 15:47:39+00:00,https://www.aljazeera.com/features/2026/3/24/iranian-irgc-ties-hezbollah-deepen-tensions-lebanese-politics,news,iranian irgc tie hezbollah deepen tension lebanese politics lebanon prime irgc commanding hezbollah analyst agree iranian group calling shot beirut lebanon accusation lebanon prime iran islamic revolutionary guard corp irgc charge hezbollah operation israel come relation 6099,3,Civilian Casualties & Humanitarian,-0.2023,0.061,0.833,0.105,Negative,0.0,0.0
reuters,"Around 140 US service members wounded in Iran war, Pentagon says",2026-03-10 21:10:50+00:00,https://www.aljazeera.com/news/2026/3/10/around-140-us-service-members-wounded-in-iran-war-pentagon-says,news,around 140 service member wounded iran war pentagon department defense eight service member critical condition white house hail progress assault united state confirmed around 140 service member wounded since start war iran february pentagon tuesday 2651,6,Media Narratives & Propaganda,-0.8176,0.167,0.557,0.276,Negative,0.13333333333333333,0.6
reuters,Unease in Japan after Trump cites Pearl Harbor to defend Iran war,2026-03-21 14:34:12+00:00,https://www.aljazeera.com/news/2026/3/21/unease-in-japan-after-trump-uses-pearl-harbor-to-defend-iran-war,news,unease japan trump cite pearl harbor defend iran war reference japan 1941 attack shaken japanese takaichi silence get mixed reaction embarrassment confusion unease japan donald trump used pearl harbor attack war justify secrecy launching war iran 3265,1,Diplomatic Efforts & Peace Talks,-0.9812,0.0,0.476,0.524,Negative,0.0,0.125
reuters,"Hundreds of drones target Kuwait, Iraq, Saudi Arabia, UAE amid Iran war",2026-03-04 08:53:51+00:00,https://www.aljazeera.com/news/2026/3/4/hundreds-of-drones-target-kuwait-iraq-saudi-arabia-uae-amid-iran-war,news,hundred drone target kuwait iraq saudi arabia uae amid iran war irgc attack among first powerful step continues strike asset gulf country iran revolutionary guard corp irgc wednesday fired 230 drone several facility hosting troop middle east including base erbil northern iraq ali 2529,4,Geopolitical Alliances & Reactions,-0.7783,0.096,0.686,0.218,Negative,-0.05,0.4666666666666666
reuters,IEA announces release of 400 million barrels of oil. But is it enough?,2026-03-13 13:08:07+00:00,https://www.aljazeera.com/news/2026/3/13/iea-announces-release-of-400-million-barrels-of-oil-but-is-it-enough,news,iea announces release 400 million barrel oil enough global energy watchdog pledge largest release oil reserve amid war iran shot tactic sufficient international energy agency iea global energy watchdog several wealthiest country member nation announced largest release oil reserve histor 11794,4,Geopolitical Alliances & Reactions,0.5574,0.192,0.729,0.079,Positive,0.0,0.1
reuters,Iran women’s football team feted in Tehran after asylum battle at Asian Cup,2026-03-20 05:51:10+00:00,https://www.aljazeera.com/sports/2026/3/20/iran-womens-football-team-feted-in-tehran-after-asylum-battle-at-asian-cup,news,iran woman football team feted tehran asylum battle asian cup iran national football team returned war torn nation several player sought asylum australia iranian authority thursday gave national womens football team hero welcome return australia withdrawn asylum claim amid accusation iran 3399,2,Economic Impact & Oil Markets,-0.3818,0.148,0.655,0.197,Negative,0.26666666666666666,0.3
reuters,Israel’s Smotrich threatens Beirut suburbs amid evacuation orders,2026-03-05 17:32:03+00:00,https://www.aljazeera.com/news/2026/3/5/israels-smotrich-threatens-beirut-suburbs-amid-evacuation-orders,news,israel smotrich threatens beirut suburb amid evacuation order israel issue forced evacuation order entire dahiyeh area lebanon capital home hundred thousand far right israeli finance bezalel smotrich threatened turn southern suburb lebanon capital another gaza strip israeli military ordered hundred thousand 3715,0,Military Operations & Strikes,-0.8225,0.0,0.819,0.181,Negative,-0.002380952380952391,0.41011904761904766
reuters,Inside the US-Israel plan to assassinate Iran’s Khamenei,2026-03-03 14:48:18+00:00,https://www.aljazeera.com/news/2026/3/3/inside-the-us-israel-plan-to-assassinate-irans-khamenei,news,inside israel plan assassinate iran khamenei cia shared location intel israel moved timing strike forward medium report decade iran supreme leader ayatollah ali khamenei assassinated israeli air strike saturday morning man led capacity since 9710,3,Civilian Casualties & Humanitarian,0.6124,0.15,0.775,0.075,Positive,0.0,0.0
reuters,The US is urging Americans to leave 14 Middle Eastern countries amid the Iran conflict. Here's what's happening in each.,2026-03-04 21:09:02+00:00,https://www.businessinsider.com/state-department-list-middle-east-countries-iran-3-2026,news,urging american leave middle eastern country amid iran conflict happening state department urging american middle eastern nation depart strike iran conflict spill gulf region american across middle east thrown travel chaos urged depart nation region immediately unusually urgent move state department came 10605,2,Economic Impact & Oil Markets,-0.785,0.042,0.739,0.22,Negative,0.028571428571428574,0.14285714285714285
reuters,Satellite firm extends Middle East image delay to prevent use by US adversaries,2026-03-10 22:31:18+00:00,https://finance.yahoo.com/news/satellite-firm-extends-middle-east-223118443.html,news,satellite firm extends middle east image delay prevent use adversary washington march california based planet lab expanded restriction accessing imagery middle east prevent adversary cassell bryan low joey roulette washington march california based planet lab expanded restriction accessing imagery middle east prevent adversary 2331,4,Geopolitical Alliances & Reactions,-0.8481,0.093,0.637,0.27,Negative,-0.04,0.13999999999999999
reuters,One Ukrainian operation holds some of the most important lessons for the West as it readies for future drone wars,2026-03-16 17:02:24+00:00,https://www.businessinsider.com/one-ukraine-operation-shows-drone-lessons-western-militaries-need-2026-3,news,ukrainian operation hold important lesson west ready future drone war operation spiderweb used drone destroy billion dollar worth russian aircraft ukraine conducted devastating large scale type drone attack russian military bomber siberia servicessu western military need study ukrainian operation par 5849,3,Civilian Casualties & Humanitarian,-0.891,0.113,0.618,0.269,Negative,-0.023809523809523808,0.2794642857142857
reuters,How Big Tech data centers become a military target during the war in Iran,2026-03-06 21:00:45+00:00,https://www.businessinsider.com/data-centers-iran-strikes-uae-bahrain-tech-military-target-war-2026-3,news,big tech data center become military target war iran middle east drone attack amazon data center iran conflict underscore vulnerability critical tech infrastructure warfare jebel ali port hit iranian attack raghed waked drone struck amazon data center middle east war iran causing outage iran 4880,4,Geopolitical Alliances & Reactions,-0.9652,0.055,0.548,0.398,Negative,-0.05,0.16250000000000003
reuters,"Trump talks of ‘annihilation’, ‘elimination’ as US, Israel attack Iran",2026-02-28 08:14:12+00:00,https://www.aljazeera.com/news/2026/2/28/trump-talks-of-annihilation-elimination-as-us-israel-attack-iran,news,trump talk annihilation elimination israel attack iran make number claim prediction without concrete evidence confirm veracity united state donald trump joint israeli attack iran aimed eliminating imminent threat iranian regime short ago military began major combat 1754,1,Diplomatic Efforts & Peace Talks,-0.8479,0.087,0.654,0.259,Negative,0.028125000000000004,0.30000000000000004
reuters,At least 15 US troops wounded in Iran strike on Saudi airbase: Reports,2026-03-28 12:21:53+00:00,https://www.aljazeera.com/news/2026/3/28/at-least-15-us-troops-wounded-in-iran-strike-on-saudi-airbase-reports,news,least troop wounded iran strike saudi airbase report least five soldier serious condition following iran attack damaged refuelling aircraft least american soldier wounded iran launched attack airbase saudi arabia report conflict started israel united state enters 2903,0,Military Operations & Strikes,-0.836,0.091,0.611,0.299,Negative,-0.20555555555555557,0.3277777777777778
reuters,"QatarEnergy CEO says warned US, industry officials against attack on energy",2026-03-20 19:34:34+00:00,https://www.aljazeera.com/news/2026/3/20/qatarenergy-ceo-says-warned-us-industry-officials-against-attack-on-energy,news,qatarenergy ceo warned industry attack energy qatarenergy ceo saad kaabi warned consequence attacking iranian energy infrastructure qatarenergy ceo saad kaabi warned united state energy executive impact potential iranian attack oil gas facility tehran targeted qatar ra 2337,4,Geopolitical Alliances & Reactions,-0.7506,0.176,0.523,0.3,Negative,0.0,1.0
reuters,Iran's Shahed war is turning into a booming business for the world's small drone manufacturers,2026-03-13 05:35:13+00:00,https://www.businessinsider.com/iran-shahed-drone-interceptor-booming-business-manufacturers-middle-east-t2026-3,news,iran shahed war turning booming business small drone manufacturer interceptor drone manufacturer flooded business inquiry potential buyer coming middle east soldier khanter group ukraine 208th khersonska anti aircraft missile brigade hold interceptor drone nina liashonok ukrinform future publishing via getty image war 6762,2,Economic Impact & Oil Markets,-0.8779,0.0,0.798,0.202,Negative,-0.0625,0.38125
reuters,"Where are Iran’s allies? Why Moscow, Beijing are keeping their distance",2026-03-05 08:58:02+00:00,https://www.aljazeera.com/features/2026/3/5/where-are-irans-allies-why-moscow-beijing-are-keeping-their-distance,news,iran ally moscow beijing keeping distance russia china condemned israeli attack iran stopped short offering military support russia china tehran powerful diplomatic partner labelled israeli war iran killed 000 clear violation international law vla 5144,6,Media Narratives & Propaganda,-0.9081,0.151,0.485,0.364,Negative,0.01666666666666666,0.2972222222222222
reuters,Iran begins 40-day mourning after Khamenei killed in US-Israeli attack,2026-03-01 08:33:17+00:00,https://www.aljazeera.com/news/2026/3/1/iran-begins-40-day-mourning-after-khamenei-killed-in-us-israeli-attack,news,iran begin mourning khamenei killed israeli attack masoud pezeshkian condemns killing iran supreme leader great crime office iran begun day mourning supreme leader ayatollah ali khamenei killed ongoing attack united state israel iranian state medium top security 4536,1,Diplomatic Efforts & Peace Talks,-0.9423,0.249,0.313,0.438,Negative,0.22500000000000003,0.3125
reuters,France opens probe into suspected attack on Bank of America in Paris,2026-03-28 17:48:34+00:00,https://www.aljazeera.com/news/2026/3/28/france-opens-probe-into-suspected-attack-on-bank-of-america-in-paris,news,france open probe suspected attack bank america paris police arrest suspect setting explosive device outside bank headquarters french authority opened investigation foiled attack targeting bank america paris headquarters police detained suspect allegedly attempting ignite explosiv 2017,1,Diplomatic Efforts & Peace Talks,-0.936,0.028,0.597,0.375,Negative,-0.030000000000000006,0.13
reuters,Explosions heard in Tehran as US-Israel launch ‘preventive missile attack’ against Iran: VIDEO,2026-02-28 06:44:15+00:00,https://indianexpress.com/article/world/iran-israel-tensions-explosion-tehran-israel-missile-attack-10557027/,news,explosion heard tehran israel launch preventive missile attack iran video explosion come amid heightened tension iran united state tehran nuclear programme multiple explosion struck iran capital tehran saturday israel claimed launched preventive missile attack witness agency associated press video 2141,4,Geopolitical Alliances & Reactions,-0.7351,0.088,0.697,0.215,Negative,0.0,0.0
reuters,Evil Leprechaun Can’t Stop Starting Global Mischief,2026-03-17 17:58:31+00:00,https://www.jezebel.com/evil-leprechaun-cant-stop-starting-global-mischief,news,evil leprechaun stop starting global mischief secretary state marco rubio scrambling rally ally trump unpopular war iran latest white house attempt dig middle east shithole creation involves state department directive sent secretary state marco rubio monday 2084,6,Media Narratives & Propaganda,-0.8979,0.045,0.679,0.276,Negative,-0.08333333333333333,0.3333333333333333
reuters,Three brothers arrested in Norway over bomb attack on US embassy in Oslo,2026-03-11 19:34:22+00:00,https://www.aljazeera.com/news/2026/3/11/three-brothers-arrested-in-norway-over-bomb-attack-on-us-embassy-in-oslo,news,brother arrested norway bomb attack embassy oslo norwegian citizen iraqi heritage arrested investigator probe possible foreign state involvement norwegian police arrested brother suspected carrying sunday terror bombing attack embassy oslo unnamed men norwegian citizen 20 2565,6,Media Narratives & Propaganda,-0.9719,0.0,0.538,0.462,Negative,-0.025,0.225
reuters,"US-Israeli strike kills 15 at Isfahan factory, Iranian media says",2026-03-14 21:25:17+00:00,https://www.aljazeera.com/news/2026/3/14/us-israeli-strike-kills-15-at-isfahan-factory-iranian-media-says,news,israeli strike kill isfahan factory iranian medium iranian medium report death central iran tehran launch missile salvo israeli target missile strike industrial area central iranian city isfahan killed least worker inside factory attack iranian medium report 2718,4,Geopolitical Alliances & Reactions,-0.9595,0.0,0.618,0.382,Negative,-0.125,0.225
reuters,Did Iran launch missiles at US-UK base on Diego Garcia? Here’s what to know,2026-03-22 13:03:57+00:00,https://www.aljazeera.com/news/2026/3/22/did-iran-launch-missiles-at-us-uk-base-on-diego-garcia-heres-what-to-know,news,iran launch missile base diego garcia know condemns iranian attack airbase indian ocean tehran denies carried launch united kingdom slammed reckless iranian threat missile targeted joint united state military base located indian ocean island diego garcia iran however denied 9587,4,Geopolitical Alliances & Reactions,-0.9118,0.1,0.573,0.326,Negative,-0.5666666666666668,0.7000000000000001
reuters,US-Israel attacks on Iran: Death toll and injuries live tracker,2026-03-01 14:32:24+00:00,https://www.aljazeera.com/news/2026/3/1/us-israel-attacks-on-iran-death-toll-and-injuries-live-tracker,news,israel attack iran death toll injury live tracker preliminary figure 201 dead 747 injured iran least nine killed 121 injured israel explosion heard iran israel across several middle eastern state united state israel began attacking iran saturday tehran responded launching wave 7905,4,Geopolitical Alliances & Reactions,-0.9756,0.045,0.525,0.43,Negative,-0.09393939393939395,0.21666666666666667
reuters,"While US encourages Kurds to attack Iran, history serves darker warning",2026-03-05 13:33:05+00:00,https://www.aljazeera.com/features/2026/3/5/while-us-encourages-kurds-to-attack-iran-history-serves-darker-warning,news,encourages kurd attack iran history serf darker warning kurd weigh washington push rebellion iranian soil history betrayal pragmatic alliance covert action confused missionary work former united state secretary state henry kissinger declared sudden abandonment iraqi kurd fate iraqi 7286,1,Diplomatic Efforts & Peace Talks,-0.8689,0.107,0.583,0.31,Negative,-0.07500000000000001,0.32499999999999996
reuters,US weighs sending thousands of troops to region as Iran war rages: Report,2026-03-19 08:09:49+00:00,https://www.aljazeera.com/news/2026/3/19/us-weighs-sending-thousands-of-troops-to-region-as-iran-war-rages-report,news,weighs sending thousand troop region iran war rage report deployment help provide trump additional option entrench foreign war donald trump administration considering deploying thousand troop reinforce operation middle east united state military prepares possible next step 3416,0,Military Operations & Strikes,-0.7845,0.112,0.654,0.233,Negative,-0.045,0.24500000000000002
reuters,“This is not Iraq”: Hegseth denies that US attack on Iran is another forever war,2026-03-02 19:41:22+00:00,https://www.salon.com/2026/03/02/this-is-not-iraq-hegseth-denies-that-us-attack-on-iran-is-another-forever-war/,news,iraq hegseth denies attack iran another forever war recent strike iran split public opinion congress secretary defense pete hegseth spoke reporter monday ongoing conflict iran vehemently denied united state entering another long term boondoggle 3451,6,Media Narratives & Propaganda,-0.9042,0.09,0.565,0.345,Negative,-0.016666666666666666,0.2388888888888889
reuters,Sri Lanka to repatriate remains of 84 Iranian sailors killed in US attack,2026-03-13 10:04:31+00:00,https://www.aljazeera.com/news/2026/3/13/sri-lanka-to-repatriate-remains-of-84-iranian-sailors-killed-in-us-attack,news,sri lanka repatriate remains iranian sailor killed attack sailor rescued sri lanka navy remain island nation foreign ministry sri lanka repatriating remains iranian sailor died frigate sunk nine day ago united state submarine torpedo attack sailed international water far 1951,0,Military Operations & Strikes,-0.8658,0.104,0.631,0.265,Negative,-0.05625,0.28125
reuters,Brent crude price breaches $100 mark again as Iran strikes ships in Gulf region; IEA to release 400 mn barrels oil to combat spike,2026-03-12 06:21:48+00:00,https://indianexpress.com/article/world/oil-price-spike-iran-attacks-ships-iea-record-oil-stockpile-release-10577789/,news,brent crude price breach 100 mark iran strike ship gulf region iea release 400 barrel oil combat spike latest attack shipping gulf region take total number vessel struck least ongoing israeli war iran showing sign slowing brent crude oil international standard spiked back 100 barrel even iranian strike hit ship region water early thursday associated press come 3174,3,Civilian Casualties & Humanitarian,-0.9611,0.022,0.674,0.304,Negative,-0.1222222222222222,0.4833333333333333
reuters,"Who bombed the Iranian girls’ school, killing more than 170? What we know",2026-03-12 02:21:15+00:00,https://www.aljazeera.com/news/2026/3/12/who-bombed-the-iranian-girls-school-killing-more-than-170-what-we-know,news,bombed iranian girl school killing 170 know attack shajareh tayyebeh elementary school quickly became focal point concern civilian casualty united state israeli war iran close week specific attack stand bloodiest incident conflict far february opening hour assa 10327,0,Military Operations & Strikes,-0.9545,0.052,0.574,0.374,Negative,0.18333333333333332,0.63125
reuters,How US sinking of Iranian warship blew hole in Modi’s ‘guardian’ claims,2026-03-06 01:09:29+00:00,https://www.aljazeera.com/features/2026/3/6/how-us-sinking-of-iranian-warship-blew-hole-in-modis-guardian-claims,news,sinking iranian warship blew hole modi guardian claim india see security provider indian ocean wednesday save even guest delhi india dressed blue navy uniform sleek sunglass indian prime narendra modi late october addressed gathering country sea warrior listed stra 8711,3,Civilian Casualties & Humanitarian,0.5994,0.126,0.835,0.038,Positive,-0.15,0.35
reuters,Iranian Kurd leader in Iraq says ground operation into Iran ‘highly likely’,2026-03-07 09:50:54+00:00,https://www.aljazeera.com/news/2026/3/7/iranian-kurd-leader-in-iraq-says-ground-operation-into-iran-highly-likely,news,iranian kurd leader iraq ground operation iran highly likely hosseini tell jazeera strong probability action irgc announces strike rebel target leader iranian kurdish nationalist group based northern iraq semi autonomous kurdish region jazeera highly likely iranian kurd stage cross border gro 3407,1,Diplomatic Efforts & Peace Talks,0.296,0.073,0.859,0.068,Positive,0.15555555555555556,0.5888888888888889
reuters,"US-Israel attacks on Iran, day 2: Khamenei is killed, Iran retaliates",2026-03-01 09:10:06+00:00,https://www.aljazeera.com/news/2026/3/1/us-israel-attacks-on-iran-day-2-khamenei-is-killed-iran-retaliates,news,israel attack iran khamenei killed iran retaliates iran carry retaliatory attack supreme leader killed israeli attack pushing region edge iran ayatollah ali khamenei killed attack united state israel alongside top security tehran pledge take revenge killing supreme lea 7813,4,Geopolitical Alliances & Reactions,-0.9702,0.195,0.343,0.462,Negative,-0.025000000000000022,0.125
reuters,President or Congress? Who in the US has the power to declare war?,2026-03-18 16:48:57+00:00,https://www.aljazeera.com/news/2026/3/18/president-or-congress-who-in-the-us-has-the-power-to-declare-war,news,congress power declare war president long bypassed congress authority dissenting lawmaker often tried fight back united state donald trump face mounting global criticism starting war iran israel facing battle home opposition lawmaker challenged 11570,6,Media Narratives & Propaganda,-0.9217,0.086,0.549,0.365,Negative,-0.0125,0.125
reuters,Iran denies firing missile towards Turkiye after NATO interception,2026-03-05 06:24:58+00:00,https://www.aljazeera.com/news/2026/3/5/iran-denies-firing-missile-towards-turkiye-after-nato-interception,news,iran denies firing missile towards turkiye nato interception turkiye defence ministry ballistic missile destroyed nato eastern mediterranean iran armed force denied firing missile towards turkish territory insisting iran respect sovereignty turkiye carried state medium iranian sta 2580,4,Geopolitical Alliances & Reactions,-0.8481,0.093,0.622,0.284,Negative,0.0,0.0
reuters,"Oil prices rise sharply after US, Israeli attacks on Iran",2026-03-02 09:27:13+00:00,https://www.aljazeera.com/news/2026/3/2/oil-prices-rise-sharply-after-us-israeli-attacks-on-iran,news,oil price rise sharply israeli attack iran brent crude percent amid supply concern trump strike iran last week oil price risen sharply stock slid united state israeli attack iran retaliatory strike israeli military installation middle east disrupte 3836,1,Diplomatic Efforts & Peace Talks,-0.8442,0.059,0.671,0.27,Negative,-0.17500000000000002,0.4444444444444444
reuters,Calls grow for independent probe into deadly Iranian girls’ school attack,2026-03-06 18:04:51+00:00,https://www.aljazeera.com/news/2026/3/6/calls-grow-for-independent-probe-into-deadly-iranian-girls-school-attack,news,call grow independent probe deadly iranian girl school attack excuse killing girl classroom expert amid push justice minab primary school assault call growing independent investigation attack girl school southern iran killed 165 young pupil united nation expert denouncing deadly bombing 3749,0,Military Operations & Strikes,-0.9136,0.153,0.532,0.314,Negative,-0.016666666666666666,0.2222222222222222
reuters,"Questions over Minab girls’ school strike as Israel, US deny involvement",2026-03-03 13:20:47+00:00,https://www.aljazeera.com/news/2026/3/3/questions-over-minab-girls-school-strike-as-israel-us-deny-involvement,news,question minab girl school strike israel deny involvement jazeera investigation raise question deadliest single attack war killed 165 schoolgirl staff saturday morning february 2026 dozen girl gathered shajareh tayyebeh good tree school city minab southern iran israel united state began initial 20053,0,Military Operations & Strikes,-0.8658,0.102,0.624,0.275,Negative,0.0857142857142857,0.16285714285714287
reuters,"Could the US deploy troops to Iran, and how could that play out?",2026-03-11 14:42:33+00:00,https://www.aljazeera.com/news/2026/3/11/could-the-us-deploy-troops-to-iran-and-how-could-that-play-out,news,deploy troop iran play expert iran vast mountainous terrain invasion difficult small precise mission possible speculation mounting united state whether american soldier deployed ground iran israeli war entered 12th wednesday democratic senator 10057,3,Civilian Casualties & Humanitarian,-0.296,0.128,0.714,0.158,Negative,-0.05833333333333333,0.7000000000000001
reuters,Missile debris injures eight in Qatar after Iran launches barrage,2026-02-28 23:20:30+00:00,https://www.aljazeera.com/news/2026/2/28/missile-debris-injures-eight-in-qatar-after-iran-launches-barrage,news,missile debris injures eight qatar iran launch barrage interior ministry missile fired qatar 114 report falling shrapnel doha qatar eight injured qatar missile shrapnel landed multiple location across authority following barrage iranian missile qatar 2461,4,Geopolitical Alliances & Reactions,-0.765,0.032,0.771,0.197,Negative,0.0,0.05
reuters,Which Kurdish groups is the US rallying to fight Iran?,2026-03-05 14:17:02+00:00,https://www.aljazeera.com/news/2026/3/5/which-kurdish-groups-is-the-us-rallying-to-fight,news,kurdish group rallying fight iran donald trump spoken least kurdish group iran iraq recent day iran launched operation targeting iranian iraqi kurdish group semi autonomous kurdish region neighbouring iraq regional war ignited united state israel entered 9590,1,Diplomatic Efforts & Peace Talks,-0.4939,0.098,0.753,0.148,Negative,0.03333333333333335,0.45
reuters,What we know on day three of US-Israeli attacks on Iran,2026-03-02 08:31:25+00:00,https://www.aljazeera.com/news/2026/3/2/what-we-know-on-day-three-of-us-israeli-attacks-on-iran,news,know israeli attack iran iranian supreme leader killing confirmed attack dubai cyprus across region iranian supreme leader ayatollah ali khameneis killing confirmed attack united state israel iran continues strike asset across gulf region isr 4854,4,Geopolitical Alliances & Reactions,-0.7964,0.219,0.438,0.343,Negative,0.4,1.0
reuters,Families search for loved ones after deadly Pakistan strikes on Kabul rehab,2026-03-17 08:25:59+00:00,https://www.aljazeera.com/news/2026/3/17/families-search-for-loved-ones-after-deadly-pakistan-strikes-on-kabul-rehab,news,family search loved one deadly pakistan strike kabul rehab afghan authority pakistani attack killed hundred civilian islamabad reject claim false family gathered outside drug treatment centre afghan capital kabul looking loved one hit pakistani air strike taliban authority killed 408 3086,0,Military Operations & Strikes,-0.8126,0.176,0.524,0.301,Negative,0.05714285714285712,0.3785714285714286
reuters,Trump calls for naval coalition to open Strait of Hormuz: Can it work?,2026-03-15 14:56:12+00:00,https://www.aljazeera.com/news/2026/3/15/trump-calls-for-naval-coalition-to-open-strait-of-hormuz-can-it-work,news,trump call naval coalition open strait hormuz work analyst solution secure strait fraught problem united state donald trump called naval coalition deploy warship secure strait hormuz fifth oil shipment transit oil market reel 8718,1,Diplomatic Efforts & Peace Talks,0.6705,0.234,0.662,0.104,Positive,0.26666666666666666,0.5666666666666668
reuters,"US-Israel attack on Iran — Khamenei dead, protests outside White House: Key events in the past 24 hours",2026-03-01 03:15:43+00:00,https://indianexpress.com/article/world/us-israel-attacks-iran-khamenei-dead-timeline-key-events-10558509/,news,israel attack iran khamenei dead protest outside white house key event past hour 200 iranian dead flight disrupted multiple airport unsc emergency meeting key event past hour iran supreme leader ayatollah ali khamenei killed israeli strike iranian state medium confirmed early sunday announcement followed united state donald trump claim 5718,4,Geopolitical Alliances & Reactions,-0.9423,0.092,0.588,0.32,Negative,-0.05000000000000001,0.38749999999999996
reuters,Is Iran expanding attacks to target energy and civilian sites in the Gulf?,2026-03-03 14:23:12+00:00,https://www.aljazeera.com/news/2026/3/3/is-iran-expanding-attacks-to-target-energy-and-civilian-sites-in-the-gulf,news,iran expanding attack target energy civilian site gulf gulf country accused iran targeting civilian infrastructure hotel tension escalate region hour israel united state launched attack iran saturday tehran launched retaliatory strike israel military asset located several gulf country iran since 8526,4,Geopolitical Alliances & Reactions,-0.4215,0.194,0.578,0.228,Negative,-0.05,0.05
reuters,"Marches for International Women’s Day denounce war, abuse and oppression",2026-03-08 20:58:20+00:00,https://www.aljazeera.com/news/2026/3/8/marches-for-international-womens-day-denounce-war-abuse-and-oppression,news,march international woman denounce war abuse oppression march 115th anniversary iwd place focus issue like israeli war iran trump link epstein thousand demonstrator taken street around mark international womens taking stand number issue including israeli war iran gender based viol 3968,6,Media Narratives & Propaganda,-0.9477,0.068,0.606,0.326,Negative,0.0,0.0
reuters,Trump admin offers scant evidence on Iranian threat in ‘America First’ war,2026-03-03 13:01:03+00:00,https://www.aljazeera.com/news/2026/3/3/trump-admin-offers-scant-evidence-on-iranian-threat-in-america-first-war,news,trump admin offer scant evidence iranian threat america first war war power legislation talk reignite democrat push back trump justification preemptive strike iran washington israeli military expand strike iran administration donald trump alternated justification war preventing immediate 9101,1,Diplomatic Efforts & Peace Talks,-0.9423,0.045,0.583,0.373,Negative,0.049999999999999996,0.14444444444444446
reuters,How Trump’s unchecked power has changed the world,2026-03-15 12:30:24+00:00,https://www.aljazeera.com/news/2026/3/15/how-trumps-unchecked-power-has-changed-the-world,news,trump unchecked power changed diplomatic norm law institution proven hindrance really anything want decision united state donald trump launch war iran left many international law expert questioning order established war actually working 9735,3,Civilian Casualties & Humanitarian,-0.8187,0.101,0.624,0.275,Negative,0.13999999999999999,0.15999999999999998
reuters,"How US-Israel attacks on Iran threaten the Strait of Hormuz, oil markets",2026-03-01 11:56:22+00:00,https://www.aljazeera.com/news/2026/3/1/how-us-israel-attacks-on-iran-threaten-the-strait-of-hormuz-oil-markets,news,israel attack iran threaten strait hormuz oil market percent global oil gas supply shipped strait hormuz israeli attack iran triggered swift retaliatory attack tehran targeting asset multiple middle east country including israel qatar united arab emirate kuwai 6069,4,Geopolitical Alliances & Reactions,-0.7003,0.142,0.62,0.238,Negative,0.0,0.0
reuters,Oil Price Today (March 24): Crude oil reclaims $100 despite Donald Trump postponing attack on Iranian energy. Here’s why,2026-03-24 02:21:27+00:00,https://economictimes.indiatimes.com/markets/commodities/news/oil-price-today-march-24-crude-oil-reclaims-100-despite-donald-trump-postponing-attack-on-iranian-energy-heres-why/articleshow/129765708.cms,news,oil price today march crude oil reclaims 100 despite donald trump postponing attack iranian energy oil price climbed tuesday supply worry returned iran denied talk contradicting trump statement brent crude rose 101 barrel wti rebound follows monday sharp selloff concern strait oil price moved higher early tuesday trade supply concern resurfaced iran denied engaging talk united state end gulf conflict pushed back preside 2201,1,Diplomatic Efforts & Peace Talks,-0.9445,0.103,0.616,0.282,Negative,-0.02187499999999999,0.65
reuters,"US-Israel vs Iran war: US destroys 17 Iranian vessels as Saudi, UAE intercept drones; Middle East tensions soar",2026-03-04 06:10:20+00:00,https://indianexpress.com/article/world/us-israel-vs-iran-conflict-whatshappening-in-the-middle-east-10564235/,news,israel iran war destroys iranian vessel saudi uae intercept drone middle east tension soar trump claimed tehran wanted negotiation late military operation continued conflict middle east intensified last hour across multiple front indicating dangerous escalation israel iran war struck 700 target 6407,4,Geopolitical Alliances & Reactions,-0.9643,0.0,0.624,0.376,Negative,-0.14285714285714285,0.23809523809523808
reuters,"FBI director Kash Patel’s emails, photos hacked by Iran-linked group",2026-03-27 17:15:39+00:00,https://www.aljazeera.com/news/2026/3/27/fbi-director-kash-patels-emails-photos-hacked-by-iran-linked-group,news,fbi director kash patel email photo hacked iran linked group vigilante group handala hack team successfully gained access patel personal email account group iran linked hacker successfully gained access personal email kash patel director federal bureau investigation fbi sharing photograph 1638,0,Military Operations & Strikes,0.8934,0.276,0.672,0.052,Positive,0.375,0.625
reuters,Here are the weapons America used to strike Iran — and shield against retaliation,2026-02-28 15:16:47+00:00,https://www.businessinsider.com/us-weapons-used-to-attack-iran-fend-off-retaliation-2026-2,news,weapon america used strike iran shield retaliation tomahawk cruise missile patriot air defense battery used range weapon latest middle east fight warship involved air defense operation saturday navy photo military used range weapon including missile drone strike iran saturday 3141,2,Economic Impact & Oil Markets,-0.836,0.063,0.647,0.29,Negative,0.13333333333333333,0.3333333333333333
reuters,"Photos of the Week: Reindeer Sprint, Iditarod Trail, Tattoo Festival",2026-03-13 14:00:00+00:00,https://www.theatlantic.com/photography/2026/03/photos-of-the-week/686352/,news,photo reindeer sprint iditarod trail tattoo festival fashion show paris continued fighting across middle east scene 2026 winter paralympics much alexey pavlishak cat walk among tiny car zoo park miniature bakhchisaray crimea march 2026 ina fassbender afp getty visitor walk installa 5374,2,Economic Impact & Oil Markets,0.1779,0.07,0.875,0.055,Positive,0.06666666666666667,0.2333333333333333
reuters,"U.S. must admit responsibility for deadly airstrike on Iranian school if at fault, says Republican",2026-03-11 22:22:11+00:00,https://www.cbc.ca/news/world/iran-school-strike-preliminary-investigation-9.7124641,news,must admit responsibility deadly airstrike iranian school fault republican republican senator must pretend iran school strike happen admit mistake fact military responsible attack republican senator must pretend iran school strike happen admit mistake fact military responsible attack sen thom tillis rep 5634,0,Military Operations & Strikes,-0.8176,0.174,0.487,0.339,Negative,-5.551115123125783e-18,0.34
reuters,Israel's defence minister says military plans occupy swathe of southern Lebanon,2026-03-24 18:46:23+00:00,https://www.cbc.ca/news/world/israel-army-lebanon-south-9.7140329,news,israel defence military plan occupy swathe southern lebanon israel occupy southern lebanon litani river create defensive buffer defence israel katz tuesday spelling first israel intent seize territory amounting nearly tenth lebanon israel occupy southern lebanon litani river create defensive buffer defence israel katz tuesday spelling first israel intent seize terri 5093,3,Civilian Casualties & Humanitarian,0.6808,0.194,0.806,0.0,Positive,0.07142857142857142,0.16666666666666669
reuters,There's no proof Iran bombed Minab girls' school. Evidence points to likely US role,2026-03-07 14:00:00+00:00,https://www.snopes.com//news/2026/03/07/iran-girls-school-strike/,news,proof iran bombed minab girl school evidence point likely role missile strike hit girl school iran feb 2026 united state israel launched offensive following destruction girl primary school minab iran feb 2026 many social medium claimed attack result failed missile launch iranian 14860,4,Geopolitical Alliances & Reactions,-0.8834,0.078,0.656,0.266,Negative,0.07222222222222223,0.41111111111111115
reuters,Who could succeed Ayatollah Ali Khamenei to lead Iran?,2026-03-01 12:11:24+00:00,https://www.aljazeera.com/news/2026/3/1/who-could-succeed-ayatollah-ali-khamenei-to-lead-iran,news,succeed ayatollah ali khamenei lead iran ayatollah ali khamenei assassination brings iran cleric colossal task picking successor assassination iran supreme leader ayatollah ali khamenei israeli air attack thrust tehran pivotal crossroad clergy look pick late ayatollah successor 7613,6,Media Narratives & Propaganda,-0.3182,0.202,0.59,0.208,Negative,0.16666666666666666,0.7333333333333334
reuters,"Iran attacks US Embassy in Riyadh, Trump warns of ‘US response’",2026-03-03 05:49:29+00:00,https://indianexpress.com/article/world/iran-attacks-us-embassy-in-riyadh-trump-warns-of-us-response-10562217/,news,iran attack embassy riyadh trump warns response embassy riyadh hit suspected drone trump warns response death six service member iran retaliation following joint israel strike began saturday killed country supreme leader ayatollah ali khamenei several senior iranian intensified 2157,4,Geopolitical Alliances & Reactions,-0.9022,0.069,0.593,0.338,Negative,-0.06666666666666667,0.03333333333333333
reuters,"U.S. And Israel Strike Iran, Trump Confirms—Supreme Leader Still Alive, Iran’s Foreign Minister Says (Live Updates)",2026-02-28 17:39:22+00:00,https://www.forbes.com/sites/mikestunson/2026/02/28/us-and-israel-strike-iran-trump-confirms-supreme-leader-still-alive-irans-foreign-minister-says-live-updates/,news,israel strike iran trump confirms supreme leader still alive iran foreign live update united state joined israel country began major combat operation iran initiated counter strike israel launched strike iran saturday donald trump announced major combat operation overthrow tehran leadership following week military buildup regi 8063,4,Geopolitical Alliances & Reactions,0.3847,0.183,0.645,0.172,Positive,0.01948051948051948,0.3178571428571429
reuters,"Netanyahu is alive, despite rumors he was killed by Iranian missile",2026-03-16 16:09:00+00:00,https://www.snopes.com//fact-check/netanyahu-alive-coffee-video/,news,netanyahu alive despite rumor killed iranian missile israeli prime benjamin netanyahu killed iranian missile attack israel early march 2026 claim israeli prime benjamin netanyahu killed iranian missile attack israel early march 2026 march 2026 widespread rumor circulated online iranian missile 7817,1,Diplomatic Efforts & Peace Talks,-0.8753,0.11,0.621,0.27,Negative,-0.05000000000000001,0.16666666666666666
reuters,US Patriot missile linked to civilian injuries in Bahrain – Reuters,2026-03-23 10:32:30+00:00,https://www.rt.com/news/635903-patriot-missile-bahrain-reuters/,news,patriot missile linked civilian injury bahrain civilian injury bahrain initially attributed iranian drone strike caused interception full com fired patriot missile connected injury dozen civilian bahrain march sunday washington manama initially attributed casualty irania 1859,4,Geopolitical Alliances & Reactions,-0.9423,0.0,0.632,0.368,Negative,0.11666666666666665,0.18333333333333335
reuters,The US-Israeli strategy against Iran is working. Here is why,2026-03-16 13:39:55+00:00,https://www.aljazeera.com/opinions/2026/3/16/the-us-israeli-strategy-against-iran-is-working-here-is-why,news,israeli strategy iran working every aspect iran ability project regional power successfully degraded week operation epic fury dominant narrative settled comfortable groove united state israel stumbled war without plan iran retaliating across regio 13146,5,Nuclear Programme & Regime Change,0.0516,0.237,0.551,0.212,Positive,0.4166666666666667,0.7166666666666668
reuters,Video of massive fire isn't from Iranian strike on Dubai International Airport. Here's how we know,2026-03-18 13:00:00+00:00,https://www.snopes.com//fact-check/dubai-airport-fire-video-ajmam/,news,video massive fire iranian strike dubai international airport know video giant fire cloud smoke engulfing building authentically show aftermath iranian missile strike fuel tank dubai international airport march 2026 claim video giant fire cloud smoke engulfing building authentically show aftermath iranian missile strike fuel tank dubai international airport march 2026 5995,4,Geopolitical Alliances & Reactions,-0.8271,0.0,0.794,0.206,Negative,0.0,0.5
reuters,Israel Declares State of Emergency as Iran Fires Missiles,2026-02-28 12:52:32+00:00,https://www.dailysignal.com/2026/02/28/israel-declares-state-of-emergency-as-iran-fires-missiles/,news,israel declares state emergency iran fire missile israel banned public gathering shut school workplace moved hospital patient underground facility saturday tehran launched missile toward israel retaliation post israel declares state emergency iran reutersisrael banned public gathering shut school workplace moved hospital patient underground facility saturday tehran launched missile toward israel retaliation 2582,4,Geopolitical Alliances & Reactions,-0.891,0.049,0.731,0.221,Negative,0.0,0.06666666666666667
reuters,"How many countries has the US bombed since 2001, and how much has it cost?",2026-03-03 15:29:02+00:00,https://www.aljazeera.com/news/2026/3/3/how-many-countries-has-the-us-bombed-since-2001-and-how-much-has-it-cost,news,many country bombed since 2001 much cost since engaged full scale war bombing least country four president despite promising end united state involvement costly destructive foreign war donald trump together israel launched massive military assault iran targeting 5299,4,Geopolitical Alliances & Reactions,-0.9545,0.077,0.529,0.394,Negative,0.01388888888888886,0.44166666666666665
reuters,"Israel kills senior Iranian naval officials, Trump continues threats to Tehran to negotiate",2026-03-26 13:58:19+00:00,https://www.cbc.ca/news/world/trump-iran-truce-deal-9.7142669,news,israel kill senior iranian naval trump continues threat tehran negotiate donald trump warned iranon thursday serious deal end nearly four week fighting foreign tehran reviewing proposal talk winding war donald trump warned iran thursday serious deal end nearly four week fighting foreign tehran reviewing proposal 5591,1,Diplomatic Efforts & Peace Talks,-0.9674,0.0,0.609,0.391,Negative,-0.11944444444444445,0.3972222222222222
reuters,Iranian missiles shake Gulf states after US and Israel strike Tehran,2026-02-28 20:13:55+00:00,https://www.abc.net.au/news/2026-03-01/iran-missiles-shake-gulf-states-after-us-israel-strike-tehran/106401498,news,iranian missile shake gulf state israel strike tehran bahrain qatar jordan israel targeted iran donald trump strike aimed regime change iran retaliated launching missile drone across middle east israel launched strike aimed forcing regime change islamic republic donald trump called 6684,4,Geopolitical Alliances & Reactions,-0.4019,0.034,0.824,0.142,Negative,0.0,0.0
reuters,DHS funding lapse fuels fear of domestic attacks,2026-03-16 10:30:36+00:00,https://www.salon.com/2026/03/16/dhs-funding-lapse-fuels-fear-of-domestic-attacks/,news,dhs funding lapse fuel fear domestic attack worry partial shutdown leaf vulnerable amid war iran fear domestic attack united state mounting war iran intensifies partial shutdown department homeland security continues israel war iran 8018,1,Diplomatic Efforts & Peace Talks,-0.9747,0.091,0.401,0.508,Negative,-0.13999999999999999,0.26
reuters,Iran’s neighbours brace for fallout as war threatens new refugee crisis,2026-03-17 06:13:43+00:00,https://www.aljazeera.com/news/2026/3/17/irans-neighbours-prepare-for-fallout-as-war-threatens-new-refugee-crisis,news,iran neighbour brace fallout war threatens refugee crisis war engulfs iran neighbouring state quietly prepare potential refugee exodus across already fragile border islamabad pakistan war launched united state israel iran already killed 400 set retaliatory attack tehran targeting gulf nation israel 12388,4,Geopolitical Alliances & Reactions,-0.9741,0.068,0.521,0.411,Negative,-0.05,0.4583333333333333
reuters,Iran war: Houthis claim attack on Israel,2026-03-28 07:40:00+00:00,https://www.dw.com/en/iran-war-houthis-claim-attack-on-israel/live-76573681,news,iran war houthis claim attack israel yemen houthi rebel claimed attempted missile strike israel first attack since start war meanwhile troop injured iranian attack base saudi arabia donald trump reiterated disappointment nato alliesimage elizabeth frantz donald trump criticized german chancellor friedrich merz declining provide military sup 1158,6,Media Narratives & Propaganda,-0.9792,0.0,0.563,0.437,Negative,-0.25,0.3666666666666667
reuters,Bitcoin could see further downside risks as Iran attacks U.S. bases across Middle East,2026-02-28 10:26:03+00:00,https://www.coindesk.com/markets/2026/02/28/bitcoin-could-see-further-downside-risks-as-iran-attacks-u-s-bases-across-middle-east,news,bitcoin see downside risk iran attack base across middle east tehran launched wave missile drone targeting israel base gulf ally explosion dubai kuwait bahrain started israeli strike iran hour earlier escalated broadest middle eastern military conflict decade posing risk financial market including cryptocurrencies 2600,4,Geopolitical Alliances & Reactions,-0.8625,0.029,0.717,0.254,Negative,-0.24285714285714288,0.37142857142857144
reuters,Targeting mistake led to US missile strike on Iranian school: media reports,2026-03-11 21:41:51+00:00,https://www.abc.net.au/news/2026-03-12/us-behind-iran-girls-school-strike-media-reports/106444554,news,targeting mistake led missile strike iranian school medium report military investigation determined tomahawk missile struck iranian elementary school targeting mistake york time military investigation determined tomahawk missile struck iranian girl school targeting mistake york time newspaper citing offici 2159,0,Military Operations & Strikes,-0.7096,0.099,0.639,0.262,Negative,0.033333333333333326,0.3666666666666667
reuters,Both parties at odds with own voters over Middle East policy,2026-03-05 11:30:29+00:00,https://www.salon.com/2026/03/05/both-parties-at-odds-with-own-voters-over-middle-east-policy/,news,party odds voter middle east policy republican democrat carved unpopular position america role middle east donald trump joint invasion iran israel causing uproar across globe capitol hill thing cohesive might seem republican democra 9996,6,Media Narratives & Propaganda,0.4019,0.076,0.924,0.0,Positive,0.0,0.0
reuters,Israel destroyed more than 60% of Iran’s rocket launchers — as war expected to last at least 3 more weeks,2026-03-16 22:04:16+00:00,https://nypost.com/2026/03/16/us-news/israel-destroyed-more-than-60-of-irans-rocket-launchers-as-war-will-last-at-least-3-more-weeks/,news,israel destroyed iran rocket launcher war expected last least week 260 290 estimated 410 440 iranian launcher destroyed rendered combat ineffective since start joint israel military operation israeli military taken iran rocket launcher first week war least another week fighting expected 260 290 est 2636,3,Civilian Casualties & Humanitarian,-0.9618,0.0,0.648,0.352,Negative,-0.09374999999999999,0.27499999999999997
reuters,"Iran war: Houthis claim attack on Israel, Zelenskyy in UAE",2026-03-28 07:40:00+00:00,https://www.dw.com/en/iran-war-houthis-claim-attack-on-israel-zelenskyy-in-uae/live-76573681,news,iran war houthis claim attack israel zelenskyy uae yemen houthi rebel claimed attempted missile strike israel first attack war meanwhile ukraine volodymyr zelenskyy visited uae discus defense cooperation donald trump reiterated disappointment nato alliesimage elizabeth frantz donald trump criticized german chancellor friedrich merz declining provide military sup 1158,6,Media Narratives & Propaganda,-0.9657,0.024,0.615,0.361,Negative,-0.11249999999999999,0.20833333333333334
reuters,Is the Iran war really costing the US $2bn per day?,2026-03-09 13:03:35+00:00,https://www.aljazeera.com/news/2026/3/9/is-the-iran-war-really-costing-the-us-2bn-per-day,news,iran war really costing 2bn per pentagon yet released estimate cost war iran israel war iran continues escalate question raised much costing washington late last congressional source broadcaster 11935,1,Diplomatic Efforts & Peace Talks,-0.9136,0.0,0.69,0.31,Negative,0.02500000000000001,0.26666666666666666
reuters,Sri Lanka evacuates crew of second Iranian vessel after US sunk IRIS Dena,2026-03-05 19:49:29+00:00,https://www.aljazeera.com/news/2026/3/5/sri-lanka-evacuates-crew-of-second-iranian-vessel-after-us-sunk-iris-dena,news,sri lanka evacuates crew second iranian vessel sunk iris dena 200 crew member evacuated submarine sank iranian frigate leaving sailor dead sri lanka evacuated 200 crew member second iranian naval vessel coast submarine sank iranian frigate water leaving sailor dead 4129,0,Military Operations & Strikes,-0.8625,0.0,0.819,0.181,Negative,-0.1,0.2
reuters,Inside Operation Epic Fury and the intelligence efforts that led to the Iran strike,2026-03-03 18:40:30+00:00,https://www.abc.net.au/news/2026-03-04/how-the-israel-and-us-assault-on-iran-unfolded/106406578,news,inside operation epic fury intelligence effort led iran strike launched broad daylight week intelligence gathering israel attack iran designed ensure speed surprise violence action unfolded sun rose chilly winter morning iran supreme leader going daily activity inside compound ayatollah largely avoided public eye since june 10728,3,Civilian Casualties & Humanitarian,0.0516,0.243,0.532,0.225,Positive,0.059598214285714296,0.3947172619047619
reuters,"Iran images show destroyed buildings, impact craters, submerged ships",2026-03-02 01:55:06+00:00,https://www.abc.net.au/news/2026-03-02/satellite-images-from-iran-show-destroyed-buildings-craters-ship/106404608,news,iran image show destroyed building impact crater submerged ship satellite imagery giving insight scale destruction inside iran across region weekend heavy military bombardment israel iran satellite imagery giving insight scale destruction inside iran across region weekend heavy military bombardment israel iran iranian 2284,4,Geopolitical Alliances & Reactions,-0.7783,0.09,0.712,0.199,Negative,-0.15,0.30000000000000004
reuters,‘No endgame’: Why US Democrats say Iran war hearing has them worried,2026-03-11 01:32:39+00:00,https://www.aljazeera.com/news/2026/3/11/no-endgame-why-us-democrats-say-iran-war-hearing-has-them-worried,news,endgame democrat iran war hearing worried lawmaker white house clearly explained entered conflict long last group democrat united state senate demanding public hearing country war iran receiving series classified briefing donald trum 6231,1,Diplomatic Efforts & Peace Talks,-0.8271,0.12,0.569,0.311,Negative,0.009999999999999998,0.18333333333333332
reuters,Key moments from the first 48 hours of war in the Middle East,2026-03-02 07:26:10+00:00,https://www.abc.net.au/news/2026-03-02/key-moments-in-iran-israel-war-abc-verify/106405286,news,key moment first hour war middle east war middle east escalates abc verify gathered verified video satellite imagery early attempt piece together key event past hour iran israel united state engaged war fallout spreading across region abc verify iran israel united state engaged war fallout 6275,4,Geopolitical Alliances & Reactions,-0.765,0.17,0.588,0.241,Negative,0.014285714285714282,0.4119047619047619
reuters,Western silence allows Israel to get away with killing journalists,2026-03-21 09:24:00+00:00,https://www.rt.com/news/635719-israel-attacks-journalists-west-complicit/,news,western silence allows israel away killing journalist non reaction reporter narrow escape missile strike case point selective outrage western medium full com march war correspondent steve sweeney cameraman ali rida sbeity injured israeli strike meter stood southern lebanon sweeney camera reporting 5320,4,Geopolitical Alliances & Reactions,-0.9393,0.031,0.648,0.32,Negative,0.029999999999999992,0.19
reuters,"Israel and US attack Iran, sparking retaliatory strikes. Here's what we know",2026-02-28 11:31:32+00:00,https://www.abc.net.au/news/2026-02-28/what-we-know-about-the-israel-us-iran-strikes/106400988,news,israel attack iran sparking retaliatory strike know week anticipation israel fired first shot iran drawing sparking retaliatory strike hit several country week anticipation military asset building around middle east rhetoric possible strike iran israel fired first shot saturday morning local isra 3067,4,Geopolitical Alliances & Reactions,-0.8591,0.1,0.621,0.279,Negative,0.05714285714285715,0.2523809523809524
reuters,"Defiant Iran vows to keep fighting war with U.S. ""as long as it takes""",2026-03-10 11:00:14+00:00,https://www.cbsnews.com/live-updates/us-war-iran-israel-vow-fight-on-oil-prices-markets-react-trump-war-end-soon/,news,defiant iran vow keep fighting war long take market stem loss trump iran war end soon tehran prepared continue attacking indefinitely let oil leave gulf iran launched attack tuesday gulf arab country keep pressure region incoming missile siren sounded early morning dubai united arab emirate bahra 1077,4,Geopolitical Alliances & Reactions,-0.9501,0.095,0.537,0.368,Negative,0.025,0.35
reuters,How the war in Iran has bled into dozens of nations,2026-03-05 06:31:35+00:00,https://www.abc.net.au/news/2026-03-05/death-toll-mounts-as-war-spreads-beyond-iran/106413198,news,war iran bled dozen nation hundred killed war waged israel iran spread across middle east humanitarian body warn impact civilian open field dotted sheep goat 900 kilometre iranian capital tehran unexploded missile wedged ground prof curiosity syrian shepherd boy 17088,0,Military Operations & Strikes,-0.9287,0.0,0.724,0.276,Negative,-0.06666666666666667,0.16666666666666666
reuters,Iran shows Europe 'in reach' with longest-range ballistic missile launch,2026-03-24 02:58:17+00:00,https://www.abc.net.au/news/2026-03-24/iran-longest-ballistic-missiles-launch-range-europe-reach/106485468,news,iran show europe reach longest range ballistic missile launch iranian attempted attack military base indian ocean show tehran launch missile far 000km raising concern european city reach iran shown ballistic missile reach beyond middle east attempted attack remote indian ocean island hosting joint united state united kingdom military base tehran 7140,4,Geopolitical Alliances & Reactions,-0.0772,0.151,0.745,0.105,Negative,-0.225,0.42500000000000004
reuters,Trump and Iran trade threats over Kharg Island strikes,2026-03-14 11:46:34+00:00,https://www.abc.net.au/news/2026-03-14/trump-threatens-to-hit-kharg-island-oil-if-strait-blocked/106456162,news,trump iran trade threat kharg island strike donald trump threatens strike oil infrastructure iran kharg island hub unless tehran stopped attacking vessel strait hormuz donald trump threatened strike oil infrastructure iran kharg island hub unless tehran stopped attacking vessel strait hormuz warning shak 5424,1,Diplomatic Efforts & Peace Talks,-0.967,0.0,0.562,0.438,Negative,0.0,0.0
reuters,Photo shows graves of Iranian girls killed in Minab school attack,2026-03-04 23:07:00+00:00,https://www.snopes.com//fact-check/iran-minab-school-strikes-graves/,news,photo show graf iranian girl killed minab school attack contrary claim grok others image show grave site jakarta brazil claim photograph authentically show graf schoolchildren killed airstrikes minab iran feb 2026 united state israel launched large scale offensive iran target 7851,4,Geopolitical Alliances & Reactions,-0.9371,0.077,0.607,0.316,Negative,-0.061904761904761914,0.14285714285714285
reuters,Iran Indicates Khamenei’s Hardline Son Will Be Next Supreme Leader,2026-03-08 19:30:00+00:00,https://www.dailysignal.com/2026/03/08/iran-indicates-khameneis-hardline-son-will-be-next-supreme-leader/,news,iran indicates khamenei hardline son next supreme leader parisa hafezi maayan lubell dubai jerusalem march iran sunday indicated chosen ayatollah ali khamenei son mojtaba successor post iran indicates khamenei hardline son next supreme leader parisa hafezi maayan lubell dubai jerusalem march iran sunday indicated chosen ayatollah ali khamenei son mojtaba successor israel struck fuel depot 5255,2,Economic Impact & Oil Markets,0.8402,0.172,0.797,0.031,Positive,0.0,0.0
reuters,When will the war in Iran end? It depends on who you ask,2026-03-15 18:42:16+00:00,https://www.abc.net.au/news/2026-03-16/trump-and-hegseth-statements-on-middle-east-us-iran-war/106440354,news,war iran end depends ask week israel first struck iran donald trump timeline end goal war remain uncertain week war iran looking behind mirage word paint picture true intention goal behind war iran end 15062,1,Diplomatic Efforts & Peace Talks,-0.9517,0.055,0.553,0.391,Negative,-0.05000000000000002,0.5958333333333332
reuters,Tehran clerics vow to pick new leader as Trump threatens to hit Iran 'very hard',2026-03-07 20:05:38+00:00,https://www.abc.net.au/news/2026-03-08/trump-iran-threat-tehran-apology/106429254,news,tehran cleric vow pick leader trump threatens hit iran hard came iran masoud pezeshkian dismissed trump demand surrender dream apologised gulf state missile drone attack donald trump iran hit hard israel plan widen scope target complete destruction post truth social came iranian masoud 5389,1,Diplomatic Efforts & Peace Talks,-0.7906,0.105,0.643,0.252,Negative,-0.11250000000000002,0.3875
reuters,Trump demands 'unconditional surrender' from Iran as Israel targets Beirut,2026-03-06 17:24:13+00:00,https://www.abc.net.au/news/2026-03-07/donald-trump-says-no-iran-deal-except-unconditional-surrender-/106427078,news,trump demand unconditional surrender iran israel target beirut donald trump israeli deal iran involve tehran unconditional surrender hour iran claimed mediation effort underway donald trump demanded iran unconditional surrender israel vowed intensify strike tehran beirut middle east conflict enters second hostilites show 7295,1,Diplomatic Efforts & Peace Talks,-0.6369,0.0,0.844,0.156,Negative,0.0,0.0
reuters,Why Trump still needs to sell Iran war to U.S. voters,2026-03-03 09:00:00+00:00,https://www.cbc.ca/news/world/trump-iran-war-polls-domestic-politics-midterm-elections-9.7112198,news,trump still need sell iran war voter donald trump given american short list objective attacking iran come justification launching war conflict expected play team sending mixed message donald trump given american short list objective attacking iran come justification launching war conflict expected play 8862,2,Economic Impact & Oil Markets,-0.9552,0.077,0.564,0.359,Negative,-0.022222222222222223,0.20555555555555557
reuters,"US Embassies in Middle East Targeted by Drones, Mobs",2026-03-03 16:21:08+00:00,https://www.dailysignal.com/2026/03/03/us-embassies-in-middle-east-targeted-by-drones-mobs/,news,embassy middle east targeted drone mob iranian drone struck embassy riyadh saudi arabia resulting limited fire minor damage building post embassy middle east targeted drone mob appeared first daily sign iranian drone struck embassy riyadh saudi arabia resulting limited fire minor damage building injury strike 2803,0,Military Operations & Strikes,-0.9601,0.0,0.607,0.393,Negative,0.0008928571428571414,0.12738095238095237
reuters,Israel detects missile fired from Yemen as strikes on Iran continue,2026-03-28 06:44:15+00:00,https://www.channelnewsasia.com/world/yemen-missile-israel-houthi-iran-strikes-6022981,news,israel detects missile fired yemen strike iran continue involvement iran aligned houthis risk broadening conflict given ability strike target far beyond yemen rubio european asian country benefit trade strait hormuz vital choke point largely blocked iran contribute effort secure free passage 2575,6,Media Narratives & Propaganda,-0.34,0.221,0.502,0.278,Negative,0.17346938775510207,0.4612244897959184
reuters,What are Iran's ballistic missiles and 'kamikaze' drones capable of?,2026-03-02 19:08:27+00:00,https://www.abc.net.au/news/2026-03-03/iran-ballistic-missiles-suicide-drone-strikes-us-israel/106404180,news,iran ballistic missile kamikaze drone capable several country across middle east struck iranian missile drone retaliatory attack analyst tehran response far limited spending decade building largest diverse ballistic missile arsenal middle east iran weapon capability display large scale missile strike bee 8215,4,Geopolitical Alliances & Reactions,-0.7269,0.053,0.73,0.217,Negative,0.06326530612244899,0.2816326530612245
reuters,Israel expands Iran strikes as Tehran moves to name new supreme leader,2026-03-08 19:04:26+00:00,https://www.abc.net.au/news/2026-03-09/israel-expands-iran-strikes-as-tehran-moves-to-name-leader/106430340,news,israel expands iran strike tehran move name supreme leader israeli force expand bombardment iran striking fuel depot near tehran move closer naming supreme leader israeli force expanded bombardment iran striking fuel depot near tehran moved closer naming supreme leader member assembly expert group 7049,4,Geopolitical Alliances & Reactions,0.9186,0.269,0.704,0.028,Positive,0.30000000000000004,0.7
reuters,Israel says it launched pre-emptive attack against Iran,2026-02-28 06:39:00+00:00,https://www.channelnewsasia.com/world/israel-says-it-launched-pre-emptive-attack-against-iran-5960146,news,israel launched pre emptive attack iran state israel launched pre emptive attack iran remove threat state israel defence israel katz israel launched pre emptive attack iran saturday feb pushing middle east renewed military confrontation dimming hope diplomatic solution 1338,4,Geopolitical Alliances & Reactions,-0.7845,0.205,0.518,0.277,Negative,-0.05,0.05
reuters,"Israel, U.S. launch pre-emptive attack against Iran",2026-02-28 07:14:59+00:00,https://japantoday.com/category/world/israel-says-it-launched-pre-emptive-attack-against-iran2,news,israel launch pre emptive attack iran israel launched pre emptive attack iran saturday pushing middle east renewed military confrontation dimming hope diplomatic solution tehran long running nuclear dispute west york israel launched pre emptive attack iran saturday pushing middle east renewed military confrontation dimming hope diplomatic solution tehran 2598,4,Geopolitical Alliances & Reactions,-0.6369,0.2,0.552,0.248,Negative,-0.05,0.12
reuters,Explosions rock Tehran as clerical regime vows to avenge supreme leader,2026-03-01 12:56:48+00:00,https://www.abc.net.au/news/2026-03-01/explosions-in-tehran-as-temporary-supreme-leader-announced/106403122,news,explosion rock tehran clerical regime vow avenge supreme leader outrage attack targeting supreme leader ayatollah ali khamenei spilled neighbouring iraq pakistan crowd attempted storm american diplomatic mission explosion rocked tehran sunday iran clerical regime vowed avenge ayatollah ali khamenei died israel strike outrage attack spilled neighbouri 5700,4,Geopolitical Alliances & Reactions,-0.8658,0.112,0.608,0.279,Negative,0.0,0.0
reuters,Do Taliban’s drone attacks expose a chink in Pakistan’s armour?,2026-03-18 08:20:37+00:00,https://www.aljazeera.com/news/2026/3/18/do-talibans-drone-attacks-expose-a-chink-in-pakistans-armour,news,taliban drone attack expose chink pakistan armour conflict intensifies taliban drone challenge pakistan security response strategy expert islamabad pakistan evening march drone struck location across pakistan child wounded quetta civilian injured kohat rawalpindi garriso 14312,0,Military Operations & Strikes,-0.7906,0.085,0.645,0.27,Negative,0.0,0.0
reuters,"Without Providing Evidence, Trump Pins School Bombing on Iran",2026-03-10 20:47:20+00:00,https://www.factcheck.org/2026/03/without-providing-evidence-trump-pins-school-bombing-on-iran/,news,without providing evidence trump pin school bombing iran multiple outlet video satellite image expert analysis indicate united state likely responsible feb bombing iranian school young girl contradicting donald trump unsupported claim multiple outlet video satellite image expert analysis indicate united state likely responsible feb bombing iranian school young girl 7410,4,Geopolitical Alliances & Reactions,0.6369,0.172,0.743,0.084,Positive,0.075,0.4875
reuters,Report: Deep Intel on Khamenei’s Inner‑Circle Meeting Set Timing of U.S.-Israel Operation,2026-03-01 09:27:56+00:00,https://www.breitbart.com/politics/2026/03/01/report-deep-intel-on-khameneis-inner%e2%80%91circle-meeting-set-timing-of-u-s-israel-operation/,news,report deep intel khamenei inner circle meeting set timing israel operation israeli force moved forward assault iran intelligence confirmed supreme leader ali khamenei meeting senior adviser secure location triggering opening decapitation phase become largest joint israeli force moved forward assault iran intelligence confirmed supreme leader ali khamenei meeting senior adviser secure location triggering opening 2372,3,Civilian Casualties & Humanitarian,0.8625,0.25,0.646,0.104,Positive,0.26666666666666666,0.6277777777777778
reuters,Who in the Iranian leadership has been killed?,2026-03-19 01:13:14+00:00,https://www.abc.net.au/news/2026-03-19/who-in-iranian-leadership-has-been-killed/106471816,news,iranian leadership killed growing list iran top leadership reportedly killed ongoing strike israel united state israeli strike iran killed several senior political military figure country push regime change strike dubbed operation epic fury united 8527,4,Geopolitical Alliances & Reactions,-0.9274,0.166,0.438,0.396,Negative,-0.012500000000000004,0.1375
reuters,Israel has just set off a chain reaction that will set the Gulf on fire,2026-03-19 15:06:13+00:00,https://www.rt.com/news/635540-israel-iran-chain-reaction/,news,israel set chain reaction set gulf fire facing struggle survival iran making entire energy economy battleground full com march 2026 pattern unmistakable began war centered israel iran lebanon water around strait hormuz spilled decisively infrastructure 14722,5,Nuclear Programme & Regime Change,-0.8481,0.047,0.698,0.255,Negative,0.175,0.5875
reuters,"What you need to know about Iran today, with Matthew Doran",2026-03-19 19:30:54+00:00,https://www.abc.net.au/news/2026-03-20/iran-israel-war-daily-news-briefing/106467598,news,need know iran today matthew doran abc middle east correspondent matthew doran beirut providing daily update middle east war abc middle east correspondent matthew doran beirut giving daily update help quickly understand going exclusive interview iran australia sided 4508,2,Economic Impact & Oil Markets,0.1779,0.145,0.769,0.086,Positive,0.05555555555555555,0.08333333333333333
reuters,"One week into the Iran war, the fallout is global",2026-03-07 10:00:00+00:00,https://www.npr.org/2026/03/07/nx-s1-5739242/iran-war-oil-trump-israel-spain-economy-one-week,news,iran war fallout global war longer israel iran country getting caught political crossfire drawn fighting began last saturday coordinated attack iran israel sprawled wider conflict repercussion around american israeli military campaign set 7437,6,Media Narratives & Propaganda,-0.9403,0.0,0.641,0.359,Negative,-0.02,0.053333333333333344
reuters,Recriminations fly as Iran war spreads to gas fields,2026-03-19 14:38:39+00:00,https://theweek.com/world-news/recriminations-iran-war-gas-fields,news,recrimination fly iran war spread gas field iran warned nearby country continuing israeli strike happened israel wednesday struck iran part massive south par north dome natural gas field share qatar prompting iranian ballistic missile strike qatar main ener 2940,4,Geopolitical Alliances & Reactions,-0.6486,0.099,0.671,0.231,Negative,0.26666666666666666,0.6583333333333333
reuters,Trump says Iran war over 'very soon' after Hegseth warns 'just the beginning',2026-03-10 06:45:21+00:00,https://www.abc.net.au/news/2026-03-10/why-is-there-a-war-in-iran-new-leader-trump-explain/106435996,news,trump iran war soon hegseth warns beginning donald trump war iran soon still offered definitive end date conflict donald trump war iran soon still offered definitive end date conflict threatened hit iran time harder 6891,1,Diplomatic Efforts & Peace Talks,-0.9623,0.0,0.575,0.425,Negative,-0.1,0.0
reuters,11 times US presidents launched military operations without Congressional approval,2026-03-23 15:46:43+00:00,https://www.businessinsider.com/military-operations-presidents-ordered-without-congress-authorization,news,time president launched military operation without congressional approval israel war iran authorized congress many occasion history ordered large scale military operation without approval 187th regimental combat team awaits order korean war 1951keystone getty image ongoing war iran triggered debate congress war power 15053,6,Media Narratives & Propaganda,-0.9695,0.047,0.568,0.386,Negative,0.1285714285714286,0.28214285714285714
reuters,Trump Humiliated by New Poll Showing Nobody Believes His War Claims,2026-03-02 19:55:07+00:00,https://www.thedailybeast.com/donald-trump-humiliated-by-new-poll-showing-nobody-believes-his-war-claims/,news,trump humiliated poll showing nobody belief war claim donald trump surprise war iran cost trust majority american damning cnn poll found nearly six american donald trump surprise war iran cost trust majority american damning cnn poll found nearly six american oppose israel coordinate 4153,2,Economic Impact & Oil Markets,-0.8442,0.17,0.534,0.297,Negative,0.03333333333333333,0.13333333333333333
reuters,Trump’s War Story Blown Up by Damning Intel Leak,2026-03-17 10:35:12+00:00,https://www.thedailybeast.com/president-donald-trumps-iran-war-story-blown-up-by-damning-intel-leak/,news,trump war story blown damning intel leak donald trump intelligence definitely warned consequence attacking iran even claim nobody donald trump intelligence definitely warned consequence attacking iran even claim nobody seen coming werent supposed 2704,1,Diplomatic Efforts & Peace Talks,-0.743,0.217,0.43,0.353,Negative,0.0,0.5
reuters,Oil and gas prices are soaring. Some countries are ready with solar panels and EVs,2026-03-16 09:00:00+00:00,https://www.npr.org/2026/03/16/nx-s1-5732984/energy-iran-war-solar-pakistan-crisis-renewable-evs,news,oil gas price soaring country ready solar panel ev energy crisis grows country prepared renewable energy electric vehicle pakistan reduced reliance imported natural gas growth solar israeli war iran continues strait hormuz remains closed cutting quarter oil natural gas supply rest qatar shut liquified 5557,1,Diplomatic Efforts & Peace Talks,0.5719,0.267,0.577,0.157,Positive,-0.059999999999999984,0.45999999999999996
reuters,Trump Shrugs off Skyrocketing Gas Prices as Iran War Intensifies,2026-03-09 19:00:11+00:00,http://www.rollingstone.com/politics/politics-news/gas-prices-skyrocket-iran-war-trump-1235527435/,news,trump shrug skyrocketing gas price iran war intensifies donald trump suggested anyone worried oil gas price skyrocketing fool america war iran intensifies war always come home effect donald trump campaign iran already felt american form skyrocketing gas price lead inflation pile 3838,1,Diplomatic Efforts & Peace Talks,-0.9501,0.0,0.688,0.312,Negative,0.0,0.0
reuters,Will the US put ‘boots on the ground’ in Iran?,2026-03-04 08:36:45+00:00,https://www.aljazeera.com/features/2026/3/4/will-the-us-put-boots-on-the-ground-in-iran,news,put boot ground iran trump ruled ground troop iran expert expect targeted special ops invasion donald trump casually floated idea putting boot ground iran openly defied longstanding presidential taboo like every boo 5798,3,Civilian Casualties & Humanitarian,0.7096,0.187,0.813,0.0,Positive,-0.047619047619047616,0.6460317460317461
reuters,Democratic Leaders Avoid Criticizing Trump’s Iran War. Now Voters Will Have a Say.,2026-03-02 22:15:49+00:00,https://theintercept.com/2026/03/02/iran-war-democratic-primaries-trump/,news,democratic leader avoid criticizing trump iran war voter top democrat close aipac stick criticizing trump process failure primary candidate calling referendum war post democratic leader avoid criticizing trump iran war voter appeared first democratic voter wanted party leader give strong unanimous condemnation donald trump war iran probably disappointed leader liberal party inste 7056,6,Media Narratives & Propaganda,-0.9803,0.123,0.434,0.442,Negative,0.0861111111111111,0.5194444444444445
reuters,Trump’s endgame in Iran: Regime change without US ‘boots on the ground’,2026-03-04 18:16:44+00:00,https://www.aljazeera.com/news/2026/3/4/trumps-endgame-in-iran-regime-change-without-us-boots-on-the-ground,news,trump endgame iran regime change without boot ground analyst difficult impossible bring iranian system israeli air power alone washington hour united state israel unleashed bombing campaign iran saturday donald trump want war freedom 6648,1,Diplomatic Efforts & Peace Talks,-0.0258,0.186,0.626,0.188,Neutral,-0.5833333333333333,1.0
reuters,Khamenei's death brings Khomeini's grandson into focus...,2026-03-02 15:40:36+00:00,https://www.al-monitor.com/originals/2026/03/khameneis-death-brings-khomeinis-grandson-focus,news,khamenei death brings khomeini grandson focus march grandson ayatollah ruhollah khomeini late founder islamic republic iran likely figure prominently deliberation cleric determine replaces ayatollah ali khamenei supreme leader march grandson ayatollah ruhollah khomeini late founder islamic republic iran likely figure prominently deliberation cleric determine 5443,1,Diplomatic Efforts & Peace Talks,-0.0772,0.071,0.851,0.077,Negative,0.06666666666666667,0.8666666666666667
reuters,"""Iran Is Playing the Long Game"": Prof. Vali Nasr on What to Expect from Protracted War in Middle East",2026-03-19 12:12:55+00:00,https://www.democracynow.org/2026/3/19/vali_nasr_iran_middle_east,news,iran playing long game prof vali nasr expect protracted war middle east major escalation war middle east israel bombed iran south par gas field largest known natural gas reserve leading iran attack energy site across gulf iranian american professor international affair nermeenshaikh major escalation israeli war iran israel bombed iran south par gas field largest known natural gas reserve iran responded attacking key 19235,4,Geopolitical Alliances & Reactions,-0.9089,0.108,0.669,0.223,Negative,-0.01136363636363636,0.32727272727272727
reuters,Who is Iran’s Supreme Leader Khamenei and why is he a possible target?,2026-02-28 09:06:06+00:00,https://www.aljazeera.com/news/2026/2/28/who-is-irans-supreme-leader-khamenei-and-why-is-he-a-possible-target,news,iran supreme leader khamenei possible target trump previously khamanei worried urging iranian overthrow united state israel waged round attack iran derailing negotiation iran nuclear programme raising question effort target country security 4093,1,Diplomatic Efforts & Peace Talks,0.5423,0.214,0.657,0.129,Positive,-0.12222222222222223,0.5222222222222223
reuters,Climate change is the latest weapon in warfare. Trump is indulging it,2026-03-17 10:30:22+00:00,https://www.salon.com/2026/03/17/climate-change-is-the-latest-weapon-in-warfare-trump-is-indulging-it/,news,climate change latest weapon warfare trump indulging iran war show fossil fuel conflict planetary crisis inseparable donald trump ordered bomb dropped iran visited whataburger corpus christi texas several seemingly innocuous stop lone star state 11070,2,Economic Impact & Oil Markets,-0.9648,0.0,0.549,0.451,Negative,0.25,0.45
reuters,"Trump cheers death of Iran’s Supreme leader Khamenei, says strikes will continue",2026-03-01 03:04:12+00:00,https://indianexpress.com/article/world/trump-death-iranian-leader-strikes-continue-10558538/,news,trump cheer death iran supreme leader khamenei strike continue trump monitoring operation mar lago oceanfront resort florida posted saturday afternoon iranian supreme leader ayatollah ali khamenei died strike donald trump saturday celebrated israeli airstrikes killed iran leader warned attack continue strike trump aimed destroying iranian 5470,1,Diplomatic Efforts & Peace Talks,-0.8442,0.196,0.455,0.349,Negative,-0.01666666666666668,0.25
reuters,"The Download: The Pentagon’s new AI plans, and next-gen nuclear reactors",2026-03-18 12:38:00+00:00,https://www.technologyreview.com/2026/03/18/1134371/the-download-the-pentagons-new-ai-plans-and-next-gen-nuclear-reactors/,news,download pentagon plan next gen nuclear reactor today edition download weekday newsletter provides daily dose going technology pentagon planning company train classified data defense pentagon plan set shelf technologystarlink terminal plug play nautical autopilot high resolution video camerasmay advancing cat mouse game phase uncrewed sub move 1284,1,Diplomatic Efforts & Peace Talks,0.4404,0.08,0.92,0.0,Positive,-0.060000000000000005,0.23500000000000001
reuters,Pakistan ‘ready to host US-Iran talks’: Can latest peace push work?,2026-03-24 13:42:11+00:00,https://www.aljazeera.com/news/2026/3/24/pakistan-ready-to-host-us-iran-talks-can-latest-peace-push-work,news,pakistan ready host iran talk latest peace push work pakistan turkiye egypt trying broker talk analyst caution chasm iran remains wide islamabad pakistan ministry foreign affair pakistan ready host talk united state iran amid donald trump claim ongoing negotiation 14270,1,Diplomatic Efforts & Peace Talks,0.8834,0.239,0.761,0.0,Positive,0.135,0.485
reuters,The US burned through more of its limited Tomahawk stockpile in strikes on Iran. It might need them in a war with China.,2026-03-01 10:09:02+00:00,https://www.businessinsider.com/us-burned-through-more-tomahawks-iran-may-need-for-china-2026-3,news,burned limited tomahawk stockpile strike iran might need war china navy tomahawk cruise missile used heavily recent conflict deepening strain stockpile navy warship fired tomahawk missile attack iran saturday burning limited stockpile american force might need conflict well armed adversary 6202,2,Economic Impact & Oil Markets,-0.959,0.037,0.515,0.448,Negative,-0.03571428571428571,0.13392857142857142
reuters,How some ships are still getting through the Strait of Hormuz as Iran war drags on,2026-03-27 19:42:50+00:00,https://www.cbc.ca/news/world/strait-of-hormuz-ships-passing-through-9.7142466,news,ship still getting strait hormuz iran war drag strait hormuz closed marine traffic due war expert iran appears letting select number ship pas country aligned aggressor strait hormuz closed marine traffic expert iran appears letting select number ship pas country aligned aggressor 4458,1,Diplomatic Efforts & Peace Talks,-0.8934,0.05,0.694,0.256,Negative,-0.10625000000000001,0.16145833333333334
reuters,Iran didn't release list of 11 US cities it plans to target in attacks,2026-03-18 18:35:00+00:00,https://www.snopes.com//fact-check/iran-us-cities-list-targets/,news,iran release list city plan target attack list city authentically represents location iran plan target military attack released islamic republic early 2026 claim list city authentically represents location iran plan target military attack released islamic republic early 2026 mid march 2026 social medium user 7202,4,Geopolitical Alliances & Reactions,-0.8519,0.0,0.819,0.181,Negative,0.005555555555555556,0.14444444444444446
reuters,Former NATO chief says he doesn't think allies will be pulled further into Middle East conflict,2026-03-14 08:00:00+00:00,https://www.cbc.ca/news/politics/nato-iran-israel-us-war-9.7127634,news,former nato chief think ally pulled middle east conflict former secretary general nato think ally pulled conflict middle east concerned ongoing war iran benefit russia economy take attention away invasion former secretary general nato think ally pulled conflict middle east concerned ongoing war iran benefit russia econo 3911,6,Media Narratives & Propaganda,-0.8271,0.097,0.665,0.238,Negative,0.012500000000000004,0.125
reuters,"NATO backs US-Israel war effort — but won’t join, secretary-general vows",2026-03-03 17:58:19+00:00,https://nypost.com/2026/03/03/us-news/nato-backs-us-israel-war-effort-but-wont-join-secretary-general-vows/,news,nato back israel war effort join secretary general vow nato secretary general mark rutte monday praised joint israeli war effort islamic republic nato involved nato secretary general mark rutte monday praised joint israeli war effort islamic republic nato involved really important 2038,6,Media Narratives & Propaganda,-0.4601,0.186,0.61,0.204,Negative,0.11000000000000001,0.5
reuters,The Risky Politics of Trump’s New War With Iran,2026-03-01 20:50:24+00:00,http://nymag.com/intelligencer/article/political-risks-trump-iran-war-public-opinion-polling-midterms.html,news,risky politics trump war iran american view trump iran war partisan lens supporter likely back multiple way backfire swing voter kilgore writes take immensity donald trump war iran israeli military strike scope conflict iran retaliates target across middle east risk 4502,4,Geopolitical Alliances & Reactions,-0.946,0.039,0.606,0.356,Negative,-0.016666666666666666,0.18333333333333335
reuters,Posts claim Trump is giving Iran $14B 'handout' for oil. We drilled into rumor,2026-03-25 10:00:00+00:00,https://www.snopes.com//news/2026/03/25/trump-iran-oil-handout/,news,post claim trump giving iran 14b handout oil drilled rumor treasury announcement lifting sanction purchase iranian oil came war continued disrupt shipment middle east claim donald trump give iran billion handout oil circulated online march 2026 rumor spread treasury lifted 11413,1,Diplomatic Efforts & Peace Talks,0.0258,0.128,0.789,0.083,Neutral,0.0,0.0
reuters,Trump dismisses negative polling on Iran attack,2026-03-02 23:19:06+00:00,https://www.rt.com/news/633558-trump-dismisses-iran-poll/,news,trump dismisses negative polling iran attack donald trump brushed aside poll indicating american support war iran full com donald trump dismissed poll indicating majority american disapprove decision attack iran cnn poll suggests american support initial 1201,1,Diplomatic Efforts & Peace Talks,-0.8555,0.11,0.61,0.28,Negative,0.007142857142857141,0.15
reuters,Oil for over $100 a barrel ‘very small price to pay’ for Iran war – Trump,2026-03-09 04:00:10+00:00,https://www.rt.com/news/634212-oil-100-barrel-small-price/,news,oil 100 barrel small price pay iran war trump spike oil price deter war iran donald trump full com surge oil price stop waging war iran donald trump brent shot past 100 per barrel sunday marking biggest daily gain since 1793,6,Media Narratives & Propaganda,-0.8979,0.063,0.652,0.285,Negative,-0.037500000000000006,0.30000000000000004
reuters,The New Forever War in Iran Keeps the Dog Wagging,2026-03-24 14:52:55+00:00,https://reason.com/2026/03/26/a-tail-wagging-a-dog-forever/,news,forever war iran keep dog wagging domestic political us foreign war press engaged war iranor least warlike behavior including taking much sitting killing iran supreme leader ayatollah ali khamenei sev 5648,1,Diplomatic Efforts & Peace Talks,-0.8957,0.133,0.527,0.34,Negative,-0.045,0.185
reuters,Pair arrested after trying to enter naval base hosting UK's nuclear submarines,2026-03-20 21:21:02+00:00,https://www.abc.net.au/news/2026-03-21/pair-arrested-at-scottish-naval-base-housing-uk-submarines/106481034,news,pair arrested trying enter naval base hosting nuclear submarine man woman arrested trying enter naval base clyde thursday scottish police iranian arrested attempting enter royal navy base britain nuclear submarine based scottish police pair 1290,6,Media Narratives & Propaganda,-0.8519,0.0,0.775,0.225,Negative,-0.8000000000000002,1.0
reuters,"Russian weapons, tactics seen in Ukraine are shaping Myanmar’s civil war",2026-03-24 23:43:51+00:00,https://www.aljazeera.com/news/2026/3/24/russian-weapons-tactics-seen-in-ukraine-are-shaping-myanmars-civil-war,news,russian weapon tactic seen ukraine shaping myanmar civil war russian role felt myanmar aircraft wave conscript launching meat assault infamous ukraine russian supplied airpower intelligence battlefield tactic drawn war ukraine helping myanmar military turn tide civil war entering sixth china 13289,3,Civilian Casualties & Humanitarian,-0.9432,0.09,0.563,0.346,Negative,-0.12,0.22000000000000003
reuters,Russia Reportedly Helps Iran Target American Troops,2026-03-06 17:05:49+00:00,https://dailycaller.com/2026/03/06/russia-reportedly-helps-iran-target-american-troops-middle-east/,news,russia reportedly help iran target american troop russia providing iran intelligence target american warship aircraft middle east dragging nuclear rival war russia reportedly feeding iran intelligence whereabouts american military force middle east pulling nuclear armed power widening conflict moscow supplied 2485,2,Economic Impact & Oil Markets,0.25,0.172,0.676,0.153,Positive,-0.016666666666666666,0.016666666666666666
reuters,Iran Strike: Democrats call for immediate Vote on Trump War Powers,2026-03-01 05:06:05+00:00,https://www.juancole.com/2026/03/israel-democrats-immediate.html,news,iran strike democrat call immediate vote trump war power consensus another interminable war middle east senate democratic whip dick durbin illinois jacob fischler jane norman michigan advance washington democratic lawmaker called saturday congress weigh donald trump order launching major combat operation ira 11458,2,Economic Impact & Oil Markets,-0.9359,0.0,0.713,0.287,Negative,0.03125,0.25
reuters,This Is How Forever Wars Begin,2026-03-19 20:19:52+00:00,https://newrepublic.com/article/208007/iran-forever-war-trump-200-billion,news,forever war begin final george bush second term administration asked congress 190 billion continue funding war iraq afghanistan long since turned quagmire wednesday pentagon asked white house right war waged via massive airstrikes assassination whether pentagon gearing something analogous iraqboots ground conflict drag 1984,6,Media Narratives & Propaganda,-0.9628,0.0,0.657,0.343,Negative,0.019387755102040816,0.4295068027210884
reuters,Trump sends Iran 15-point ultimatum – media,2026-03-25 14:59:09+00:00,https://www.rt.com/news/636173-trump-iran-peace-proposal/,news,trump sends iran point ultimatum medium reportedly presented iran proposal demanding dismantle nuclear program agree open strait hormuz full com sent iran point peace proposal demanding dismantlement nuclear program curb missile end support regional ally israeli medium outlet report 2330,1,Diplomatic Efforts & Peace Talks,0.7096,0.183,0.737,0.08,Positive,0.175,0.525
reuters,Kamala Harris doesn’t want regime change in Iran: ‘Dangerous and unnecessary’,2026-03-01 03:03:30+00:00,https://nypost.com/2026/02/28/us-news/kamala-harris-rips-trump-over-iran-attack-a-war-american-people-do-not-want/,news,kamala harris want regime change iran dangerous unnecessary former democratic party presidential nominee accused trump lying putting american troop harm way kamala harris joined far left dems stating support regime change iran former vice posted critique operation epic fury donald tru 4381,3,Civilian Casualties & Humanitarian,-0.8807,0.118,0.601,0.281,Negative,-0.1,0.39999999999999997
reuters,"Trump admin considering deploying troops to Iranian shores along Strait of Hormuz, Kharg Island: report",2026-03-19 03:37:56+00:00,https://nypost.com/2026/03/18/us-news/trump-admin-considering-deploying-troops-to-iranian-shores-along-strait-of-hormuz-kharg-island-report/,news,trump admin considering deploying troop iranian shore along strait hormuz kharg island report possibility using troop secure iran stockpile highly enriched uranium discussed trump reportedly weighing deployment thousand additional troop middle east potentially used ground iran trump administration discu 2508,3,Civilian Casualties & Humanitarian,0.34,0.058,0.942,0.0,Positive,0.14,0.535
reuters,Former GOP Congressman disapproves of Trump's leaked peace plan,2026-03-25 20:23:25+00:00,https://www.rawstory.com/former-rep-congressman-disapproves-of-trump-s-leaked-peace-plan/,news,former gop congressman disapproves trump leaked peace plan former republican rep adam kinzinger criticized donald trump leaked point iran peace plan humiliating surrender make former barack obama nuclear deal look hawkish comparison proposal reportedly requires iran former republican rep adam kinzinger criticized donald trump leaked point iran peace plan humiliating surrender make former barack obama nuclear deal look haw 715,1,Diplomatic Efforts & Peace Talks,-0.4215,0.137,0.651,0.212,Negative,0.0,0.0
reuters,Iran war's damage to economy could worsen yet markets remain complacent,2026-03-22 18:37:41+00:00,https://www.abc.net.au/news/2026-03-23/energy-crisis-oil-price-iran-war-share-markets/106483532,news,iran war damage economy worsen yet market remain complacent market benign assessment iran war wrong damage global economy worse market worried war iran couple week ago wrote getting wrong still complacent day ago internatio 8002,6,Media Narratives & Propaganda,-0.9851,0.038,0.368,0.594,Negative,-0.35,0.6
reuters,"Investigating claim US troops were told Iran war is for 'Armageddon,' return of Jesus",2026-03-03 22:45:00+00:00,https://www.snopes.com//news/2026/03/03/us-troops-iran-armageddon-jesus/,news,investigating claim troop iran war armageddon return jesus commander reportedly donald trump anointed jesus light signal fire iran march 2026 claim circulated online military commander troop israeli strike iran part christian war bring armageddon ret 8389,1,Diplomatic Efforts & Peace Talks,-0.8934,0.0,0.732,0.268,Negative,0.10000000000000002,0.26666666666666666
reuters,How deeply have Trump’s Iran strikes split America?,2026-03-03 11:32:26+00:00,https://www.rt.com/news/633603-us-divide-trump-iran/,news,deeply trump iran strike split america break public capitol hill reaction middle east war launched day election season full com donald trump order attack iran drawn mixed reaction among american poll showing clear public split statement lawmaker exposing division within 7068,6,Media Narratives & Propaganda,-0.7759,0.082,0.701,0.217,Negative,0.056249999999999994,0.21458333333333332
reuters,Hegseth Pronounces ‘Weakness’ and ‘Wokeness’ Dead in US Military,2026-02-27 23:40:09+00:00,https://www.dailysignal.com/2026/02/27/hegseth-pronounces-weakness-and-wokeness-dead-in-us-military/,news,hegseth pronounces weakness wokeness dead military camden ark secretary war pete hegseth toured key weapon manufacturing facility friday delivered message military dominance military operation post hegseth pronounces weakness wokeness dead militar camden ark secretary war pete hegseth toured key weapon manufacturing facility friday delivered message military dominance military operation iran appears grow 2485,3,Civilian Casualties & Humanitarian,-0.9744,0.049,0.589,0.362,Negative,-0.09999999999999999,0.3666666666666667
reuters,US and Israel Launch Attack on Iran,2026-02-28 16:20:46+00:00,https://www.vanityfair.com/news/story/us-israel-iran-attack,news,israel launch attack iran bomb exploded city across iran donald trump urged citizen take joint operation israel mounted attack iran saturday effort named operation epic fury pentagon donald trump air strike began 1925,4,Geopolitical Alliances & Reactions,-0.9274,0.0,0.657,0.343,Negative,0.1,0.4
reuters,Joe Rogan says many Trump supporters feel 'betrayed' by Iran war,2026-03-11 15:55:42+00:00,https://www.nbcnews.com/politics/trump-administration/joe-rogan-says-many-trump-supporters-feel-betrayed-iran-war-rcna262930,news,joe rogan many trump supporter feel betrayed iran war influential podcaster joe rogan questioned donald trump decision strike iran saying supporter feel betrayed war influential podcaster joe rogan questioned donald trump decision strike iran saying supporter feel betrayed war speaking iran 5930,4,Geopolitical Alliances & Reactions,-0.9545,0.176,0.394,0.43,Negative,0.5,0.5
reuters,"Has WWIII just started? What’s happening between the US, Israel, and Iran?",2026-02-28 17:51:42+00:00,https://www.rt.com/news/633237-has-wwiii-just-started-whats-happening-iran-israel-us/,news,wwiii started happening israel iran launched attack iran without congressional consent trigger broader conflict region full com israel launched major attack order lay waste much iran military well deny ability build nuclear weapon donald trump iran 4030,5,Nuclear Programme & Regime Change,-0.8875,0.144,0.507,0.348,Negative,0.0625,0.27
reuters,"Ranked number one on the terrorism index, this nation struck back",2026-03-27 19:21:08+00:00,https://www.abc.net.au/news/2026-03-28/afghanistan-pakistan-conflict-intensifies-during-middle-east-war/106502996,news,ranked number terrorism index nation struck back global attention remains fixed sprawling war middle east another conflict edging towards dangerous threshold nuclear armed pakistan taliban controlled afghanistan global attention remains fixed sprawling war middle east another conflict edging towards dangerous threshold nuclear armed pakistan taliban controlled afghanist 7682,6,Media Narratives & Propaganda,-0.9747,0.02,0.595,0.385,Negative,-0.1111111111111111,0.24444444444444446
reuters,Trump Insults 'Fools' Concerned About Rising Gas Costs amid Military Action with Iran: 'Small Price to Pay',2026-03-09 12:45:09+00:00,https://www.justjared.com/2026/03/09/trump-insults-fools-concerned-about-rising-gas-costs-amid-military-action-with-iran-small-price-to-pay/,news,trump insult fool concerned rising gas cost amid military action iran small price pay donald trump doubling lack concern rising gas cost united state amid ongoing war iran insulting anyone disagrees thought process old campaigned lowering donald trump doubling lack concern rising gas cost united state amid ongoing war iran insulting anyone disagrees thought pro 1414,1,Diplomatic Efforts & Peace Talks,-0.9761,0.069,0.521,0.409,Negative,-0.35833333333333334,0.4666666666666666
reuters,"'Terrorist acts': Iran's deputy minister unloads on US, Israel and Australia",2026-03-19 10:38:44+00:00,https://www.abc.net.au/news/2026-03-19/iran-deputy-foreign-minister-esmaeil-baghaei-accuses-australia/106466122,news,terrorist act iran deputy unloads israel australia iranian deputy foreign esmaeil baghaei accuses terrorist act issue warning australia wrong side history iran deputy foreign esmaeil baghaei australia military asset gulf become target accused united state terrorist act commen 5567,1,Diplomatic Efforts & Peace Talks,-0.9633,0.089,0.504,0.407,Negative,-0.2125,0.3125
reuters,Trump Is Waging War on His Own Affordability Strategy,2026-03-03 18:34:32+00:00,http://nymag.com/intelligencer/article/trump-is-waging-war-on-his-own-affordability-strategy.html,news,trump waging war affordability strategy trump waging war affordability push republican midterm strategy focus reducing living cost via lower energy price war choice iran blown donald trump war choice iran big departure administration alleged determination focus improving domestic economy addressing concern affordability befor 5196,6,Media Narratives & Propaganda,-0.9042,0.124,0.586,0.29,Negative,-0.03333333333333333,0.10000000000000002
reuters,Pakistan Says U.S. Ceasefire Proposal Relayed to Iran,2026-03-25 17:59:37+00:00,https://www.breitbart.com/national-security/2026/03/25/pakistan-says-u-s-ceasefire-proposal-relayed-to-iran/,news,pakistan ceasefire proposal relayed iran pakistani wednesday delivered point ceasefire proposal united state iran unnamed senior iranian proposal received either pakistan turkey host ceasefire negot pakistani wednesday delivered point ceasefire proposal united state iran unnamed senior iranian proposal received 3538,1,Diplomatic Efforts & Peace Talks,0.6808,0.128,0.872,0.0,Positive,0.0,0.0
reuters,Trump Warns Some Americans May Die Amid US Strikes in Iran,2026-02-28 13:05:58+00:00,https://www.dailysignal.com/2026/02/28/trump-warns-some-americans-may-die-amid-us-strikes-in-iran/,news,trump warns american die amid strike iran donald trump saturday united state begun major combat operation iran warning casualty post trump warns american die amid strike iran appeared first reuterspresident donald trump saturday united state begun major combat operation iran warning casualty strike trump aime 2609,4,Geopolitical Alliances & Reactions,-0.9701,0.082,0.451,0.467,Negative,0.075,0.26666666666666666
reuters,Transcript: Trump Hit by Damning Iran Leaks as Polls Turn Brutal Fast,2026-03-03 11:26:47+00:00,https://newrepublic.com/article/207253/transcript-trump-hit-damning-iran-leaks-polls-turn-brutal-fast,news,transcript trump hit damning iran leak poll turn brutal fast following lightly edited transcript march episode daily blast podcast listen greg sargent daily blast republic produced presented dsr network host greg sargent donald trump cnn poll finding percent american disapprove trump action iran versus percent approve percent dont trust trump good decision 1221,4,Geopolitical Alliances & Reactions,-0.9187,0.0,0.774,0.226,Negative,0.05833333333333332,0.3444444444444445
reuters,US and Iran wrap up ‘most serious’ nuclear talks in Geneva,2026-02-27 16:07:30+00:00,https://www.rt.com/news/633125-iran-us-talks-results/,news,iran wrap serious nuclear talk geneva third round iran nuclear talk concluded geneva mediator reporting significant progress full com iran concluded third round indirect nuclear negotiation geneva side describing discussion intensive yet mediated oman talk produced 6362,5,Nuclear Programme & Regime Change,0.5106,0.115,0.852,0.033,Positive,-0.0011904761904761943,0.41309523809523807
reuters,"Dubai's status as a global hub is at risk, as the Iran conflict is already disrupting travel beyond the Middle East",2026-03-10 10:03:01+00:00,https://www.businessinsider.com/dubai-safe-travel-hub-airan-war-fuel-prices-route-changes-2026-3,news,dubai status global hub risk iran conflict already disrupting travel beyond middle east iran war already raising fuel price impact dubai status global travel hub relies reputation safety dubai status safe challenged strike iran upending thousand flight amr alfiky war iran already disrupting travel flight cancellation 4894,6,Media Narratives & Propaganda,-0.8126,0.095,0.652,0.253,Negative,0.125,0.125
reuters,"Saudi, UAE, Iraq: Can three pipelines help oil escape Strait of Hormuz?",2026-03-27 13:27:26+00:00,https://www.aljazeera.com/economy/2026/3/27/saudi-uae-iraq-can-three-pipelines-help-oil-escape-strait-of-hormuz,news,saudi uae iraq pipeline help oil escape strait hormuz country middle east ramped oil export via pipeline bridge strait hormuz gap united state israeli war iran enters fourth weekend pressure oil gas market continues mount due severe disruption shipping traffic strait hor 7026,1,Diplomatic Efforts & Peace Talks,-0.6124,0.132,0.662,0.206,Negative,-0.041666666666666664,0.125
reuters,Not just energy: How the Iran war could trigger a global food crisis,2026-03-18 12:23:34+00:00,https://www.aljazeera.com/economy/2026/3/18/not-just-energy-how-the-iran-war-could-trigger-a-global-food-crisis,news,energy iran war trigger global food crisis critical fertiliser shortage threatens global food security amid iran war amid ongoing war iran soaring price oil since shipping disrupted strait hormuz caused great alarm march ebrahim jabari senior adviser commander 5151,1,Diplomatic Efforts & Peace Talks,-0.9477,0.139,0.454,0.407,Negative,0.2,0.3875
reuters,Will the US benefit from the oil crisis sparked by the war on Iran?,2026-03-05 12:59:04+00:00,https://www.aljazeera.com/news/2026/3/5/will-the-us-benefit-from-the-oil-crisis-sparked-by-the-war-on-iran,news,benefit oil crisis sparked war iran attack energy site gulf disruption strait hormuz give western exporter chance profit oil gas price soar backdrop war iran united state western exporter find opportunity fill gap market conflict enters six 8524,1,Diplomatic Efforts & Peace Talks,-0.7351,0.254,0.423,0.322,Negative,0.0,0.0
reuters,IRGC says Iran in ‘complete control’ of Strait of Hormuz amid Trump threats,2026-03-04 08:20:48+00:00,https://www.aljazeera.com/news/2026/3/4/irgc-says-iran-in-complete-control-of-strait-of-hormuz-amid-trump-threats,news,irgc iran complete control strait hormuz amid trump threat fifth global oil shipped strait remains effectively closed amid israeli war iran iran islamic revolutionary guard corp irgc maintains full control strait hormuz united state donald trump prepared deploy navy esc 2859,1,Diplomatic Efforts & Peace Talks,-0.1779,0.149,0.707,0.143,Negative,0.0875,0.2625
reuters,India and Russia discuss resuming LNG supplies – Reuters,2026-03-27 12:12:42+00:00,https://www.rt.com/india/636409-india-and-russia-discuss-resuming/,news,india russia discus resuming lng supply india russia exploring direct lng deal increasing crude oil sale despite western sanction hormuz disruption middle east conflict drive energy price india russia discussing resumption direct sale liquefied natural gas lng first since ukraine conflict escalated verbal agreement 1512,2,Economic Impact & Oil Markets,-0.4588,0.138,0.671,0.191,Negative,-0.021428571428571432,0.3619047619047619
reuters,US banks on high alert for cyberattacks as Iran war escalates,2026-03-03 20:05:39+00:00,https://finance.yahoo.com/news/us-banks-high-alert-cyberattacks-195516375.html,news,bank high alert cyberattacks iran war escalates pete schroeder michelle price washington march financial service industry heightened alert potential cyberattacks pete schroeder michelle price washington march financial service industry heightened alert potential cyberattacks amid unfolding war iran 3070,6,Media Narratives & Propaganda,-0.4939,0.139,0.696,0.165,Negative,0.032,0.508
reuters,India looks to boost fertilizer imports from Russia and Belarus – Reuters,2026-03-20 09:39:52+00:00,https://www.rt.com/india/635622-india-looks-to-boost-fertilizer/,news,india look boost fertilizer import russia belarus india reportedly looking boost fertilizer import russia belarus amid shortage due middle east conflict full com india looking boost fertilizer import russia belarus morocco supply crunch loom due middle east conflict export curb put place china coul 1965,0,Military Operations & Strikes,0.1531,0.148,0.696,0.156,Positive,0.019999999999999997,0.26
reuters,Lebanon’s ban on Hezbollah ‘activities’: bold but difficult to implement,2026-03-03 14:27:50+00:00,https://www.aljazeera.com/features/2026/3/3/lebanons-ban-on-hezbollah-activities-bold-but-difficult-to-implement,news,lebanon ban hezbollah activity bold difficult implement hezbollah sent challenge nawaf salam retaliated israel tuesday beirut lebanon hezbollah raised stake lebanese tuesday launched attack israel ramat airbase barrage rocket another military facility israe 7430,3,Civilian Casualties & Humanitarian,-0.7003,0.127,0.657,0.216,Negative,-0.0888888888888889,0.5888888888888889
reuters,Hezbollah joins Iran's fight even as other allies melt into Axis of Reluctance,2026-03-07 04:26:56+00:00,https://www.cbc.ca/news/world/iran-hezbollah-middle-east-war-analysis-9.7118324,news,hezbollah join iran fight even ally melt axis reluctance decade iran protected network well funded heavily armed deeply radicalized militant group needed many main player staying sideline hezbollah iran first proxy hel decade iran wrapped security blanket thats covered much middle east network well funded heavily armed deeply radicalized militant group designed protect 4870,6,Media Narratives & Propaganda,0.8074,0.219,0.704,0.077,Positive,0.06458333333333333,0.3708333333333333
reuters,Keisuke Honda loses US advertising deal over Iran support at World Cup,2026-03-15 13:06:41+00:00,https://www.aljazeera.com/sports/2026/3/15/keisuke-honda-loses-us-advertising-deal-over-iran-support-at-world-cup,news,keisuke honda loses advertising deal iran support cup japanese football legend opinion prompt company cancel advertising campaign fifa cup former japanese footballer keisuke honda lost advertising deal united state voicing support iranian national team participation upcoming fifa cup 3559,2,Economic Impact & Oil Markets,0.3818,0.172,0.69,0.138,Positive,-0.075,0.025
reuters,‘Raising 10 red flags’: Is Israel’s army exhausted?,2026-03-27 14:22:59+00:00,https://www.aljazeera.com/features/2026/3/27/raising-10-red-flags-is-israels-army-exhausted,news,raising red flag israel army exhausted year regional forever war israel chief staff warns army brink collapse israel chief staff lieutenant general eyal zamir issued stark warning country cabinet unless urgent measure taken israeli army brink collapse accordi 5641,0,Military Operations & Strikes,-0.93,0.036,0.635,0.329,Negative,-0.1375,0.44999999999999996
reuters,China mapping ocean floor; Preps for submarine warfare with USA...,2026-03-24 22:04:36+00:00,https://www.airforcetimes.com/news/your-military/2026/03/24/china-maps-ocean-floor-as-it-prepares-for-submarine-warfare-with-us/,news,china mapping ocean floor prep submarine warfare usa china mapping ocean floor prep submarine warfare usa second column 2nd story link related story russian oil tanker playing chicken trump cuba developing beijing publication claim month sydney china conducting vast undersea mapping monitoring operation across pacific indian arctic ocean building detailed knowledge marine condition naval expert 13611,6,Media Narratives & Propaganda,-0.3818,0.03,0.895,0.074,Negative,-0.028571428571428564,0.4428571428571429
reuters,We might have just found where Australia's red line is with Donald Trump,2026-03-19 19:32:29+00:00,https://www.abc.net.au/news/2026-03-20/we-just-found-out-where-australias-red-line-is-with-donald-trump/106475662,news,might found australia red line donald trump war middle east heaping pressure australia relationship see come consequence day last presidential election senior australian diplomat washington explained equation donald trump canberra ready whatever mea 6808,1,Diplomatic Efforts & Peace Talks,-0.5574,0.063,0.783,0.154,Negative,0.04,0.11333333333333333
reuters,AI is helping choose targets in Iran war — now it's a target too,2026-03-14 18:54:12+00:00,https://www.abc.net.au/news/2026-03-15/iran-war-ai-technology-data-centres/106443004,news,helping choose target iran war target iran struck data centre middle east signalled technology infrastructure continue firing line amazon data centre sits outskirt abu dhabi directly across water iranian coast amazon data centre united arab emirate google airbus stocked high 8900,4,Geopolitical Alliances & Reactions,-0.2263,0.166,0.671,0.164,Negative,0.08666666666666667,0.31333333333333335
reuters,Sarah Mullally enthroned as first female archbishop of Canterbury,2026-03-26 00:51:48+00:00,https://www.aljazeera.com/news/2026/3/26/sarah-mullally-enthroned-as-first-female-archbishop-of-canterbury,news,sarah mullally enthroned first female archbishop canterbury first woman lead church england formally installed ceremony 000 guest sarah mullally formally installed archbishop canterbury marking start public ministry first woman lead church england former nurse wednesday took 4248,6,Media Narratives & Propaganda,0.0,0.0,1.0,0.0,Neutral,0.125,0.20555555555555552
reuters,Is the CIA planning to arm Kurdish forces to spark an uprising in Iran?,2026-03-04 12:17:31+00:00,https://www.aljazeera.com/news/2026/3/4/is-the-cia-planning-to-arm-kurdish-forces-to-spark-an-uprising-in-iran,news,cia planning arm kurdish force spark uprising iran plan destabilise iran rather promote peace expert united state talk opposition kurdish force bid arm foment uprising iran multiple medium report israel war iran enters fifth 7351,2,Economic Impact & Oil Markets,0.7096,0.242,0.671,0.087,Positive,0.0,0.0
reuters,US equity funds rebound with strongest inflows in four months,2026-03-27 10:27:16+00:00,https://finance.yahoo.com/markets/stocks/articles/us-equity-funds-rebound-strongest-102716495.html,news,equity fund rebound strongest inflow four month march equity fund drew strong inflow march hope escalation middle east lifted sentiment march equity fund drew strong inflow march hope escalation middle east lifted sentiment donald trump postponed attack 1500,4,Geopolitical Alliances & Reactions,0.886,0.299,0.605,0.096,Positive,0.21666666666666667,0.3666666666666667
reuters,Hegseth: Iranian official who masterminded Trump assassination attempt KILLED in military strike,2026-03-06 06:00:00+00:00,https://www.naturalnews.com/2026-03-06-hegseth-trump-assassination-mastermind-killed-strike-iran.html,news,hegseth iranian masterminded trump assassination attempt killed military strike high ranking iranian operative linked 2024 assassination plot trump eliminated military operation announced war secretary pete hegseth strike escalates tension stemming trump 2020 drone killing irgc high ranking iranian operative linked 2024 assassination plot trump eliminated military operation announced war secretary pete hegseth strike 5084,0,Military Operations & Strikes,-0.9874,0.0,0.55,0.45,Negative,-0.03000000000000001,0.23
reuters,Oil prices climb as investors reassess Middle East ceasefire prospects,2026-03-25 22:42:13+00:00,https://www.channelnewsasia.com/business/oil-prices-climb-investors-reassess-middle-east-ceasefire-prospects-6017471,news,oil price climb investor reassess middle east ceasefire prospect tokyo march oil price climbed thursday recovering previous loss investor reexamined prospect escalation middle east iran still reviewing proposal end war disrupted energ tokyo march oil price climbed thursday recovering previous loss investor reexamined prospect escalation middle east iran still reviewi 2476,2,Economic Impact & Oil Markets,-0.4404,0.11,0.749,0.141,Negative,-0.06666666666666667,0.06666666666666667
reuters,Iran brings exploding drone boats into war in attack on oil tanker,2026-03-04 06:39:26+00:00,https://www.abc.net.au/news/2026-03-04/iran-drone-boats-attack-oil-tankers-strait-hormuz-gulf-oman/106408958,news,iran brings exploding drone boat war attack oil tanker iran using exploding drone boat first war middle east hitting oil tanker near strait hormuz ordering key shipping passage closed longer threat flooding sky iran started using exploding drone boat target vessel attempt pas strait hormuz mkd vyom marshall island 6750,6,Media Narratives & Propaganda,-0.936,0.0,0.763,0.237,Negative,0.049999999999999996,0.3666666666666667
reuters,Dubai-based Australian companies caught in crossfire as tensions escalate,2026-03-08 18:44:03+00:00,https://www.abc.net.au/news/2026-03-09/australian-owned-businesses-operating-in-middle-east-conflict/106409408,news,dubai based australian company caught crossfire tension escalate escalating geopolitical tension mean australian operating business middle east quick change daily operation since israeli strike hit iran australian business owner kate midttun several change way operates marketing agency dubai united arab emirate uae 7441,2,Economic Impact & Oil Markets,-0.3182,0.058,0.814,0.127,Negative,0.0026041666666666644,0.1484375
reuters,"Southeast Asia shuts offices, limits travel as oil crisis deepens",2026-03-12 08:21:38+00:00,https://www.aljazeera.com/news/2026/3/12/southeast-asia-shuts-offices-limits-travel-as-oil-crisis-deepens,news,southeast asia shuts office limit travel oil crisis deepens country indonesia vietnam heavily depend fuel import limited energy reserve taipei taiwan government business across southeast asia scrambling stave energy shortage strait hormuz remains shut maritime traffic amid fallout united 5867,4,Geopolitical Alliances & Reactions,-0.25,0.143,0.694,0.163,Negative,-0.13571428571428573,0.3214285714285714
reuters,How a Trump backer's resignation hints at internal turbulence over Iran,2026-03-18 05:40:26+00:00,https://www.abc.net.au/news/2026-03-18/who-is-joe-kent-counterterrorism-trump-administration/106468640,news,trump backer resignation hint internal turbulence iran staunch supporter donald trump war iran proved much joe kent perhaps american voter war middle east continues donald trump found managing internal discord closer home top counterterrorism joe kent quit tuesday 7085,0,Military Operations & Strikes,-0.8689,0.079,0.665,0.256,Negative,0.11666666666666665,0.11666666666666665
reuters,"Displacement in Lebanon grows as Israeli military operations expand, exacerbating humanitarian crisis",2026-03-12 20:00:00+00:00,https://www.cbc.ca/news/world/lebanon-israel-iran-displacement-middle-east-9.7125631,news,displacement lebanon grows israeli military operation expand exacerbating humanitarian crisis humanitarian crisis lebanon intensified forced home amid expanding israeli military operation killed hundred humanitarian crisis lebanon intensified forced home amid expanding israeli military operation killed hundred latest figure 8821,0,Military Operations & Strikes,-0.9799,0.038,0.512,0.45,Negative,-0.1,0.2
reuters,Israel warns Lebanon of 'disastrous repercussions' as week's death toll nears 300,2026-03-07 21:31:35+00:00,https://japantoday.com/category/world/israel-warns-lebanon-of-%27disastrous-repercussions%27-as-week%27s-death-toll-nears-3001,news,israel warns lebanon disastrous repercussion death toll nears 300 israel warned lebanon disastrous fallout rein iran backed hezbollah saturday pounded group stronghold around air strike mounted deadly airborne raid east lebanon dragged israel warned lebanon disastrous fallout rein iran backed hezbollah saturday pounded group stronghold around air strike mounted deadly 4512,0,Military Operations & Strikes,-0.9648,0.077,0.547,0.376,Negative,-0.5,0.6399999999999999
reuters,The Iran War Has Rapidly Expanded Beyond the Middle East,2026-03-09 21:27:00+00:00,http://foreignpolicy.com/2026/03/09/iran-war-countries-targeted-regional-impact-middle-east-trump-israel/,news,iran war rapidly expanded beyond middle east breakdown war spread united state israel launched war iran feb day since fighting began conflict spread blistering pace across regionand beyond war 13254,0,Military Operations & Strikes,-0.9524,0.092,0.471,0.437,Negative,0.0,0.0
reuters,Vance once wrote op-ed claiming Trump's best foreign policy during first term was 'not starting any wars',2026-03-02 21:21:00+00:00,https://www.snopes.com//fact-check/vance-trump-foreign-policy-op-ed/,news,vance wrote claiming trump best foreign policy first term starting war 2023 vice vance senator wrote wall street journal titled trump best foreign policy starting war claim 2023 vice vance senator wrote wall street journal titled trump best foreign policy starting war rumor vice 3484,6,Media Narratives & Propaganda,0.2263,0.199,0.616,0.185,Positive,0.2875,0.19083333333333335
reuters,"Humanitarian crisis looms in Lebanon where nearly 750,000 people have been displaced by war",2026-03-11 13:47:20+00:00,https://www.nbcnews.com/world/middle-east/iran-war-israel-lebanon-hezbollah-displacement-crisis-middle-east-rcna262894,news,humanitarian crisis loom lebanon nearly 750 000 displaced war humanitarian crisis looming lebanon 750 000 displaced since israel began war iran humanitarian crisis looming lebanon 750 000 displaced day since israel began war iran proxy middle east 5084,0,Military Operations & Strikes,-0.9816,0.0,0.501,0.499,Negative,0.05,0.2
reuters,Trump Approval Hits New Low — and Iran War Won’t Help,2026-03-20 19:31:00+00:00,http://nymag.com/intelligencer/article/trump-approval-hits-new-low-and-iran-war-wont-help.html,news,trump approval hit low iran war help trump job approval rating hit low iran war certainly help poll number already bad unpopular economically damaging conflict drag gop serious trouble midterm week israeli war iran growing sign going badly donald trump spiraling energy price confused messaging diplomatic disarray ever lengtheni 4208,1,Diplomatic Efforts & Peace Talks,-0.9531,0.226,0.344,0.43,Negative,-0.19190476190476186,0.5042261904761904
reuters,"Almost 700,000 displaced in Lebanon as war enters second week",2026-03-09 21:37:28+00:00,https://japantoday.com/category/world/almost-700-000-displaced-in-lebanon-as-war-enters-second-week1,news,almost 700 000 displaced lebanon war enters second escalating hostility forced nearly 700 000 flee home lebanon past agency monday war israel iran backed lebanese group hezbollah entered second lebanon pulled escalating hostility forced nearly 700 000 flee home lebanon past agency monday war israel iran backed lebanese group 3716,0,Military Operations & Strikes,-0.9764,0.032,0.604,0.364,Negative,-0.11250000000000002,0.21250000000000002
reuters,Taiwan likely to hold rates steady on strong economic growth: Reuters poll,2026-03-16 04:28:38+00:00,https://www.channelnewsasia.com/business/taiwan-likely-hold-rates-steady-strong-economic-growth-reuters-poll-5995796,news,taiwan likely hold rate steady strong economic growth poll taipei march taiwan central bank expected hold policy interest rate steady keep place 2027 economist polled given economy robust performance impact yet war midd taipei march taiwan central bank expected hold policy interest rate steady keep place 2027 economist polled given economy 1943,4,Geopolitical Alliances & Reactions,0.8555,0.223,0.717,0.061,Positive,0.09333333333333334,0.47333333333333333
reuters,Canada raises alarm about escalating violence in Lebanon,2026-03-10 20:18:46+00:00,https://www.cbc.ca/news/world/lebanon-escalation-attacks-canada-9.7122771,news,canada raise alarm escalating violence lebanon canadian tuesday alarmed escalation violence attack lebanon war middle east expands called side uphold humanitarian law canadian tuesday alarmed escalation violence attack lebanon war middle east expands condemn attack civilian civilian infras 4888,0,Military Operations & Strikes,-0.9894,0.042,0.373,0.585,Negative,0.0,0.0
reuters,Trump May Waive the Jones Act for Oil Shipments. Let's Repeal It Instead.,2026-03-10 16:03:12+00:00,https://reason.com/2026/03/10/trump-may-waive-the-jones-act-for-oil-shipments-lets-repeal-it-instead/,news,trump waive jones act oil shipment let repeal instead century old law make energy expensive even war raging middle east rid spillover effect recently launched war iran higher energy cost price oil gas risen considerably since donald trump piggybacked israel bombin 4936,6,Media Narratives & Propaganda,-0.8176,0.108,0.681,0.212,Negative,-0.008333333333333337,0.35000000000000003
reuters,Several Middle Eastern Countries Giving Iranian Officials The Boot,2026-03-24 16:04:04+00:00,https://dailycaller.com/2026/03/24/middle-east-lebanon-iran-qatar-uae-saudi-arabia/,news,several middle eastern country giving iranian boot arab nation expelled iranian diplomat lebanon saudi arabia qatar uae moved tehran iran regional influence crumbles lebanon kicked iran ambassador designate tuesday making fourth arab oust iranian tehran grip region rapidly weakens lebanese foreign ministe 2592,4,Geopolitical Alliances & Reactions,-0.2263,0.051,0.857,0.092,Negative,-0.03125,0.03125
reuters,Ukraine battles a brutal Russian offensive as Iran war takes the world's focus,2026-03-29 09:00:00+00:00,https://www.nbcnews.com/world/ukraine/ukraine-battles-brutal-russian-offensive-iran-war-focus-rcna265068,news,ukraine battle brutal russian offensive iran war take focus attention shifting escalating conflict middle east russia pushing forward spring offensive ukraine despite month peace talk longer appear washington priority kyiv ukraine world attention shifting escalating conflict middle east russia pushing forward spring offensive ukraine despite month peace talk long 7837,4,Geopolitical Alliances & Reactions,-0.9816,0.0,0.572,0.428,Negative,-0.185,0.27999999999999997
reuters,"US Fed keeps interest rates steady amid economic, geopolitical uncertainty",2026-03-18 20:34:19+00:00,https://www.aljazeera.com/economy/2026/3/18/us-fed-keeps-interest-rates-steady-amid-economic-geopolitical-uncertainty,news,fed keep interest rate steady amid economic geopolitical uncertainty federal reserve keep rate steady percent amidst cooling labour market iran pressure united state federal reserve hold interest rate steady labour market cool price good service surge following israel joint strike iran central 6031,4,Geopolitical Alliances & Reactions,0.836,0.254,0.635,0.111,Positive,0.21874999999999997,0.41250000000000003
reuters,Africa: What oil producers can do to counter price shocks,2026-03-16 14:00:00+00:00,https://www.dw.com/en/africa-what-oil-producers-can-do-to-counter-price-shocks/a-76376251,news,africa oil producer counter price shock african oil producing country nigeria angola increase production short term thus ease global shortage caused war middle east expert explain might look like closure strait hormuz coast iran central importance oil trade liquefied natural gas date approximately fifth oil transport around globe 6997,2,Economic Impact & Oil Markets,0.4215,0.199,0.663,0.138,Positive,-0.042857142857142864,0.22142857142857145
reuters,Trump's war tests his 'maybe less enthusiastic' VP Vance,2026-03-12 19:01:19+00:00,https://www.abc.net.au/news/2026-03-13/jd-vance-philosophically-little-bit-different-to-me-trump-says/106449548,news,trump war test maybe less enthusiastic vance maga loathing hillbilly vice vance rise rebirth something behold war iran test considerable political dexterity maga loathing hillbilly donald trump ardent supporter vice vance rise rebirth something behold war iran test vice presiden 7117,6,Media Narratives & Propaganda,-0.9184,0.135,0.548,0.317,Negative,0.13333333333333333,0.3791666666666667
reuters,"Indonesia holds rates steady, signals Iran war limits room for cuts",2026-03-17 09:55:28+00:00,https://www.channelnewsasia.com/business/indonesia-holds-rates-steady-signals-iran-war-limits-room-cuts-5998626,news,indonesia hold rate steady signal iran war limit room cut jakarta march indonesia central bank kept key interest rate unchanged tuesday signalled little room rate cut ahead given impact war middle east bank indonesia held benchmark reverse repurchase rate jakarta march indonesia central bank kept key interest rate unchanged tuesday signalled little room rate cut ahead given impact war middle east bank indo 2133,4,Geopolitical Alliances & Reactions,-0.8878,0.075,0.705,0.22,Negative,-0.02314814814814815,0.4444444444444444
reuters,The pain from the Strait of Hormuz crisis will be felt far beyond the pump,2026-03-19 20:02:15+00:00,https://www.vox.com/future-perfect/483149/iran-strait-hormuz-gas-prices-oil-natural-gas-fertilizer-food,news,pain strait hormuz crisis felt far beyond pump gas price unmissable since israel launched strike iran february brent crude oil surged past 100 barrel first four year briefly topping 119 march california driver paying gallon gas price unmissable since israel launched strike iran february brent crude oil surged past 100 barrel first four year briefly topping 119 8284,3,Civilian Casualties & Humanitarian,-0.9413,0.042,0.706,0.251,Negative,-0.14444444444444443,0.537037037037037
reuters,'A tipping point': Why Israel's invasion is pushing Lebanon to the brink,2026-03-17 08:58:07+00:00,https://www.abc.net.au/news/2026-03-17/israel-invasion-lebanon-risks-collapse-civil-war/106464232,news,tipping point israel invasion pushing lebanon brink israel moving troop southern lebanon ahead fear long occupation expert warn destabilisation threaten existence israel rapidly expanding invasion lebanon destabilise already brink collapse war really tipping point sami nader director insti 4797,0,Military Operations & Strikes,-0.9231,0.0,0.704,0.296,Negative,0.05000000000000001,0.20000000000000004
reuters,Far-left CA pol Fatima Iqbal-Zubair condemned US strikes — while her husband works for weapons giant,2026-03-03 00:50:19+00:00,https://nypost.com/2026/03/02/us-news/far-left-ca-pol-fatima-iqbal-zubair-condemned-us-strikes-while-her-husband-works-for-weapons-giant/,news,far left pol fatima iqbal zubair condemned strike husband work weapon giant fatima iqbal zubair far left democrat running california 65th assembly district anti war climate activist called defund pentagon even household profited nation largest weapon manufacturer dsa fatima iqbal zubair far left democrat running california 65th assembly district anti war climate activist who called defund pentagon even household profited 3868,3,Civilian Casualties & Humanitarian,-0.9393,0.06,0.664,0.276,Negative,0.042857142857142864,0.5714285714285714
reuters,EU To Discuss Bolstering Mideast Naval Mission Amid Iran War Turmoil,2026-03-16 01:02:06+00:00,https://gcaptain.com/eu-to-discuss-bolstering-mideast-naval-mission-amid-iran-war-turmoil/,news,discus bolstering mideast naval mission amid iran war turmoil andrew gray lili bayer brussels march european union foreign minister discus monday bolstering small naval mission middle east expected andrew gray lili bayer brussels march european union foreign minister discus monday bolstering small naval mission middle east expected decid 2727,4,Geopolitical Alliances & Reactions,-0.7506,0.0,0.88,0.12,Negative,-0.095,0.185
reuters,The Blowback From an Unpopular Iran War,2026-03-03 10:30:00+00:00,http://prospect.org/2026/03/03/blowback-unpopular-iran-war-trump-foreign-policy/,news,blowback unpopular iran war trump iran campaign surprising effect putting foreign policy back hand american voter post blowback unpopular iran war appeared first american prospect nobody want trump stand ready expand war iran number already show unpopular six ten american disapprove military action 5580,1,Diplomatic Efforts & Peace Talks,-0.2023,0.246,0.561,0.193,Negative,0.09318181818181817,0.15075757575757576
reuters,Lebanese Australians worry families will be killed amid Israeli strikes,2026-03-09 05:11:09+00:00,https://www.abc.net.au/news/2026-03-09/lebanese-australians-affected-by-israeli-strikes-displacement/106424990,news,lebanese australian worry family killed amid israeli strike lebanese 500 000 displaced since israeli military issued evacuation warning village south lebanese australian reeling mass displacement conflict death ancestral homeland 500 000 forced leave home lebanon social affair 7053,3,Civilian Casualties & Humanitarian,-0.9623,0.0,0.58,0.42,Negative,-0.09444444444444446,0.061111111111111116
reuters,Crude Oil Prices Soar as Strait of Hormuz Closed to Tanker Traffic,2026-03-03 16:31:35+00:00,https://www.barchart.com/story/news/538711/crude-oil-prices-soar-as-strait-of-hormuz-closed-to-tanker-traffic,news,crude oil price soar strait hormuz closed tanker traffic april wti crude oil clj26 today april rbob gasoline rbj26 1189 crude oil gasoline price sharply april wti crude oil clj26 today april rbob gasoline rbj26 1189 crude oil gasoline price sharply higher today second crude 4970,3,Civilian Casualties & Humanitarian,-0.9726,0.0,0.643,0.357,Negative,-0.4175000000000001,0.735
reuters,Grok spreads Iran misinfo after Musk backs it for fact-checking,2026-03-10 12:30:43+00:00,https://www.rte.ie/news/primetime/2026/0310/1562599-grok-spreads-iran-misinfo-after-musk-backs-it-for-fact-checking/,news,grok spread iran misinfo musk back fact checking million turned update middle east conflict asking chatbot grok verify footage repeatedly confidently misleading false information march israel launched strike iran head product nikita bier platform recorded biggest ever usage following revised tha 10287,4,Geopolitical Alliances & Reactions,-0.2263,0.096,0.769,0.135,Negative,0.019999999999999983,0.3066666666666667
reuters,The White House’s War on Iran: A Catastrophic Failure of Foresight That Will Plunge the West Into Economic Ruin,2026-03-06 06:00:00+00:00,https://www.naturalnews.com/2026-03-06-white-houses-war-on-iran-catastrophic-failure.html,news,white house war iran catastrophic failure foresight plunge west economic ruin reckless gamble blinding hubris willful ignorance triggered global catastrophe trump administration unilaterally without congressional debate vote course forced american yet another war war large reckless gamble blinding hubris willful ignorance triggered global catastrophe trump administration unilaterally without congressional debate vote course forced 11281,6,Media Narratives & Propaganda,-0.9933,0.0,0.459,0.541,Negative,-0.1365800865800866,0.24805194805194805
reuters,"Middle East war delays D8 summit in Jakarta, Indonesian foreign ministry says",2026-03-13 16:53:16+00:00,https://nypost.com/2026/03/13/world-news/middle-east-war-delays-d8-summit-in-jakarta-indonesian-foreign-ministry-says/,news,middle east war delay summit jakarta indonesian foreign ministry conference originally set held april summit eight major muslim developing country including iran held jakarta next month delayed due war middle east indonesia foreign 1133,4,Geopolitical Alliances & Reactions,-0.9001,0.0,0.714,0.286,Negative,0.0078125,0.234375
reuters,"Lebanese face more death, displacement in latest war",2026-03-12 18:06:22+00:00,https://www.rte.ie/news/analysis-and-comment/2026/0312/1563130-lebanon-analysis/,news,lebanese face death displacement latest war year since late journalist robert fisk bestselling book pity nation recounted horror hell lebanon went long running bloody civil war form 1975 1990 year since late journalist robert fisk bestselling book pity nation recounted horror hell lebanon went long running blood 3569,3,Civilian Casualties & Humanitarian,-0.9887,0.0,0.516,0.484,Negative,-0.15000000000000002,0.525
reuters,Israel strikes Beirut's southern suburbs after Hezbollah attacks,2026-03-02 03:09:41+00:00,https://japantoday.com/category/world/israel-strikes-beirut%27s-southern-suburbs-after-hezbollah-attacks1,news,israel strike beirut southern suburb hezbollah attack israel carried airstrikes hezbollah controlled southern suburb beirut monday iran backed group launched missile drone towards israel avenge killing iran supreme leader ali khamenei dozen explosion israel carried airstrikes hezbollah controlled southern suburb beirut monday iran backed group launched missile drone towards israel avenge killing iran 3434,0,Military Operations & Strikes,-0.8225,0.131,0.67,0.199,Negative,0.0,0.0
reuters,Dubai's safe-haven status being put to the test,2026-03-03 21:25:13+00:00,https://japantoday.com/category/features/opinions/analysis-how-dubai%27s-safe-haven-status-is-being-put-to-the-test,news,dubai safe status put test decade dubai sale pitch featured gleaming skyline tax free salary ease business something far intangible unspoken promise whatever happening elsewhere middle east city different conflict tha decade dubai sale pitch featured gleaming skyline tax free salary ease business something far intangible unspoken promise whatever happening elsewhere 6419,2,Economic Impact & Oil Markets,0.9413,0.292,0.673,0.035,Positive,0.21428571428571427,0.6714285714285715
reuters,Cambodia turns to Malaysia and Singapore for fuel as Vietnam and China restrict supplies,2026-03-18 11:56:00+00:00,https://www.thestar.com.my/aseanplus/aseanplus-news/2026/03/18/cambodia-turns-to-malaysia-and-singapore-for-fuel-as-vietnam-and-china-restrict-supplies,news,cambodia turn malaysia singapore fuel vietnam china restrict supply many petrol station reopen third closed last cambodia energy stockpile near historical average full story singapore kuala lumpur cambodia importing fuel supplier singapore malaysia supply shortfall vietnam china energy 2613,4,Geopolitical Alliances & Reactions,0.1531,0.098,0.841,0.061,Positive,0.0875,0.2520833333333333
reuters,Blackwater founder backs Ukrainian drone tech sales to US,2026-03-18 19:34:28+00:00,https://www.channelnewsasia.com/business/blackwater-founder-backs-ukrainian-drone-tech-sales-us-6002561,news,blackwater founder back ukrainian drone tech sale york march erik prince founder private military firm blackwater backing ukrainian drone technology firm want help sell military underscoring kyiv rising role hub innovation modern warfare prince york march erik prince founder private military firm blackwater backing ukrainian drone technology firm want help sell military underscoring kyivs rising 2226,0,Military Operations & Strikes,0.765,0.203,0.762,0.035,Positive,-0.08333333333333333,0.25416666666666665
reuters,The Netanyahu Gambit: How Trump Walked America Into an Iranian War Trap,2026-03-02 06:00:00+00:00,https://www.naturalnews.com/2026-03-02-the-netanyahu-gambit-trump-iranian-war-trap.html,news,netanyahu gambit trump walked america iranian war trap predictable disaster unfolds early hour february 2026 donald trump announced united state concert israel launched major combat operation iran dubbed operation epic fury offensive ostensibly predictable disaster unfolds early hour february 2026 donald trump announced united state concert israel launched major combat operation ira 10890,4,Geopolitical Alliances & Reactions,-0.9632,0.113,0.539,0.348,Negative,0.0035714285714285704,0.42857142857142855
reuters,Banks on High Alert for Cyberattacks as Iran War Escalates,2026-03-05 06:02:21+00:00,https://www.insurancejournal.com/news/national/2026/03/05/860533.htm,news,bank high alert cyberattacks iran war escalates financial service industry heightened alert potential cyberattacks amid unfolding war iran firm stepping monitoring threat often rise period geopolitical conflict executive analyst financial service industry heightened alert potential cyberattacks amid unfolding war iran firm stepping monitoring threat often rise period 3191,6,Media Narratives & Propaganda,-0.9451,0.099,0.587,0.313,Negative,-0.03428571428571429,0.47714285714285715
reuters,"Who is Mojtaba Khamenei, the man chosen as Iran's new supreme leader?",2026-03-09 00:58:18+00:00,https://www.abc.net.au/news/2026-03-09/who-is-irans-new-supreme-leader-mojtaba-khamenei-/106431406,news,mojtaba khamenei man chosen iran supreme leader ayatollah ali khamenei son mojtaba hardline anti western mid ranking cleric chosen succeed late father iran supreme leader described sign hardliner still firmly charge iran ayatollah ali khamenei son mojtaba chosen succeed late father supreme leader assemb 6281,2,Economic Impact & Oil Markets,0.9423,0.294,0.667,0.039,Positive,-0.16,0.32
reuters,Dow tumbles and gas prices jump as war and weak jobs report rattle market,2026-03-06 15:19:18+00:00,https://qz.com/stock-market-iran-war-sp-dow-nasdaq-oil-jobs,news,dow tumble gas price jump war weak job report rattle market oil surge gas price problem airline problem bond market problem friday job miss fed headache market market spent remembering geopolitics lot less abstract start showing highway sign gas price logged sharpest weekly jump since march 2022 crude 3445,6,Media Narratives & Propaganda,-0.9595,0.0,0.675,0.325,Negative,-0.33541666666666664,0.44791666666666663
reuters,Mary and Frederik to visit Uluru on first stop of Danish royal visit,2026-03-14 07:32:35+00:00,https://www.abc.net.au/news/2026-03-14/queen-and-king-of-denmark-visit-central-australia/106436248,news,mary frederik visit uluru first stop danish royal visit first danish state visit australia year start magnificent red heart today first danish state visit australia year start uluu kata tjua national park today trip march include stop australian capital territory victoria 3340,4,Geopolitical Alliances & Reactions,0.6908,0.16,0.752,0.087,Positive,0.2916666666666667,0.3333333333333333
reuters,How Does the Iran War Affect China’s Energy Security?,2026-03-17 07:30:34+00:00,https://warontherocks.com/2026/03/how-does-the-iran-war-affect-chinas-energy-security/,news,iran war affect china energy security since beginning israeli war iran key question constantly asked beijing might react assuming china economy relies oil imported iran shipped strait hormuz reality however china percent since beginning israeli war iran key question constantly asked beijing might react assuming china economy relies oil imported iran shipped 9472,1,Diplomatic Efforts & Peace Talks,-0.8481,0.07,0.748,0.182,Negative,0.0,0.6666666666666666
reuters,China Demands Halt to U.S. and Israeli Strikes on Iran,2026-03-04 06:00:00+00:00,https://www.naturalnews.com/2026-03-04-china-demands-halt-us-and-israeli-strikes.html,news,china demand halt israeli strike iran possible path escalation china formally demanded united state israel immediately cease military action iran following wave joint strike escalated broader regional conflict possible path escalation china formally demanded united state israel immediately cease military action iran following wave joint strike 8462,4,Geopolitical Alliances & Reactions,-0.3612,0.101,0.682,0.217,Negative,0.0,0.32500000000000007
reuters,"Trump may have lost a 'game of chicken' with Iran, which exposed a red line",2026-03-21 20:09:21+00:00,https://www.abc.net.au/news/2026-03-22/trump-and-netanyahu-rift-over-iran-strike-on-qatar-energy/106479106,news,trump lost game chicken iran exposed red line appears sparking iran escalating strike qatar israel crossed somewhat red line trump israel struck iran biggest gas field persian gulf neighbour qatar lot lose iran qatar jointly control basin operating share largest gas reserve 8859,4,Geopolitical Alliances & Reactions,-0.6808,0.045,0.755,0.2,Negative,-0.25,0.3375
reuters,How the Iran war is dividing Team Trump,2026-03-06 18:44:40+00:00,https://www.rt.com/news/634016-iran-war-trump-division/,news,iran war dividing team trump donald trump war iran widened division within cabinet marco rubio vance pete hegseth disagree rationale goal conflict donald trump war iran mark final break america first ally embrace interventionism decision haunt whoever inherits leadership 7622,6,Media Narratives & Propaganda,-0.9517,0.042,0.604,0.353,Negative,0.125,0.6666666666666666
reuters,"In the early hours of the Iran war, Indonesia's president made a telling offer",2026-03-09 19:05:10+00:00,https://www.abc.net.au/news/2026-03-10/indonesian-president-prabowo-subianto-iran-offer/106430034,news,early hour iran war indonesia telling offer indonesian prabowo subianto big ambition stage home alarmed critic within hour israeli strike iran indonesia prabowo subianto grand gesture hope securing peace offering service negotiator indonesia 13584,4,Geopolitical Alliances & Reactions,0.4215,0.246,0.546,0.208,Positive,0.19999999999999998,0.4666666666666666
reuters,"Oil prices keep climbing amid Iran conflict, with Brent hitting 19-month high",2026-03-03 11:04:50+00:00,https://www.channelnewsasia.com/business/oil-prices-keep-climbing-amid-iran-conflict-brent-hitting-19-month-high-5965776,news,oil price keep climbing amid iran conflict brent hitting month high london march crude oil benchmark rose per cent tuesday soaring third session israeli conflict iran widens disrupting fuel shipment heightening fear disruption middle east oil gas supply brent london march crude oil benchmark rose per cent tuesday soaring third session israeli conflict iran widens disrupting fuel shipment heightening fear 2746,6,Media Narratives & Propaganda,-0.969,0.0,0.696,0.304,Negative,-0.0049999999999999906,0.555
reuters,Moscow says Ukraine peace talks on pause; Kyiv says new meeting planned,2026-03-19 21:42:49+00:00,https://japantoday.com/category/world/moscow-says-ukraine-peace-talks-on-pause-kyiv-says-new-meeting-planned,news,moscow ukraine peace talk pause kyiv meeting planned kremlin thursday talk washington moscow kyiv ending war ukraine situational pause following start iran war ukraine discussion expected weekend kremlin thursday talk washington moscow kyiv ending war ukraine situational pause following start iran war ukraine 3029,1,Diplomatic Efforts & Peace Talks,-0.9201,0.06,0.671,0.269,Negative,-0.03333333333333333,0.19999999999999998
reuters,'The power behind the robes': Iran's rumoured next leader is Khamenei's son,2026-03-07 02:58:51+00:00,https://www.abc.net.au/news/2026-03-07/iran-supreme-leader-son-mojtaba-khamenei-and-war/106419508,news,power behind robe iran rumoured next leader khamenei son senior cleric responsible selecting iran next supreme leader met discus pick familiar name emerged frontrunner mojtaba khamenei senior cleric responsible selecting iran next supreme leader met earlier discus pick familiar name emerged frontrunner mojtaba khamenei son iran 10909,2,Economic Impact & Oil Markets,0.8957,0.215,0.785,0.0,Positive,0.08333333333333333,0.36666666666666664
reuters,Israeli airstrikes pound Beirut in escalating conflict,2026-03-06 08:12:30+00:00,https://www.rte.ie/news/middle-east/2026/0306/1561939-israel-lebanon/,news,israeli airstrikes pound beirut escalating conflict israeli airstrikes pounded southern suburb beirut today smashing city street escalating conflict iran backed hezbollah sent ten thousand lebanese home israeli airstrikes pounded southern suburb beirut today smashing city street escalating conflict iran backed hezbollah sent ten thousand lebanese 4729,0,Military Operations & Strikes,-0.6908,0.044,0.818,0.138,Negative,0.0,0.0
reuters,Israel warns people to leave Beirut's southern suburbs,2026-03-05 21:39:04+00:00,https://japantoday.com/category/world/israel-warns-people-to-leave-beirut%27s-southern-suburbs,news,israel warns leave beirut southern suburb israel warned resident leave beirut southern suburb including hezbollah controlled area thursday prompting exodus swathe capital known dahiyeh far right israeli soon resemble part gaza sugges israel warned resident leave beirut southern suburb including hezbollah controlled area thursday prompting exodus swathe capital known dahiyeh far right isra 3637,3,Civilian Casualties & Humanitarian,-0.6369,0.0,0.839,0.161,Negative,0.11020408163265305,0.4387755102040816
reuters,Lebanon's humanitarian crisis worsens as fighting continues,2026-03-24 18:06:00+00:00,https://www.dw.com/en/lebanons-humanitarian-crisis-worsens-as-fighting-continues/a-76512884,news,lebanon humanitarian crisis worsens fighting continues conflict israel hezbollah continuing israel announced occupy lebanon south long term stake hundred thousand displaced lebanese civilian monday tuesday lebanese israeli civilian woke explosion fighting israel iran backed hezbollah group continued situation catastrophic sukaina 7120,0,Military Operations & Strikes,-0.9485,0.021,0.644,0.335,Negative,-0.05,0.4
reuters,'Let them self-destruct': Iran war rift inside MAGA goes public,2026-03-17 04:03:01+00:00,https://www.abc.net.au/news/2026-03-17/iran-war-splits-trump-maga-base/106462756,news,let self destruct iran war rift inside maga go public civil war within maga movement getting lewd prominent right wing figure feud online war iran civil war within maga movement getting lewd prominent right wing figure feud online war iran fox commentator mark levin staunch supporter israel 5578,3,Civilian Casualties & Humanitarian,-0.9719,0.094,0.518,0.388,Negative,0.3142857142857142,0.6276190476190476
reuters,Why Trump has suddenly developed a taste for attacking other countries,2026-03-01 01:32:43+00:00,https://www.abc.net.au/news/2026-03-01/trump-iran-taste-for-attacking-other-countries/106402042,news,trump suddenly developed taste attacking country trump proclaimed especially proud first decade started war thing changed republican unusually critical led mission afghanistan iraq promised going start war going stop war election 2024 shamelessly 5242,0,Military Operations & Strikes,-0.9432,0.112,0.474,0.415,Negative,0.3375,0.6083333333333334
reuters,"After a week of war, Trump demands Iran's 'unconditional surrender'",2026-03-06 21:36:41+00:00,https://japantoday.com/category/world/after-a-week-of-war-trump-demands-iran%27s-%27unconditional-surrender%272,news,war trump demand iran unconditional surrender donald trump demanded iran unconditional surrender friday dramatic escalation demand war launched alongside israel difficult negotiate swift end hostility trump donald trump demanded iran unconditional surrender friday dramatic escalation demand war launched alongside israel diffic 6006,1,Diplomatic Efforts & Peace Talks,-0.9648,0.08,0.485,0.435,Negative,-0.45555555555555555,0.7333333333333334
reuters,Israel launches 'limited' ground assault in Lebanon,2026-03-16 17:20:51+00:00,https://www.rte.ie/news/world/2026/0316/1563754-israel-lebanon-invasion/,news,israel launch limited ground assault lebanon israeli military carrying described limited ground operation hezbollah southern lebanon defence warning displaced return home northern israel secure israeli military carrying described limited ground operation hezbollah southern lebanon defence warning displaced 4211,0,Military Operations & Strikes,-0.8442,0.107,0.598,0.295,Negative,-0.0017857142857142828,0.15357142857142855
reuters,US oil prices notch biggest weekly surge since at least 1985 as Iran war disrupts Strait of Hormuz,2026-03-06 19:06:33+00:00,https://finance.yahoo.com/news/us-oil-prices-notch-biggest-weekly-surge-since-at-least-1985-as-iran-war-disrupts-strait-of-hormuz-190633977.html,news,oil price notch biggest weekly surge since least 1985 iran war disrupts strait hormuz oil price notched biggest weekly gain since least 1985 friday conflict headed toward mark critical strait oil price notched biggest weekly gain since least 1985 friday conflict headed toward mark critical strait hormuz remained essentially closed thro 4547,1,Diplomatic Efforts & Peace Talks,-0.6486,0.105,0.693,0.202,Negative,-0.16666666666666666,0.48333333333333334
reuters,Cheap drones allowing war with volume,2026-03-24 07:18:55+00:00,https://flowingdata.com/2026/03/24/cheap-drones-allowing-war-with-volume/,news,cheap drone allowing war volume unmanned relatively cheap drone manufactured high volume changed airspace typically dominated expensive jet trained pilot illustrates shift allow unmanned relatively cheap drone manufactured high volume changed airspace typically dominated expensive jet trained pilot illustrates shift allowed 927,0,Military Operations & Strikes,-0.4588,0.041,0.873,0.085,Negative,0.020740740740740764,0.62
reuters,British military base in Cyprus targeted in suspected drone attack,2026-03-02 08:13:09+00:00,https://www.aljazeera.com/news/2026/3/2/british-military-base-in-cyprus-targeted-in-suspected-drone-attack,news,british military base cyprus targeted suspected drone attack attack mark first strike british military base cyprus since 1986 escalating regional tension united kingdom royal air force base akrotiri cyprus witnessed suspected iranian drone attack overnight island british ministry defence prime 2545,3,Civilian Casualties & Humanitarian,-0.8934,0.079,0.603,0.318,Negative,-0.2611111111111111,0.3925925925925926
reuters,Turkiye says Iranian ballistic missile intercepted by NATO air defences,2026-03-09 15:38:43+00:00,https://www.aljazeera.com/news/2026/3/9/turkiye-says-iranian-ballistic-missile-intercepted-by-nato-air-defences,news,turkiye iranian ballistic missile intercepted nato air defence ministry national defence casualty damage missile shot southern city gaziantep turkish ministry national defence nato air defence intercepted ballistic missile launched iran towards turkiye concern grow united state israel war iran 2981,4,Geopolitical Alliances & Reactions,-0.6808,0.193,0.603,0.204,Negative,0.0,0.0
reuters,"India, Europe feel fuel crunch as Gulf gas supplies disrupted amid war",2026-03-03 10:19:09+00:00,https://www.aljazeera.com/news/2026/3/3/india-europe-feel-fuel-crunch-as-gulf-gas-supplies-disrupted-amid-war,news,india europe feel fuel crunch gulf gas supply disrupted amid war india europe bear brunt soaring price qatar halt liquefied natural gas production indian company reduced natural gas supply industry anticipation tighter supply middle east top global producer qatar halted liquefied natural gas lng production 2879,2,Economic Impact & Oil Markets,0.5859,0.196,0.733,0.071,Positive,0.13333333333333333,0.2833333333333334
reuters,Global airlines hike ticket prices as Iran war sends costs soaring,2026-03-10 17:14:15+00:00,https://www.aljazeera.com/economy/2026/3/10/global-airlines-hike-ticket-prices-as-iran-war-sends-costs-soaring,news,global airline hike ticket price iran war sends cost soaring war sent oil price surging upending global travel pushing airline ticket cost route sky high australia qantas airway scandinavia sa air zealand announced airfare hike blaming abrupt spike cost fuel caused israel attack iran rattling 4911,6,Media Narratives & Propaganda,-0.9337,0.0,0.749,0.251,Negative,0.00875,0.385
reuters,"Energy, water, bonds: What are Iran’s targets if Trump hits power plants?",2026-03-23 15:13:50+00:00,https://www.aljazeera.com/news/2026/3/23/energy-water-bonds-what-are-irans-targets-if-trump-hits-power-plants,news,energy water bond iran target trump hit power plant donald trump strait hormuz deadline iran raise concern attack energy middle east united state donald trump ordered department defense trump administration call department war pause attack iran power infrastructure five day 9938,1,Diplomatic Efforts & Peace Talks,-0.5574,0.162,0.646,0.192,Negative,0.0,0.0
reuters,Russia giving Iran intelligence info in ‘comprehensive effort’ to attack US in Middle East: report,2026-03-06 14:13:44+00:00,https://nypost.com/2026/03/06/world-news/russia-giving-iran-information-in-effort-to-attack-us-in-middle-east/,news,russia giving iran intelligence info comprehensive effort attack middle east report russia sharing intelligence iran location force middle east attempt help tehran fight back report russia sharing intelligence iran location force middle east attempt help tehran fight back report kremlin passed locat 1269,4,Geopolitical Alliances & Reactions,0.9371,0.386,0.484,0.13,Positive,0.0,0.0
reuters,Deaths and debts: Missiles in Gulf shake millions of South Asian families,2026-03-26 06:26:10+00:00,https://www.aljazeera.com/features/2026/3/26/deaths-and-debts-missiles-in-gulf-shake-millions-of-south-asian-families,news,death debt missile gulf shake million south asian family killed iran gulf attack south asia entire economy back home edge united state israeli war iran iran attack gulf neighbour jaya khuntia spoke often doha based son kuna phone march 10pm 7661,4,Geopolitical Alliances & Reactions,-0.9633,0.048,0.564,0.388,Negative,-0.05,0.15625
reuters,Trump monitoring possible terror sleeper cells and potential for Iranian drone attacks in California,2026-03-12 08:10:22+00:00,https://nypost.com/2026/03/12/us-news/trump-monitoring-possible-terror-sleeper-cells-and-potential-for-iranian-drone-attacks-in-california/,news,trump monitoring possible terror sleeper cell potential iranian drone attack california trump indicated aware alarming fbi memo issued law enforcement california warning iran deploy drone vessel golden state coastline attack mainland trump revealed wednesday he briefed possibility iranian terrorist sleeper cell activated attack american indicated aware alarmin 1264,1,Diplomatic Efforts & Peace Talks,-0.9652,0.0,0.658,0.342,Negative,0.09999999999999999,0.5142857142857143
reuters,"Iran’s missiles ‘down 90%’, drone attacks down 95%, Hegseth says",2026-03-13 13:11:21+00:00,https://nypost.com/2026/03/13/us-news/irans-missiles-down-90-drone-attacks-down-95-hegseth-says/,news,iran missile drone attack hegseth secretary war pete hegseth friday iran missile volume way suicide drone attack decreased secretary war pete hegseth friday iran missile volume way suicide drone attack decreased follow post live coverage trump 1075,0,Military Operations & Strikes,-0.9801,0.0,0.535,0.465,Negative,-0.22121212121212122,0.6333333333333333
reuters,"Ukraine fends off increased attacks, strikes Russian oil revenue",2026-03-27 08:04:34+00:00,https://www.aljazeera.com/features/2026/3/27/ukraine-fends-off-increased-attacks-strikes-russian-oil-revenue,news,ukraine fends increased attack strike russian oil revenue russia launch possible spring offensive make significant gain ukraine hit oil terminal response russia stepped assault ukraine east start spring offensive launched air assault record size ukraine western city ukraine responded 6537,4,Geopolitical Alliances & Reactions,-0.886,0.154,0.526,0.319,Negative,0.09375,0.46875
reuters,Iranian Drone Attack Strikes US Consulate In Dubai,2026-03-03 21:56:20+00:00,https://dailycaller.com/2026/03/03/iranian-drone-strikes-us-consulate-in-dubai/,news,iranian drone attack strike consulate dubai iranian drone struck united state consulate dubai uae tuesday similar iranian attack embassy saudi arabia secretary state marco rubio confirmed israeli force continue strike target coun iranian drone struck united state consulate dubai uae tuesday similar iranian attack embassy saudi arabia secretary state marco rubio confirmed 2498,4,Geopolitical Alliances & Reactions,-0.8271,0.085,0.668,0.247,Negative,0.2,0.7
reuters,Kurdish opposition mulls whether to trust Trump after Iran uprising call,2026-03-06 15:24:47+00:00,https://www.aljazeera.com/news/2026/3/6/kurdish-opposition-mulls-whether-to-trust-trump-after-iran-uprising-call,news,kurdish opposition mull whether trust trump iran uprising call iranian kurd weigh risk fighting uncertain israeli support uprising uncertainty israeli war aim slowing iranian kurdish opposition group urged donald trump rise islamic republic kurdish analyst jazeer 8345,1,Diplomatic Efforts & Peace Talks,-0.7269,0.122,0.611,0.267,Negative,0.0,0.0
reuters,Oil Price Today (March 26): Crude oil above $100 again as Iran rejects US proposal to end war. $150 in sight?,2026-03-26 02:09:44+00:00,https://economictimes.indiatimes.com/markets/commodities/news/oil-price-today-march-26-crude-oil-above-100-again-as-iran-rejects-us-proposal-to-end-war-150-in-sight/articleshow/129814457.cms,news,oil price today march crude oil 100 iran reject proposal end war 150 sight oil price saw rebound market reassessed middle east escalation prospect iran reviewing proposal end conflict significantly disrupted global energy flow despite ongoing tension potential supply disruption analyst oil price edged higher thursday recovering part previous session loss market reassessed likelihood escalation middle east iran indicated still reviewing 3209,2,Economic Impact & Oil Markets,-0.903,0.082,0.691,0.227,Negative,-0.030208333333333327,0.4427083333333333
reuters,Trump Says Iran War Will Be Over “When I Feel It in My Bones”,2026-03-13 18:33:05+00:00,https://newrepublic.com/post/207763/donald-trump-iran-war-over-feel-bones,news,trump iran war feel bone week directed american force bomb iran donald trump revealed notion war end white house thus far refused provide slightest semblance timeline latest unfounded middle east war shahed drone capable flying low slow facet design difficult target air defense military mostly successful intercepting 943,2,Economic Impact & Oil Markets,-0.93,0.117,0.562,0.321,Negative,0.05909090909090909,0.45909090909090905
reuters,"Russia fires nearly 400 drones at Ukraine, with UNESCO site damaged",2026-03-24 19:51:42+00:00,https://www.abc.net.au/news/2026-03-25/russia-daytime-drones-attack-on-ukraine-unesco-site/106493944,news,russia fire nearly 400 drone ukraine unesco site damaged killed wounded rare daytime attack including city lviv four killed overnight bombardment rare russian daytime drone attack ukraine killed least wounded set building century old centre western lviv aflame following 3402,0,Military Operations & Strikes,-0.9776,0.0,0.569,0.431,Negative,-0.009090909090909096,0.26363636363636367
reuters,US Serves Iran Taste Of Its Own Medicine In Kamikaze Attacks,2026-03-03 16:06:11+00:00,https://dailycaller.com/2026/03/03/us-iran-drone-warfare-pete-hegseth-spektre-works-space-x/,news,serf iran taste medicine kamikaze attack debuted low cost suicide drone eight month pentagon unveiled low cost uncrewed combat attack system lucas done united state debuted low cost suicide drone conflict iran tuesday eight month pentagon unveiled low cost uncrewed combat attack system lucas drone amid 3170,1,Diplomatic Efforts & Peace Talks,-0.9818,0.04,0.482,0.479,Negative,0.0,0.3
reuters,Iranian attack on US soil likely with ‘thousands’ of vengeful sleeper cells in country: ‘Not a matter of if but when’,2026-03-13 13:42:09+00:00,https://nypost.com/2026/03/13/us-news/iranian-attack-on-us-soil-likely-not-a-matter-of-if-but-when/,news,iranian attack soil likely thousand vengeful sleeper cell matter retired topgun navy fighter pilot matthew whiz buckley american vulnerable iranian hungry retaliate killed supreme leader unleashed war across middle east iran attack american thousand sleeper cell hiding across along innovative drone assault never seen former top fighter pilot cautioned 4632,4,Geopolitical Alliances & Reactions,-0.9359,0.15,0.515,0.335,Negative,0.03333333333333334,0.3333333333333333
reuters,Oscars security will be biggest in award show’s history amid Iran terror threat,2026-03-14 00:13:27+00:00,https://nypost.com/2026/03/13/us-news/oscars-security-will-be-biggest-in-award-shows-history-amid-iran-terror-threat/,news,oscar security biggest award show history amid iran terror threat authority deploying personnel ever oscar setting mile security perimeter around award show fbi warned potential iranian drone strike california security 98th acad authority deploying personnel ever oscar setting mile security perimeter around award show fbi warned potential iranian drone str 4179,1,Diplomatic Efforts & Peace Talks,0.8481,0.314,0.512,0.173,Positive,0.0,1.0
reuters,US mass shooting possibly motivated by Iran strikes – media (VIDEOS),2026-03-02 00:31:29+00:00,https://www.rt.com/news/633418-texas-mass-shooting-terrorism/,news,mass shooting possibly motivated iran strike medium video gunman killed austin driven strike iran law enforcement source cited medium full com gunman killed injured dozen texas motivated strike iran killed supreme leader caused widespread civilian casualty 2568,4,Geopolitical Alliances & Reactions,-0.926,0.161,0.436,0.404,Negative,-0.05000000000000001,0.31
reuters,US debuts suicide drone in Iran after fast-tracked Pentagon procurement (Reuters),2026-03-03 20:20:00+00:00,https://www.memeorandum.com/260303/p102,news,debut suicide drone iran fast tracked pentagon procurement debut suicide drone iran fast tracked pentagon procurement successfully debuted low cost suicide drone combat iran eight month pentagon unveiling push accelerate weapon program memeorandum auto generated summary story political commentator discussing online right unlike sister site techmeme mediagazer human edited,3,Civilian Casualties & Humanitarian,-0.9517,0.049,0.642,0.309,Negative,0.2051020408163265,0.4551020408163265
reuters,Somber day as Trump attends ceremony for six soldiers killed in Iran: ‘Great heroes in our country’,2026-03-07 18:59:53+00:00,https://nypost.com/2026/03/07/us-news/solemn-day-as-trump-attends-ceremony-for-six-soldiers-killed-in-iran-great-heroes-in-our-country/,news,somber trump attends ceremony six soldier killed iran great hero trump joined solemn ceremony dover air force base saturday mark final homecoming six army reserve soldier killed iranian drone struck facility kuwait trump joined somber ceremony dover air force base saturday mark final homecoming six army reserve soldier killed iranian drone struck facility kuwait air 4964,2,Economic Impact & Oil Markets,-0.9403,0.099,0.589,0.312,Negative,-0.175,0.59375
reuters,Russia fires nearly 400 drones at Ukraine with signs its spring offensive has begun,2026-03-25 05:23:28+00:00,https://www.abc.net.au/news/2026-03-25/russia-fires-nearly-400-drones-ukraine-spring-offensive/106495618,news,russia fire nearly 400 drone ukraine sign spring offensive begun russia anticipated annual spring offensive appears started major drone assault civilian area coinciding multiple attempt break frontline ukrainian defence major russian drone missile attack civilian area ukraine reportedly killed six injured least moscow army step effort break ukrainian frontline 5633,0,Military Operations & Strikes,-0.9697,0.021,0.635,0.344,Negative,-0.03928571428571429,0.2571428571428571
reuters,"Trump encourages Iranian Kurds to attack Iran, but will he help them?",2026-03-06 14:53:43+00:00,https://www.cbsnews.com/news/us-iran-war-will-trump-help-iranian-kurdish-fighters-attack-regime/,news,trump encourages iranian kurd attack iran help iran kurdish minority long pushed downfall islamic republic move need help northern iraq seven day israeli war iran trump end goal remains vaguely defined however want clean islamic republic 5143,1,Diplomatic Efforts & Peace Talks,0.5106,0.249,0.609,0.142,Positive,-0.061111111111111116,0.5333333333333333
reuters,How much damage has Iran done to US bases in the Middle East?,2026-03-02 21:08:55+00:00,https://www.rt.com/news/633541-iran-attacks-us-bases/,news,much damage iran done base middle east iranian drone missile force struck american military target six middle eastern country full com within hour launching operation epic fury iran tehran force unleashed retaliatory strike american military base middle east killing four troop destr 7515,4,Geopolitical Alliances & Reactions,-0.93,0.0,0.72,0.28,Negative,-0.09583333333333334,0.2791666666666667
reuters,Pentagon identifies two soldiers killed in Iran war (Christian Martinez/Reuters),2026-03-05 07:05:00+00:00,https://www.memeorandum.com/260305/p3,news,pentagon identifies soldier killed iran war christian martinez christian martinez pentagon identifies soldier killed iran war pentagon wednesday identified soldier killed war iran army reserve soldier died sunday drone attack memeorandum auto generated summary story political commentator discussing online right unlike sister site techmeme mediagazer human edited,3,Civilian Casualties & Humanitarian,-0.9871,0.0,0.55,0.45,Negative,-0.0392857142857143,0.0919642857142857
reuters,BREAKING: UAE Oil Facility Catches Fire After Iran Drone Strike Amid US Troop Deployment,2026-03-14 15:10:40+00:00,https://www.mediaite.com/media/news/breaking-uae-oil-facility-catches-fire-after-iran-drone-strike-amid-us-troop-deployment/,news,breaking uae oil facility catch fire iran drone strike amid troop deployment conflict iran israel continuing escalate iran threatening uae oil port drone attack soon following post breaking uae oil facility catch fire iran drone strike amid troop deployment first appeared conflict iran israel continuing escalate iran threatening uae oil port drone attack soon following donald trump announced friday strike 2002,4,Geopolitical Alliances & Reactions,-0.9716,0.0,0.65,0.35,Negative,0.08333333333333333,0.17777777777777778
reuters,"US Sub Sinks Iranian Warship off Sri Lanka, Killing 87 and Expanding War Zone",2026-03-04 17:26:00+00:00,https://www.dailysignal.com/2026/03/04/us-sub-sinks-iranian-warship-off-sri-lanka-killing-87-and-expanding-war-zone/,news,sub sink iranian warship sri lanka killing expanding war zone submarine sank iranian warship southern coast sri lanka killing dozen sailor dramatically widening washington pursuit post sub sink iranian warship sri lanka killing expanding submarine sank iranian warship southern coast sri lanka killing dozen sailor dramatically widening washington pursuit iranian navy sri lanka deputy 3190,0,Military Operations & Strikes,-0.9805,0.0,0.619,0.381,Negative,0.0,0.0
reuters,What is LNG and what is it used for?,2026-03-27 10:53:24+00:00,https://www.aljazeera.com/news/2026/3/27/what-is-lng-and-what-is-it-used-for,news,lng used natural gas power quarter almost fifth lng move strait hormuz united state israeli war iran hit critical liquified natural gas lng supply gulf triggering severe disruption recent year global energy market shipping 7611,1,Diplomatic Efforts & Peace Talks,-0.34,0.205,0.56,0.234,Negative,0.04,0.37
reuters,"US soldiers killed during Iranian strike in Kuwait remembered as devoted parents, dedicated patriots",2026-03-04 15:06:36+00:00,https://nypost.com/2026/03/04/us-news/us-soldiers-killed-during-iranian-strike-in-kuwait-remembered-as-devoted-parents-dedicated-patriots/,news,soldier killed iranian strike kuwait remembered devoted parent dedicated patriot soldier died israel launched military campaign iran sgt 1st class nicole amor day away returning home husband child drone strike command center kuwait killed five service member 5212,0,Military Operations & Strikes,-0.6597,0.201,0.52,0.28,Negative,-0.15000000000000002,0.05
reuters,US Takes Out Iranian Behind Alleged Plot to Kill Trump,2026-03-05 16:01:45+00:00,https://www.dailysignal.com/2026/03/05/us-takes-out-iranian-behind-alleged-plot-to-kill-trump/,news,take iranian behind alleged plot kill trump military killed iranian allegedly orchestrated 2024 plot assassinate donald trump pentagon announced iran tried kill trump post take iranian behind alleged military killed iranian allegedly orchestrated 2024 plot assassinate donald trump pentagon announced iran tried kill trump 2139,1,Diplomatic Efforts & Peace Talks,-0.9779,0.0,0.634,0.366,Negative,-0.18000000000000002,0.2
reuters,"ADF personnel are 'safe' after Dubai air base strike, defence minister says",2026-03-02 23:39:31+00:00,https://www.abc.net.au/news/2026-03-03/adf-personnel-safe-after-dubai-air-base-strike/106408590,news,adf personnel safe dubai air base strike defence defence richard marles confirms australian personnel safe accounted air base used australian force hit iranian drone near dubai defence richard marles confirmed australian personnel safe accounted iran struck air base used australian force near dubai marles iranian drone 2345,4,Geopolitical Alliances & Reactions,0.8126,0.233,0.704,0.063,Positive,-0.02307692307692309,0.48461538461538467
reuters,Russia Launches Largest One-Day Drone Blitz Of Ukraine War,2026-03-25 22:30:11+00:00,https://www.shtfplan.com/war/russia-launches-largest-one-day-drone-blitz-of-ukraine-war,news,russia launch largest drone blitz ukraine war least seven killed ukraine tuesday russia launched truly massive drone attack largest four war counting drone cruise missile 979 warhead poured ukrainian airspace diplomatic originally tyler durden zerohedge least seven killed ukraine tuesday russia launched truly massive drone attack 3109,0,Military Operations & Strikes,-0.9531,0.128,0.538,0.334,Negative,-0.08928571428571429,0.5071428571428571
reuters,Beirut under threat in rapidly widening war,2026-03-05 19:45:21+00:00,https://www.abc.net.au/news/2026-03-06/us-israel-continue-strikes-on-iran-lebanon/106419060,news,beirut threat rapidly widening war israeli campaign iran continues expand israeli evacuation order across southern suburb beirut raising fear rapidly widening war usisraeli campaign iran continues expand israeli evacuation order across southern suburb beirut raising fear rapidly widening war israeli military ordered 5486,0,Military Operations & Strikes,-0.9578,0.075,0.573,0.352,Negative,-0.03333333333333333,0.03333333333333333
reuters,US seeks Hamas ‘political surrender’ in new Gaza plan,2026-03-26 08:42:56+00:00,https://www.aljazeera.com/news/2026/3/26/us-seeks-hamas-political-surrender-in-new-gaza-plan,news,seek hamas political surrender gaza plan analyst disarmament proposal exploit regional war enforce inequitable plan gaza united state envoy presented written demand complete disarmament hamas allied palestinian armed faction gaza strip part plan ensure expert 5923,3,Civilian Casualties & Humanitarian,-0.1027,0.125,0.718,0.157,Negative,0.05,0.25
reuters,How close is a ceasefire deal in Iran?,2026-03-26 18:58:19+00:00,https://www.abc.net.au/news/2026-03-27/will-us-donald-trump-ceasefire-deal-iran-war/106500480,news,close ceasefire deal iran donald trump iran want ceasefire deal tehran even talking going likely ceasefire donald trump proclaimed iran desperate ceasefire deal four week fighting iran saying true even talking direc 6596,1,Diplomatic Efforts & Peace Talks,-0.1779,0.108,0.765,0.127,Negative,-0.08333333333333333,0.8833333333333333
reuters,Hamas meets Trump’s ‘Board of Peace’ for first time – Reuters,2026-03-16 16:39:39+00:00,https://www.rt.com/news/635218-hamas-gaza-trump-peace-board/,news,hamas meet trump board peace first hamas met first led board peace discus stalled gaza plan amid iran war full com hamas held first talk newly established usled board peace postwar gaza reconstruction plan come strain iran war continued israeli strike encla 2271,4,Geopolitical Alliances & Reactions,0.0516,0.182,0.606,0.213,Positive,0.24727272727272726,0.4009090909090909
reuters,"One month in, disapproval high but US lawmakers take no action on Iran war",2026-03-28 15:39:46+00:00,https://www.aljazeera.com/news/2026/3/28/one-month-in-disapproval-high-but-us-lawmakers-take-no-action-on-iran-war,news,month disapproval high lawmaker take action iran war republican democrat remain entrenched despite public polling showing dismay war petrol price washington war middle east knock effect rising petrol price roiled united state public slate poll month israeli war 8911,6,Media Narratives & Propaganda,-0.9485,0.052,0.609,0.339,Negative,0.052000000000000005,0.15466666666666667
reuters,"China's Wang Yi says attacks on Iran 'unacceptable', urges ceasefire and talks (Reuters)",2026-03-01 14:10:00+00:00,https://www.memeorandum.com/260301/p14,news,china wang attack iran unacceptable urge ceasefire talk china wang attack iran unacceptable urge ceasefire talk china foreign wang russia foreign sergei lavrov sunday attack united state israel iran iran negotiati memeorandum auto generated summary story political commentator discussing online right unlike sister site techmeme mediagazer human edited,6,Media Narratives & Propaganda,-0.91,0.047,0.699,0.255,Negative,0.00714285714285714,0.19714285714285712
reuters,Report: Iran demands Hezbollah inclusion in any ceasefire deal,2026-03-25 23:15:52+00:00,https://www.israelnationalnews.com/news/424583,news,report iran demand hezbollah inclusion ceasefire deal iran reportedly informed mediator ceasefire agreement united state israel must include lebanon hezbollah iran intermediary lebanon must included ceasefire agreement united state israel six regional source familiar iran position wednesday accordin 2153,2,Economic Impact & Oil Markets,0.8885,0.253,0.716,0.032,Positive,0.375,0.5
reuters,"2 Top Iranian Leaders Eliminated, Israel Says",2026-03-17 15:25:00+00:00,https://www.dailysignal.com/2026/03/17/2-top-iranian-leaders-eliminated-israel-says/,news,top iranian leader eliminated israel top iranian leader killed united state israel continue joint operation iranian regime ali larijani secretary post top iranian leader eliminated israel appeared first daily sign top iranian leader killed united state israel continue joint operation iranian regime ali larijani secretary iran supreme national security council 2828,4,Geopolitical Alliances & Reactions,0.7003,0.273,0.596,0.131,Positive,0.23124999999999998,0.29166666666666663
reuters,US insists peace talks 'have not' hit dead end as Iran denies negotiations are underway,2026-03-25 20:33:06+00:00,https://www.abc.net.au/news/2026-03-26/us-insists-peace-talks-with-iran-have-not-hit-dead-end/106496458,news,insists peace talk hit dead end iran denies negotiation underway white house press secretary karoline leavitt insists iran ongoing talk despite repeated denial iranian iran foreign abbas araqchi tehran reviewing proposal end war insists exchanging message mediator mean negotiation speaking 2434,1,Diplomatic Efforts & Peace Talks,-0.8176,0.068,0.718,0.214,Negative,-0.159375,0.303125
reuters,Trump Demands ‘Unconditional Surrender’ To End Iran War,2026-03-06 14:37:29+00:00,https://dailycaller.com/2026/03/06/trump-unconditional-surrender-iran-war-strikes/,news,trump demand unconditional surrender end iran war donald trump wrote friday morning truth social post deal iran besides unconditional surrender leadership trump post came less military carried operation donald trump wrote friday morning truth social post deal iran besides unconditional surrender leadership trump post came le 2650,1,Diplomatic Efforts & Peace Talks,-0.2023,0.087,0.811,0.102,Negative,-0.05,0.075
reuters,"Iran Dismisses U.S. Ceasefire Plan, Lists Counter-Demands, State Media Reports",2026-03-27 06:00:00+00:00,https://www.naturalnews.com/2026-03-27-iran-dismisses-us-ceasefire-plan-lists-counter-demands.html,news,iran dismisses ceasefire plan list counter demand state medium report introduction iran formally rejected point ceasefire proposal united state report iranian state medium wednesday march 2026 report state run broadcaster press cited unnamed senior iranian offic introduction iran formally rejected point ceasefire proposal united state report iranian state medium wednesday march 2026 report state 6593,1,Diplomatic Efforts & Peace Talks,-0.3612,0.088,0.785,0.127,Negative,0.0,0.0
reuters,What The US Conflict With Iran Means For Global Energy,2026-02-28 12:30:22+00:00,https://www.forbes.com/sites/guneyyildiz/2026/02/28/the-first-shots-of-a-new-order-what-the-us-iran-war-means-for-global-energy/,news,conflict iran mean global energy israeli strike iran tehran response reshapes region oil lng hormuz shipping strait hormuz handle global oil effectively war zone photo copyright 2026 associated press right reserved united state israel launched coordina 11152,1,Diplomatic Efforts & Peace Talks,0.1531,0.198,0.638,0.164,Positive,0.11464285714285713,0.4046428571428572
reuters,"Israel and Lebanon expected to hold talks soon, Israeli officials say",2026-03-15 21:22:25+00:00,https://japantoday.com/category/world/israel-and-lebanon-expected-to-hold-talks-soon-israeli-officials-say,news,israel lebanon expected hold talk soon israeli israel lebanon expected hold talk coming day aimed securing durable ceasefire see hezbollah disarmed israeli sunday though timing term yet agreed beirut forming delegation israel lebanon expected hold talk coming day aimed securing durable ceasefire see hezbollah disarmed israeli sunday though timing 1994,2,Economic Impact & Oil Markets,0.6908,0.125,0.875,0.0,Positive,-0.10000000000000002,0.4000000000000001
reuters,"Iran hit with 'most intense' day of strikes, Hegseth says",2026-03-10 18:57:27+00:00,https://www.abc.net.au/news/2026-03-11/iran-hit-with-most-intense-day-of-strikes-hegseth-says/106439622,news,iran hit intense strike hegseth pounding iran intense strike since war began defense secretary pete hegseth pounding iran intense strike since war began defense secretary pete hegseth israel launched wave strike lebanon 4838,0,Military Operations & Strikes,-0.8126,0.194,0.486,0.319,Negative,0.20000000000000004,1.0
reuters,What we know and don't know about the Iran war negotiations,2026-03-25 18:30:00+00:00,https://www.abc.net.au/news/2026-03-26/what-we-know-about-iran-war-negotiations/106496052,news,know know iran war negotiation donald trump surprising claim talk iran yielding great progress raised confusion war whose goal already unclear donald trump surprising claim talk iran yielding great progress raised confusion war whose goal already unclear basic 9533,2,Economic Impact & Oil Markets,-0.2732,0.281,0.406,0.314,Negative,0.6,0.525
reuters,Bitcoin ETFs log biggest outflows in 3 weeks as Iran war fears rise,2026-03-27 09:36:19+00:00,https://cointelegraph.com/markets/bitcoin-etfs-sell-off-investors-fear-weekend-escalation,news,bitcoin etf log biggest outflow week iran war fear rise bitcoin etf saw significant outflow 171 million thursday market participant feared another weekend escalation israel conflict iran spot bitcoin exchange traded fund etf logged 171 million outflow thursday biggest redemption since march posted 348 million outflow blackrocks ishar 3065,2,Economic Impact & Oil Markets,-0.8957,0.031,0.753,0.216,Negative,0.375,0.875
reuters,"Report: Israel and Lebanon may hold talks on ceasefire, Hezbollah disarmament",2026-03-16 03:13:18+00:00,https://www.israelnationalnews.com/news/424002,news,report israel lebanon hold talk ceasefire hezbollah disarmament israel lebanon reportedly preparing talk aimed durable ceasefire hezbollah disarmament though date set israel lebanon expected hold talk coming day aimed securing durable ceasefire include disarmament hezbollah israeli sunday 1747,2,Economic Impact & Oil Markets,0.3182,0.059,0.941,0.0,Positive,-0.1,0.4
reuters,Iran Is Reviewing US Ceasefire Plan but Denies Talks; Trump Says Tehran Wants Deal,2026-03-26 09:47:33+00:00,https://www.insurancejournal.com/news/international/2026/03/26/863516.htm,news,iran reviewing ceasefire plan denies talk trump tehran want deal donald trump iran desperate deal end nearly four week fighting contradicting iranian foreign reviewing proposal intention holding talk donald trump iran desperate deal end nearly four week fighting contradicting iranian foreign reviewing proposal 6682,1,Diplomatic Efforts & Peace Talks,-0.9287,0.024,0.663,0.313,Negative,-0.20833333333333334,0.5083333333333333
reuters,Live: Iran 'not seeking ceasefire' as US and Israel continue to pummel Tehran,2026-03-10 18:37:04+00:00,https://www.abc.net.au/news/2026-03-11/middle-east-blog-march-11/106439598,news,live iran seeking ceasefire israel continue pummel tehran defense secretary pete hegseth hitting iran intense strike since war began follow live united state israel pounding iran pentagon iranian ground intense airstrikes war far today yet intense 497,0,Military Operations & Strikes,-0.6249,0.176,0.624,0.2,Negative,0.1621212121212121,0.8333333333333334
reuters,Israel Expands Lebanon War Front with Airstrikes in Beirut,2026-03-09 21:52:00+00:00,https://www.breitbart.com/national-security/2026/03/09/israel-expands-lebanon-war-front-with-airstrikes-in-beirut/,news,israel expands lebanon war front airstrikes beirut israeli military sunday targeted commander quds force elite foreign espionage unit iran islamic revolutionary guard corp irgc airstrikes beirut post israel expands lebanon war front airstrikes israeli military sunday targeted commander quds force elite foreign espionage unit iran islamic revolutionary guard corp irgc airstrikes beirut 5353,3,Civilian Casualties & Humanitarian,-0.7906,0.047,0.822,0.131,Negative,-0.1125,0.1125
reuters,"Iran says it will not seek ceasefire, vows to punish 'aggressor'",2026-03-10 23:25:00+00:00,https://www.israelnationalnews.com/news/423721,news,iran seek ceasefire vow punish aggressor iran parliament speaker tehran seeking ceasefire israel vow aggressor punished iranian parliament speaker mohammad bagher ghalibaf declared tuesday iran seeking ceasefire war united state israel belief aggressor pun 2834,6,Media Narratives & Propaganda,-0.8979,0.06,0.602,0.338,Negative,0.0,0.0
reuters,"Israel strikes Iran, Trump says US negotiating to end war",2026-03-25 04:52:53+00:00,https://www.rte.ie/news/middle-east/2026/0325/1565076-iran-conflict/,news,israel strike iran trump negotiating end war israel struck iranian capital tehran israeli military iranian medium donald trump making progress effort negotiate end war report point plan sent tehran israel struck iranian capital tehran israeli military iranian medium donald trump making progress effort negotiate end war report 3989,1,Diplomatic Efforts & Peace Talks,-0.891,0.089,0.637,0.274,Negative,-0.1,0.1
reuters,Iran reviews ceasefire plan as Gulf states say war poses ‘existential threat’,2026-03-25 17:29:08+00:00,https://www.abc.net.au/news/2026-03-26/iran-rejects-ceasefire-plan-as-un-orders-a-stop-to-war-crimes-/106496228,news,iran review ceasefire plan gulf state war pose existential threat strike let across middle east target iran israel lebanon bahrain kuwait jordan saudi arabia coming fire iran appears reviewing america proposal end war gulf country tell united nation iranian strike pose existential threat civilian infrastructure despite 6414,4,Geopolitical Alliances & Reactions,-0.9451,0.045,0.631,0.324,Negative,0.0,0.0
reuters,US offers 15-point ceasefire plan as Israel and Iran airstrikes continue,2026-03-25 06:33:57+00:00,https://www.irishtimes.com/world/middle-east/2026/03/25/iran-war-live-updates-israel-us-trump-oil-prices/,news,offer point ceasefire plan israel iran airstrikes continue poised deploy 000 additional soldier elite 82nd airborne division middle east main point key read israel iran exchanged airstrikes israel iran exchanged airstrikes wednesday iran rejected donald trump claim united state negotia 3444,0,Military Operations & Strikes,0.128,0.104,0.824,0.072,Positive,0.05555555555555555,0.4444444444444444
reuters,"U.S. officials predict quick end to Iran war, while Tehran says it can outlast enemies",2026-03-15 21:21:54+00:00,https://japantoday.com/category/world/us-officials-predict-quick-end-to-iran-war-while-tehran-says-it-can-outlast-foes2,news,predict quick end iran war tehran outlast enemy responding economic uncertainty high oil price predicted sunday israeli war iran end within week drop energy cost follow despite iran assertion remains stable strong responding economic uncertainty high oil price predicted sunday israeli war iran end within week drop energy cost follow despi 5971,6,Media Narratives & Propaganda,-0.9382,0.131,0.541,0.327,Negative,0.24777777777777776,0.45222222222222225
reuters,Israel military says it launched 'limited' ground operations in south Lebanon,2026-03-16 10:13:40+00:00,https://www.cbc.ca/news/world/lebanon-israel-9.7130049,news,israel military launched limited ground operation south lebanon israeli military monday troop begun limited ground operation hezbollah position southern lebanon recent day bolster forward defence death toll israeli airstrikes climb israeli military monday troop begun limited ground operation hezbollah position southern lebanon recent day bolster forward defence death toll 2984,0,Military Operations & Strikes,-0.8807,0.072,0.702,0.226,Negative,-0.05142857142857142,0.12285714285714286
reuters,Syria sends thousands of troops to Lebanon border,2026-03-03 21:28:33+00:00,https://japantoday.com/category/world/syria-sends-thousands-of-troops-to-lebanon-border-sources-say,news,syria sends thousand troop lebanon border syria reinforced border lebanon rocket unit thousand troop eight syrian lebanese source tuesday conflict spread region including israel hezbollah lebanon source included five syrian syria reinforced border lebanon rocket unit thousand troop eight syrian lebanese source tuesday conflict spread region including israel 2413,3,Civilian Casualties & Humanitarian,-0.5574,0.0,0.911,0.089,Negative,0.0,0.0
reuters,"Israel strikes Iran, Trump says US negotiating to end war",2026-03-25 04:52:53+00:00,https://www.rte.ie/news/middle-east/2026/0325/1565076-iran-us-conflict/,news,israel strike iran trump negotiating end war israel struck iranian capital tehran israeli military iranian medium donald trump making progress effort negotiate end war report point plan sent tehran israel struck iranian capital tehran israeli military iranian medium donald trump making progress effort negotiate end war report 4190,1,Diplomatic Efforts & Peace Talks,-0.891,0.089,0.637,0.274,Negative,-0.1,0.1
reuters,"U.S., Israel pound Iran on heaviest day of strikes yet",2026-03-10 21:32:57+00:00,https://japantoday.com/category/world/heaviest-day-of-strikes-yet-on-iran-despite-market-bets-that-war-will-end-soon2,news,israel pound iran heaviest strike yet united state israel pounded iran tuesday pentagon iranian ground called intense airstrikes war despite global market betting donald trump seek end conflict soon raising united state israel pounded iran tuesday pentagon iranian ground called intense airstrikes war despite global market betting 6573,1,Diplomatic Efforts & Peace Talks,-0.6597,0.137,0.669,0.194,Negative,0.1,0.5
reuters,Israel Launches “Targeted” Invasions of Lebanon as World Focuses on Iran War,2026-03-16 20:26:00+00:00,https://truthout.org/articles/israel-launches-targeted-invasions-of-lebanon-as-world-focuses-on-iran-war/,news,israel launch targeted invasion lebanon focus iran war senior israeli axios military going gaza truthout indispensable resource activist movement leader worker everywhere please work possible quick donation israel announced monday expanding 4138,4,Geopolitical Alliances & Reactions,-0.3818,0.064,0.829,0.108,Negative,0.15833333333333333,0.625
reuters,Israel Has Killed or Wounded Classroom’s Worth of Children Every Day in Lebanon,2026-03-18 18:57:05+00:00,https://truthout.org/articles/israel-has-killed-or-wounded-classrooms-worth-of-children-every-day-in-lebanon/,news,israel killed wounded classroom worth child every lebanon israel forcibly displaced 350 000 child home southern lebanon since march support justice driven accurate transparent quick donation truthout today israeli force killed wounded equivalent classroom worth child every 3528,3,Civilian Casualties & Humanitarian,-0.2732,0.194,0.629,0.177,Negative,0.17916666666666667,0.2916666666666667
reuters,'Moral obligation' to pass Occupied Territories Bill,2026-03-10 09:22:29+00:00,https://www.rte.ie/news/middle-east/2026/0310/1562557-actionaid-palestine-occupied-territories-bill/,news,moral obligation pas occupied territory bill actionaid palestine moral obligation pas occupied territory bill put pressure israel halt building illegal settlement occupied west bank actionaid palestine moral obligation pas occupied territory bill put pressure israel halt building illegal settlement occupied west 2791,4,Geopolitical Alliances & Reactions,-0.891,0.0,0.766,0.234,Negative,-0.2,0.35
reuters,"‘We voted for walls, not wars’: Did strikes on Iran just break MAGA?",2026-03-14 09:48:08+00:00,https://www.rt.com/news/634855-we-voted-for-walls-not-wars/,news,voted wall war strike iran break maga trump massive strike iran triggered operation epic fury backlash maga figure veteran voter signal political crisis home evgeny balakin moscow based journalist head eurasian youth unionthe night february march 2026 remembered followed real 13768,4,Geopolitical Alliances & Reactions,-0.9287,0.0,0.71,0.29,Negative,0.06000000000000001,0.36
reuters,"Israel Orders 250,000 to Leave South Lebanon Ahead of Strikes on Hezbollah",2026-03-05 21:26:33+00:00,https://www.breitbart.com/middle-east/2026/03/05/israel-orders-250000-to-leave-south-lebanon-ahead-of-strikes-on-hezbollah/,news,israel order 250 000 leave south lebanon ahead strike hezbollah israel defense force idf ordered 250 000 resident southern lebanon evacuate wednesday ahead major military action terrorist hezbollah post israel order 250 000 leave south lebanon ahead strike hezbollah israel defense force idf ordered 250 000 resident southern lebanon evacuate wednesday ahead major military action terrorist hezbollah idf 6533,3,Civilian Casualties & Humanitarian,-0.9067,0.043,0.736,0.221,Negative,0.015625,0.17500000000000002
reuters,Palestinian man says Israeli settlers sexually assaulted him in front of his family,2026-03-20 15:31:00+00:00,https://www.cbc.ca/news/world/palestinian-man-israeli-settlers-sexual-assault-west-bank-9.7136163,news,palestinian man israeli settler sexually assaulted front family israeli settler sexually assaulted palestinian man tying genitalia zip tie parading naked front family mid march attack occupied west bank victim eyewitness israeli settler sexually assaulted palestinian man tying genitalia zip tie parading naked front family mid march attack occupied west bank 3214,3,Civilian Casualties & Humanitarian,-0.9552,0.0,0.709,0.291,Negative,0.178125,0.41875
reuters,Iran’s Military Rejects Trump’s Talk of Negotiation; Israel and Iran Launch Airstrikes,2026-03-25 09:11:56+00:00,https://www.insurancejournal.com/news/international/2026/03/25/863321.htm,news,iran military reject trump talk negotiation israel iran launch airstrikes israel iran exchanged airstrikes wednesday iran military rejected donald trump assertion negotiation end war roiled energy financial market saying negotiating reject israel iran exchanged airstrikes wednesday iran military rejected donald trump assertion negotiation end war roiled energy financial mar 5896,1,Diplomatic Efforts & Peace Talks,-0.9485,0.064,0.636,0.3,Negative,-0.06000000000000001,0.06000000000000001
reuters,Trump administration offers 15-point ceasefire plan to Iran,2026-03-25 04:30:07+00:00,https://www.abc.net.au/news/2026-03-25/trump-administration-offers-15-point-ceasefire-plan-to-iran/106495478,news,trump administration offer point ceasefire plan iran proposal reportedly offer point ceasefire plan iran military prepares call least 000 troop supplement already middle east trump administration offered point ceasefire plan iran military prepares call least 000 troop supplement 000 troop already middle east 6114,1,Diplomatic Efforts & Peace Talks,0.0,0.0,1.0,0.0,Neutral,-0.13333333333333333,0.16666666666666666
reuters,Israel and Lebanon to talk as war with Hezbollah rages,2026-03-14 21:26:47+00:00,https://japantoday.com/category/world/israel-and-lebanon-to-talk-as-war-with-hezbollah-rages-haaretz-reports,news,israel lebanon talk war hezbollah rage israel lebanon expected hold direct talk coming day israel haaretz newspaper saturday diplomatic milestone state israel iran backed lebanese group hezbollah wage war israel lebanon expected hold direct talk coming day israel haaretz newspaper saturday diplomatic milestone state israel 4611,2,Economic Impact & Oil Markets,-0.9062,0.02,0.771,0.209,Negative,0.0,0.4
reuters,"Trump Extends Deadline for Action Against Iran, Citing Progress in Ongoing Discussions",2026-03-29 06:00:00+00:00,https://www.naturalnews.com/2026-03-29-trump-extends-deadline-for-action-against-iran.html,news,trump extends deadline action iran citing progress ongoing discussion administration announces extension amid talk progress donald trump announced thursday march extending deadline potential military action iran setting date april move delay previ administration announces extension amid talk progress donald trump announced thursday march extending deadline potential military action 6907,4,Geopolitical Alliances & Reactions,0.765,0.176,0.783,0.041,Positive,0.014285714285714287,0.3571428571428572
reuters,US Intelligence Assesses Iran Regime Stable Despite Loss of Senior Leaders in Military Strikes,2026-03-15 06:00:00+00:00,https://www.naturalnews.com/2026-03-15-us-intelligence-iran-stable-loss-of-senior-leaders.html,news,intelligence assesses iran regime stable despite loss senior leader military strike intelligence agency assess iran clerical remains cohesive control despite nearly week sustained military strike killed senior leader including supreme leader ayatollah ali khamenei familiar intelligence agency assess iran clerical remains cohesive control despite nearly week sustained military strike killed senior leader including supreme leade 5351,3,Civilian Casualties & Humanitarian,0.7999,0.264,0.563,0.173,Positive,-0.015625000000000007,0.2
reuters,Iran names Khamenei's hardline son Mojtaba as new supreme leader,2026-03-08 21:50:49+00:00,https://japantoday.com/category/world/iran-names-khamenei%27s-hardline-son-mojtaba-as-new-supreme-leader,news,iran name khamenei hardline son mojtaba supreme leader iran monday named mojtaba khamenei succeed father ali khamenei supreme leader signaling hardliner remain firmly charge tehran conflict united state israel mojtaba mid ranking cleric influence iran monday named mojtaba khamenei succeed father ali khamenei supreme leader signaling hardliner remain firmly charge tehran conflict united state 1862,2,Economic Impact & Oil Markets,0.9595,0.311,0.627,0.063,Positive,-0.13333333333333333,0.26666666666666666
reuters,Iran’s Asymmetrical War Persists Against Hegemony,2026-03-22 09:57:09+00:00,https://www.globalresearch.ca/irans-asymmetrical-war-persists-against-hegemony/5919548,news,iran asymmetrical war persists hegemony february donald trump launched joint airstrike israel target iran attack unconstitutional illegal violation charter well violation international post iran february donald trump launched joint airstrike israel target iran attack unconstitutional illegal violation chart 9425,4,Geopolitical Alliances & Reactions,-0.9744,0.085,0.467,0.448,Negative,-0.3333333333333333,0.3333333333333333
reuters,Putin offers to use links to Iran to help restore Middle East calm,2026-03-02 21:36:22+00:00,https://japantoday.com/category/world/putin-offers-to-use-links-to-iran-to-help-restore-middle-east-calm1,news,putin offer use link iran help restore middle east calm russian vladimir putin spoke phone leader four arab gulf state monday offering use moscow tie iran try help restore calm middle east following israeli strike condemned series call russian vladimir putin spoke phone leader four arab gulf state monday offering use moscow tie iran try help restore calm middle east following 2572,4,Geopolitical Alliances & Reactions,0.9349,0.281,0.662,0.057,Positive,0.09000000000000001,0.24500000000000002
reuters,Trump says Iran is ready to negotiate a ceasefire but he's not ready to make a deal,2026-03-14 23:12:05+00:00,https://www.nbcnews.com/politics/donald-trump/iran-negotiate-ceasefire-deal-trump-kharg-hormuz-oil-rcna263474,news,trump iran ready negotiate ceasefire ready deal wide ranging interview donald trump ready deal end war iran despite iran willingness donald trump saturday he ready deal end war iran despite country willingness term arent good enough yet declined 10778,1,Diplomatic Efforts & Peace Talks,-0.5905,0.186,0.557,0.257,Negative,0.19999999999999998,0.5
reuters,"After Iran, is Türkiye next on Israel’s menu?",2026-03-15 13:24:41+00:00,https://www.rt.com/news/635085-after-iran-turkiye-next/,news,iran rkiye next israel menu tehran crushed middle east tense equilibrium violent detonation ankara well next target full com position rkiye israeli american military campaign iran unmistakably clear recent week grown even resolute ankara regard unfolding 17975,0,Military Operations & Strikes,-0.5106,0.145,0.661,0.194,Negative,-0.0803030303030303,0.26212121212121214
reuters,"Yemen's Houthis ready to join Iran war if needed, raising new shipping risk",2026-03-26 21:53:13+00:00,https://japantoday.com/category/world/yemen%27s-houthis-ready-to-join-iran-war-if-needed-raising-new-shipping-risk1,news,yemen houthis ready join iran war needed raising shipping risk yemen iran aligned houthi movement whose attack red sea caused international shipping trade chaos gaza war stand ready strike key waterway solidarity tehran houthi leader move yemen iran aligned houthi movement whose attack red sea caused international shipping trade chaos gaza war stand ready strike key waterway solidarity 3134,4,Geopolitical Alliances & Reactions,-0.9538,0.161,0.491,0.347,Negative,0.06666666666666668,0.3888888888888889
reuters,"Heaviest day of Iran strikes, market predicts end to war",2026-03-11 01:31:18+00:00,https://www.rte.ie/news/middle-east/2026/0311/1562746-iran-israel-us/,news,heaviest iran strike market predicts end war united state israel pounded iran pentagon iranian ground called intense airstrikes war despite global market betting donald trump seek end conflict soon united state israel pounded iran pentagon iranian ground called intense airstrikes war despite global market betting donald trump 6326,1,Diplomatic Efforts & Peace Talks,-0.8519,0.131,0.622,0.247,Negative,0.1,0.5
reuters,Report: Trump’s representatives met with Hamas in Cairo,2026-03-16 15:15:36+00:00,https://www.israelnationalnews.com/news/424045,news,report trump representative met hamas cairo arab source claim meeting representative hamas cairo led israel decision reopen rafah crossing wednesday american representative led donald trump council peace met cairo representative hamas attempt preserve ceasefire agreement war iran 1260,4,Geopolitical Alliances & Reactions,0.4215,0.147,0.768,0.086,Positive,0.0,0.0
reuters,Trump extends deadline for striking Iran's energy plants,2026-03-27 06:44:32+00:00,https://www.rte.ie/news/world/2026/0327/1565444-iran-conflict/,news,trump extends deadline striking iran energy plant donald trump pushed back deadline strike iran energy asset saying talk ending war going well israel announced fresh strike tehran donald trump pushed back deadline strike iran energy asset saying talk ending war going well israel announced fresh strike tehran fou 6039,4,Geopolitical Alliances & Reactions,0.7003,0.316,0.482,0.202,Positive,0.22000000000000003,0.4
reuters,Iran retaliates after Israel strikes Beirut and Tehran as war enters Day 7,2026-03-06 10:22:53+00:00,https://www.npr.org/2026/03/06/nx-s1-5738448/iran-us-israel-war,news,iran retaliates israel strike beirut tehran war enters iran fired missile toward israel friday israeli israel launched fresh strike tehran hit beirut southern suburb overnight israel military launched broad wave strike tehran targeting regime infrastructure additional strike beirut southern suburb iran responded early friday retaliat 8693,0,Military Operations & Strikes,-0.802,0.095,0.663,0.242,Negative,0.06041666666666665,0.2020833333333333
reuters,Iran rejects de-escalation offers; Israel says it kills Iranian security chief,2026-03-17 21:36:03+00:00,https://japantoday.com/category/world/iran-rejects-de-escalation-offers-israel-says-it-kills-iranian-security-chief3,news,iran reject escalation offer israel kill iranian security chief israel tuesday killed iran security chief senior figure targeted since war first senior iranian supreme leader rejected escalation offer conveyed intermediary country iran israel tuesday killed iran security chief senior figure targeted since war first senior iranian supreme leader rejected esca 5382,1,Diplomatic Efforts & Peace Talks,-0.9607,0.173,0.457,0.37,Negative,0.024999999999999994,0.16666666666666666
reuters,"Trump Lied – 2,500 Marines and Three Warships Heading to Kharg Island",2026-03-24 15:37:28+00:00,https://www.globalresearch.ca/2500-marines-3-warships-kharg-island/5919938,news,trump lied 500 marine warship heading kharg island facing standoff deadline trump capitulated talk iran day close making deal iran denied talk taking place trump claim witkoff post trump lied 500 marine facing standoff deadline trump capitulated talk iran day close making deal iran denied talk taking place trump 4171,1,Diplomatic Efforts & Peace Talks,-0.8934,0.0,0.78,0.22,Negative,0.0,0.0
reuters,Afghanistan fires at Pakistani jets over Kabul as conflict intensifies,2026-03-01 04:47:00+00:00,https://japantoday.com/category/world/afghanistan-fires-at-pakistani-jets-over-kabul-as-conflict-intensifies,news,afghanistan fire pakistani jet kabul conflict intensifies afghanistan firing pakistani jet kabul blast gunfire rocked capital sunday compounding instability region rattled israeli strike iran retaliatory attack target gulf state taliban afghanistan firing pakistani jet kabul blast gunfire rocked capital sunday compounding instability region rattled israeli strike iran retalia 2703,0,Military Operations & Strikes,-0.9118,0.0,0.729,0.271,Negative,0.0,0.0
reuters,"Rejecting Trump Plan, Iran Calls for War Reparations in Ceasefire Counterproposal",2026-03-25 17:00:29+00:00,https://www.commondreams.org/news/iran-ceasefire,news,rejecting trump plan iran call war reparation ceasefire counterproposal iranian state medium wednesday iran rejected trump administration point ceasefire plan senior outlined five condition ending war israel launched late last month donald trump iranian state medium wednesday iran rejected trump administration point ceasefire plan senior outlined five condition ending war 4207,1,Diplomatic Efforts & Peace Talks,-0.9674,0.022,0.659,0.319,Negative,-0.15,0.3333333333333333
reuters,Iran says it is reviewing a US ceasefire plan but no talks; Trump says Tehran leaders want a deal,2026-03-26 06:07:43+00:00,https://www.thehindubusinessline.com/news/world/iran-says-it-is-reviewing-a-us-ceasefire-plan-but-no-talks-trump-says-tehran-leaders-want-a-deal/article70786858.ece,news,iran reviewing ceasefire plan talk trump tehran leader want deal iran review ceasefire plan amid conflicting statement global energy crisis escalate ongoing conflict donald trump iran desperate deal end nearly four week fighting contradicting iranian foreign reviewing proposal 5727,1,Diplomatic Efforts & Peace Talks,-0.9153,0.067,0.613,0.32,Negative,-0.15625,0.38125
reuters,Ali Khamenei mastered the art of pitting his enemies against each other,2026-02-28 23:11:29+00:00,https://www.abc.net.au/news/2026-03-01/ayatollah-ali-khamenei-obituary-supreme-leader-iran-revolution/105436050,news,ali khamenei mastered art pitting enemy conservative islamic scholar head politics iran supreme leader ayatollah ali khamenei succeeded mentor wake iran iraq war consolidated grip power following decade took audacious gamble israel increasingly brazen white house bring end ayatollah ali khamenei reign israeli missile rained tehran sec 13200,6,Media Narratives & Propaganda,-0.0258,0.141,0.733,0.126,Neutral,-0.03333333333333333,0.2333333333333333
reuters,Trump weighs putting boots on the ground in Iran,2026-03-23 17:04:59+00:00,https://theweek.com/politics/trump-weighs-putting-boots-on-ground-iran,news,trump weighs putting boot ground iran dwindling support ally option becoming limited happened trump lashed ally rebuffed demand help break iran blockade crucial oil shipping route energy shock unleashed 7115,4,Geopolitical Alliances & Reactions,0.3612,0.2,0.64,0.16,Positive,0.1261904761904762,0.6642857142857143
reuters,Trump’s AI czar calls for U.S. to ‘get out’ of war and warns Iran has a ‘dead man’s switch’ that could render Gulf states almost uninhabitable,2026-03-14 16:43:40+00:00,https://fortune.com/2026/03/14/trump-ai-czar-david-sacks-us-iran-war-gulf-israel-desalination-water-uninhabitable/,news,trump czar call war warns iran dead man switch render gulf state almost uninhabitable lot scenario lot really frightening scenario escalation lead sack venture capitalist david sack donald trump crypto czar warned potentially catastrophic consequence israel war iran continues episode 3160,1,Diplomatic Efforts & Peace Talks,-0.9694,0.0,0.604,0.396,Negative,-0.2333333333333333,0.7999999999999999
reuters,"China shocked by Israeli defense minister's 'no need for additional authorization' remarks, says killing of Iranian leaders unacceptable",2026-03-20 07:55:21+00:00,https://www.globalsecurity.org/wmd/library/news/iran/2026/03/iran-260320-globaltimes01.htm,news,china shocked israeli defense need additional authorization remark killing iranian leader unacceptable china thursday shocked remark israeli defense israel katz prime benjamin netanyahu authorized israel defense force kill iranian without need additional authorizati global time conflict enters stage spillover involving key energy facility shen sheng mar 2026 china thursday shocked rema 10178,2,Economic Impact & Oil Markets,-0.9493,0.096,0.595,0.309,Negative,-0.41999999999999993,0.68
reuters,Trump upset as key U.S. partners shun call for Hormuz warship escorts,2026-03-16 08:58:17+00:00,https://www.cbc.ca/news/world/trump-iran-hormuz-allies-9.7130033,news,trump upset key partner shun call hormuz warship escort israel monday detailed plan least week war pounded site across iran overnight iranian drone attack temporarily shut dubai airport hit key oil facility united arab emirate several ally rebuffed donald trump call monday send warship escort tanker strait hormuz drawing criticism accused western partner 6991,4,Geopolitical Alliances & Reactions,-0.9231,0.042,0.688,0.271,Negative,0.016666666666666673,0.525
reuters,US war in Iran: China casts itself as savior of SE Asia,2026-03-26 12:48:00+00:00,https://www.dw.com/en/us-war-in-iran-china-casts-itself-as-savior-of-se-asia/a-76543061,news,war iran china cast savior asia iran war sends fuel price surging across southeast asia beijing using crisis position steadier reliable partner washington week fighting israel iran badly disrupted flow oil gas strait hormuz leaving southeast asian government scrambling provide enough fuel 5723,1,Diplomatic Efforts & Peace Talks,-0.9552,0.0,0.685,0.315,Negative,-0.23333333333333328,0.38888888888888884
reuters,"'You are liars, you are frauds': Hezbollah faces reckoning in Lebanon",2026-03-06 03:34:46+00:00,https://www.abc.net.au/news/2026-03-06/hezbollah-faces-public-reckoning-in-lebanon/106422034,news,liar fraud hezbollah face reckoning lebanon finding criticism islamist militant group political party organisation seemingly untouchable street beirut much easier used hadi mourad sitting car beirut shouting phone liar fraud rail video gone viral online god curse upon criminal 8243,3,Civilian Casualties & Humanitarian,-0.9545,0.123,0.487,0.39,Negative,-0.06666666666666667,0.2833333333333334
reuters,Ukraine: US tied guarantees to Donbas withdrawal — Zelenskyy,2026-03-26 14:36:00+00:00,https://www.dw.com/en/ukraine-us-tied-guarantees-to-donbas-withdrawal-zelenskyy/a-76544649,news,ukraine tied guarantee donbas withdrawal zelenskyy ukrainian zelenskyy united state linked future security guarantee kyiv withdrawal donbas region comment gone well russia stepping offensive united state making security guarantee ukraine conditional upon kyiv surrender entire eastern donbas region russia ukrainian volodymyr zelenskyy 7573,1,Diplomatic Efforts & Peace Talks,0.9136,0.372,0.575,0.054,Positive,0.0,0.375
reuters,Sixth Ship Struck: Oil Tops $100 As Tanker Attacks Escalate Hours After Trump’s “We Won”,2026-03-13 12:30:31+00:00,https://www.shtfplan.com/headline-news/sixth-ship-struck-oil-tops-100-as-tanker-attacks-escalate-hours-after-trumps-we-won,news,sixth ship struck oil top 100 tanker attack escalate hour trump shipping turmoil escalates multiple vessel least six struck overnight shipping turmoil escalates multiple vessel least six struck overnight brent crude oil price top 100 amid largest supply disruption history global 6911,4,Geopolitical Alliances & Reactions,-0.9403,0.064,0.572,0.363,Negative,-0.03749999999999999,0.35
reuters,"Exclusive-US carried out strike on Iranian warship off Sri Lanka coast, officials say",2026-03-04 13:06:11+00:00,https://www.yahoo.com/news/articles/exclusive-us-carried-strike-iranian-125314059.html,news,exclusive carried strike iranian warship sri lanka coast washington march military carried strike sank iranian warship sri lanka coast triggered rescue dozen idrees ali phil stewart washington march military carried strike sank iranian warship sri lanka coast triggered rescue dozen iranian 1192,0,Military Operations & Strikes,0.3612,0.16,0.651,0.189,Positive,-0.1,0.1
reuters,Taiwan says US has not approached it about weapons transfers to Middle East,2026-03-10 01:51:12+00:00,https://ca.news.yahoo.com/taiwan-says-us-not-approached-015112653.html,news,taiwan approached weapon transfer middle east taipei march united state approached taiwan transfer weapon middle east defence wellington koo taipei march united state approached taiwan transfer weapon middle east defence wellington koo tuesday south korea 1239,4,Geopolitical Alliances & Reactions,0.2023,0.191,0.659,0.15,Positive,0.0,0.0
reuters,"US links security guarantees to Ukraine giving up Donbas, Zelenskiy says",2026-03-26 06:52:53+00:00,https://uk.news.yahoo.com/exclusive-us-links-security-guarantees-182441214.html,news,link security guarantee ukraine giving donbas zelenskiy kyiv march making offer security guarantee peace deal ukraine conditional kyiv ceding daniel flynn olena harmash kyiv march making offer security guarantee peace deal ukraine conditional kyiv ceding eastern 4792,1,Diplomatic Efforts & Peace Talks,0.9618,0.447,0.553,0.0,Positive,0.0,0.0
reuters,"Ukraine has received 11 requests for help downing Iranian drones, Zelenskiy says",2026-03-09 14:07:30+00:00,https://www.yahoo.com/news/articles/ukraine-received-11-requests-countering-125829811.html,news,ukraine received request help downing iranian drone zelenskiy kyiv march ukraine received request country neighbouring iran well europe help downing drone kyiv march ukraine received request country neighbouring iran well europe help downing drone fired tehran volodymyr zelenski 1604,4,Geopolitical Alliances & Reactions,0.7717,0.252,0.675,0.074,Positive,0.0,0.0
reuters,A 'powerful' Iranian weapon broke through defenses and killed 4 US troops,2026-03-02 16:22:39+00:00,https://www.businessinsider.com/us-servicemen-killed-powerful-iran-weapon-getting-past-defenses-hegseth-2026-3,news,powerful iranian weapon broke defense killed troop defense secretary pete hegseth location fortified powerful weapon sometimes past air defense brought powerful air defense like patriot fight iran defense secretary weapon sometimes sean gallup getty image four servicemembers 4381,0,Military Operations & Strikes,-0.2732,0.318,0.397,0.285,Negative,0.09,0.65
reuters,"The US Navy's most advanced aircraft carrier has pulled into port after months at sea facing combat, fire, and plumbing problems",2026-03-23 17:15:40+00:00,https://www.businessinsider.com/us-navy-most-advanced-aircraft-carrier-long-deployment-port-2026-3,news,navy advanced aircraft carrier pulled port month sea facing combat fire plumbing problem us gerald ford pulled port greece deployment extended twice hit nine month mark us gerald ford left middle east brief stay region makis kartsonakis navy advanced aircraft carrier pulled port taking 4333,0,Military Operations & Strikes,-0.5423,0.078,0.777,0.146,Negative,0.16,0.30666666666666664
reuters,"US gas prices climb to the highest point in Trump's second term. He says, 'If they rise, they rise.'",2026-03-06 16:28:41+00:00,https://www.businessinsider.com/us-gas-prices-climb-highest-trumps-term-oil-iran-2026-3,news,gas price climb highest point trump second term rise rise average american paid gallon regular gas friday aaa highest since august 2024 gas price risen sharply since military conflict iran began joe raedle getty image average price gallon regular gas rose frida 3038,3,Civilian Casualties & Humanitarian,-0.3182,0.0,0.948,0.052,Negative,0.008333333333333328,0.305982905982906
reuters,"Trump warns NATO, presses China to help reopen Strait of Hormuz, FT reports",2026-03-16 00:39:01+00:00,https://uk.news.yahoo.com/trump-warns-nato-faces-very-001025778.html,news,trump warns nato press china help reopen strait hormuz report donald trump warned nato bad future ally help open strait hormuz delay planned summit march donald trump warned nato bad future ally help open strait hormuz delay planned summit chinese 2547,1,Diplomatic Efforts & Peace Talks,-0.7964,0.144,0.551,0.306,Negative,-0.19999999999999996,0.369047619047619
reuters,The Pentagon Claims That Anthropic’s ‘Soul’ Creates a Supply-Chain Risk. That Makes No Sense,2026-03-13 12:55:53+00:00,https://gizmodo.com/the-pentagon-claims-that-anthropics-soul-creates-a-supply-chain-risk-that-makes-no-sense-2000733091,news,pentagon claim anthropic soul creates supply chain risk make sense model soul constitution constitution emil michael secretary defense research engineering appeared cnbc thursday faced question pentagon designation anthropic supply chain risk 5316,5,Nuclear Programme & Regime Change,-0.1531,0.101,0.782,0.117,Negative,0.0,0.0
reuters,Poll suggests only a quarter of Americans support attacks on Iran,2026-03-02 01:20:02+00:00,https://www.aljazeera.com/news/2026/3/2/poll-suggests-only-a-quarter-of-americans-support-attacks-on-iran,news,poll suggests quarter american support attack iran lawmaker heap pressure trump following first soldier death khamenei killing poll conducted hour united state israel launched major military operation iran sparking regional retaliation show dismal approval strike pub 4707,4,Geopolitical Alliances & Reactions,-0.875,0.18,0.48,0.34,Negative,0.042499999999999996,0.2066666666666667
reuters,Three US fighter jets ‘mistakenly’ shot down over Kuwait,2026-03-02 14:51:21+00:00,https://www.aljazeera.com/news/2026/3/2/three-us-fighter-jets-mistakenly-shot-down-over-kuwait,news,fighter jet mistakenly shot kuwait centcom fighter jet mistakenly shot kuwait investigating cause incident united state fighter jet mistakenly shot kuwait military amid washington joint offensive israeli military iran video emerged mond 3037,0,Military Operations & Strikes,-0.4588,0.18,0.592,0.227,Negative,-0.1,0.1
reuters,White House denies US military escorted tanker in Hormuz after deleted post,2026-03-10 18:12:32+00:00,https://www.aljazeera.com/news/2026/3/10/energy-secretary-deletes-claim-us-military-escorted-tanker-through-hormuz,news,white house denies military escorted tanker hormuz deleted post press secretary karoline leavitt walked back deleted social medium claim energy secretary chris wright energy secretary chris wright posted deleted claim united state military provided protection oil tanker travelling strait hormuz critical waterway 4194,1,Diplomatic Efforts & Peace Talks,0.2263,0.14,0.758,0.102,Positive,-0.02777777777777778,0.1777777777777778
reuters,Trump voices support for possible Kurdish offensive in Iran,2026-03-05 21:06:01+00:00,https://www.aljazeera.com/news/2026/3/5/trump-voices-support-for-possible-kurdish-offensive-in-iran,news,trump voice support possible kurdish offensive iran kurdish ground assault iran amid report washington egging rebellion donald trump expressed public support possible kurdish offensive iran united state push destabilise iranian governing system internally think wonderful 3267,1,Diplomatic Efforts & Peace Talks,0.1531,0.232,0.547,0.221,Positive,0.2,0.6133333333333333
reuters,How extensive is Russia’s military aid to Iran?,2026-03-27 08:09:40+00:00,https://www.aljazeera.com/news/2026/3/27/how-extensive-is-russias-military-aid-to-iran,news,extensive russia military aid iran russia long exchanged weapon iran likely offering satellite support lack much bit united state donald trump think scale russia military aid iran moscow might helping bit fox march later iran forei 7064,4,Geopolitical Alliances & Reactions,0.4939,0.174,0.724,0.102,Positive,-0.007142857142857145,0.30476190476190484
reuters,The war of signals: How Russia and China help Iran see the battlefield,2026-03-12 11:09:52+00:00,https://www.aljazeera.com/opinions/2026/3/12/the-war-of-signals-how-russia-and-china-help-iran-see-the-battlefield,news,war signal russia china help iran see battlefield electronic warfare intelligence sharing eroding decade israeli dominance gulf senior american washington post russia providing iran sensitive intelligence including precise location warship aircraft operating across 7537,4,Geopolitical Alliances & Reactions,0.4767,0.276,0.511,0.213,Positive,0.16666666666666666,0.5666666666666668
reuters,Messi censured for meeting and applauding Trump amid US attacks on Iran,2026-03-06 12:40:09+00:00,https://www.aljazeera.com/sports/2026/3/6/messi-censured-for-meeting-and-applauding-trump-amid-us-attacks-on-iran,news,messi censured meeting applauding trump amid attack iran inter miami messi honoured white house trump boasted military might lionel messi criticised meeting united state donald trump applauding latest brief iran war white house event honouring argentinian superstar 6026,1,Diplomatic Efforts & Peace Talks,0.6705,0.278,0.544,0.178,Positive,0.08,0.26666666666666666
reuters,"Blasts shake Qatar, UAE, Kuwait as Iran’s retaliatory strikes continue",2026-03-02 07:16:41+00:00,https://www.aljazeera.com/news/2026/3/2/blasts-shake-qatar-uae-kuwait-as-irans-retaliatory-strikes-continue,news,blast shake qatar uae kuwait iran retaliatory strike continue iran retaliatory attack asset region continue third fear prolonged conflict rise loud explosion heard dubai united arab emirate qatari capital doha third consecutive iranian retaliatory strike neighbouring gulf state response 2468,4,Geopolitical Alliances & Reactions,-0.7184,0.105,0.632,0.263,Negative,0.03333333333333333,0.26666666666666666
reuters,"The Download: Pokémon Go to train world models, and the US-China race to find aliens",2026-03-11 12:38:00+00:00,https://www.technologyreview.com/2026/03/11/1134174/the-download-pokemon-go-train-world-models-us-china-race-find-aliens/,news,download pok mon train model china race find alien today edition download weekday newsletter provides daily dose going technology pok mon giving delivery robot inch perfect view pok mon first augmented ive combed internet find today fun important scary fascinating story technology viral fake iran war flooding grok failing flag wired 2662,3,Civilian Casualties & Humanitarian,0.0516,0.216,0.587,0.198,Positive,0.15555555555555556,0.6814814814814815
reuters,Trump might want “boots on the ground” in Iran. Just not American ones.,2026-03-09 21:08:54+00:00,https://www.vox.com/politics/482018/kurds-iran-trump-komala,news,trump might want boot ground iran american one last donald trump spoke iraqi iranian kurdish leader reportedly offering extensive aircover logistical support armed group cross border iraq iran push regime force leader put youth walk precipice wall past kurdish flag erbil capital iraq autonomous kurdish region march 2026 ozan kose afp via getty image last 8140,1,Diplomatic Efforts & Peace Talks,0.4588,0.069,0.931,0.0,Positive,0.021428571428571432,0.20238095238095236
aljazeera,Is the US ready to invade Iran? What Trump’s moves tell us so far,,https://www.aljazeera.com/news/2026/3/30/is-the-us-ready-to-invade-iran-what-trumps-moves-tell-us-so-far?traffic_source=rss,news,ready invade iran trump move tell far seizing strategic island destroying iran stock enriched uranium option considering seizing strategic island destroying iran stock enriched uranium option considering expectation potential ground invasion iran mounting war enters second month additional troop deployed middle east recent day department defense prepares limited ground operation iran report medium unnamed washington post saturday defense department gearing raid kharg island percent iran crude oil export processed coastal site close strait hormuz strait percent oil liquefied natural gas lng supply transported peacetime effect closed iran first israeli strike tehran month ago since mostly chinese indian pakistani flagged ship granted safe passage crippled global energy market sent price brent crude global benchmark soaring per barrel pre war close 116 monday military plan appear fall short full invasion involve raid special operation conventional infantry troop post sunday interview financial time donald trump want take oil iran seize kharg island iran parliament speaker mohammad bagher ghalibaf troop face resistance attempted invasion men waiting arrival american soldier ground set fire punish regional ally sunday carried irna agency advertisement ready invade iran trump move far tell know force deployed far mid 2025 long war iran began 000 000 soldier stationed around middle east comprising personnel stationed large permanent base smaller forward site across region trump beefing military presence middle east since start initially sending warship including abraham lincoln aircraft carrier arabian sea open source intelligence analyst military flight tracking data deployed 120 aircraft region since early february biggest surge airpower middle east since 2003 iraq war deployment include sentry airborne warning control system awacs aircraft stealth strike fighter air superiority jet alongside fighter aircraft flight tracking data showed many plane departing base europe supported cargo aircraft aerial refuelling tanker sign sustained operational planning rather routine rotation military analyst tuesday pentagon ordered additional force gulf reinforcement heading gulf consisted distinct formation different origin route timeline first tripoli amphibious ready group centred around america class assault ship us tripoli 31st marine expeditionary unit meu second boxer amphibious ready group built around wasp class assault ship us boxer 11th meu based southern california together marine group add 500 marine sailor region third contingent 000 soldier 82nd airborne division immediate response force based fort bragg north carolina airborne infantry division focused parachute assault total nearly 000 additional soldier deployed since war iran began deployment enough full fledged invasion ground invasion iran announced medium friday pentagon considering sending 000 ground soldier besides troop already deployed mean 000 soldier ground iran unclear whether foreign troop join advertisement number far less number deployed march 2003 invaded iraq led invasion iraq began march 2003 force 150 000 soldier 000 country involved initial campaign 2011 six month final withdrawal troop iraq 000 american soldier remained train advise iraqi force mid 2025 500 soldier still stationed iraq since mostly redeployed country syria suggests preparing ground invasion iran present analyst john phillips british safety security risk adviser former military instructor jazeera deployment right point limited high intensity operation like seizing kharg island smaller island strait hormuz stabilise waterway reopen shipping lane followed quick extraction start carrier based strike iranian air defence missile mine enable helicopter landing craft assault marine neutralise threat secure airfield destroy stockpile airborne troop drop hold key terrain support partner primary operation include seizure island kharg marine face defence like landmines landing ordered destroy military site oil infrastructure result high casualty economically crippling tehran operation include heliborne raid member 82nd airborne approach parachuting jumping helicopter target missile battery fast boat command node along hormuz coast ian lesser distinguished fellow german marshall fund united state jazeera force currently deployed threat useful deterrent bargaining chip least moment invasion like carried iraq question require much larger force differently configured configured large scale conventional operation even occupation politically operationally virtually question kind ground operation take place several option including seizing strategic island gulf strait hormuz removing iran stockpile uranium discussed christopher featherstone associate lecturer department politics international relation university york jazeera military operation focused limited rather full scale invasion argue operation seize strategic asset kharg island resource moved region marine army 82nd airborne effective enough occupy large area easily advertisement see quick sharp shock trump like short attention grabbing action focused operation likely however still surprised invasion occurs phillips suggested took kharg island 10th mountain division army premier infantry division likely unit hold island tend ground holding used somalia first major unit afghanistan 2004 2005 phillips anything inland deeper supported armour seen yet plus far higher risk financial cost likely option analyst kharg island sunday trump financial time seizing kharg island north gulf possibility maybe take kharg island maybe lot option trump mean kharg island march trump military bombed military installation kharg island warned area critical oil facility next iran continued block strait hormuz ghalibaf iran parliament speaker wednesday operation met attack vital infrastructure regional assist operation qeshm island strait hormuz home qeshm island analyst ultimate strategic prize marine currently deployed strait interview jazeera march retired lebanese brigadier general hassan jouni military strategic expert explained qeshm house striking iranian capability within described underground missile city vast network jouni designed primary purpose control close strait hormuz already targeted island march war air strike hit desalination plant island cutting freshwater supply surrounding village tehran branded strike flagrant crime uranium stock another potential operation military carry move force site iran hold enriched uranium medium report weekend trump understood considering military operation extract 450kg nearly 000lb uranium iran complex mission require troop deploy inside international atomic energy agency june iran enriched uranium stockpile included 440 9kg 972lb material enriched percent far bomb grade,3,Civilian Casualties & Humanitarian,-0.9843,0.1,0.782,0.119,Negative,0.03220537855429942,0.40586844809866396
aljazeera,‘Loyalty campaign’: Iraqi armed groups in Iran as US talks of ground war,,https://www.aljazeera.com/news/2026/3/30/loyalty-campaign-iraqi-armed-groups-in-iran-as-us-talks-of-ground?traffic_source=rss,news,loyalty campaign iraqi armed group iran talk ground war fighter major iraqi pro iran armed group entered carrying aid signal support tehran iran iranian authority welcomed number paramilitary iraqi force part humanitarian convoy war united state israel threatens enter phase involving potential ground assault footage circulated online iranian iraqi medium outlet saturday sunday showed convoy belonging hashd shaabi known popular mobilisation force pmf iran aligned fighter entering iran convoy consisted dozen pickup truck carrying packaged cargo well men military attire wore clerical turban group waved iraqi flag well flag lebanon hezbollah another member tehran led axis resistance armed force far agency affiliated iran islamic revolutionary guard corp irgc whose quds force lead axis described movement first humanitarian aid convoy iraq alam arabic language channel run iranian state television described effort loyalty campaign carried tonne food medical supply iranian repeatedly emphasised since start war month ago face shortage essential good convoy started journey basra southern iraq crossed border khuzestan western iran spotted entering shalamcheh historic town border invading iraqi force launched deadly chemical gas attack eight war iran 1980s advertisement decade following devastating war especially invasion iraq early 2000s iranian establishment grew close armed faction neighbouring became part anti israel regional axis journey pmf fighter released video abadan khorramshahr welcoming group seen cheering shia muslim song played background local friday prayer imam filmed exchanging warm greeting fighter cleric carrying rifle sign defiance wartime pmf umbrella group armed faction integrated regular iraqi army claimed responsibility attack interest iraq beyond targeted unconfirmed report speculation online iraqi force spotted street tehran comment iranian authority verified footage speculation tied year long accusation iranian authority use pmf aligned armed group crack local dissent including nationwide protest authority rejected basij paramilitary force irgc security force continue set heavily armed checkpoint roadblock street tehran city launched campaign warrior defending homeland officially recruiting child year old field activity amid month long internet shutdown iranian authority warned dissent israel express varying interest overthrowing islamic republic think regime change much better donald trump reporter aboard presidential plane monday regime decimated destroyed dead next regime mostly dead third regime dealing different anybody ever dealt washington preparing series ground incursion iranian soil take control strategic island southern shore crucial processing oil gas resource offering control strategic strait hormuz advertisement israel entertaining idea using armed kurdish group based iraq open another ground front inside iran israel channel premature leak medium lobbying ally assurance required kurdish fighter led trump administration consider plan unfeasible least since start war irgc repeatedly bombed iraq based interest linked kurdish fighter using explosive laden drone ballistic missile launched country across region earlier march senior defence council ali akbar ahmadian iran targeted base zionist regime secessionist group semi autonomous kurdish region northern iraq bomb facility region kurdish fighter enter iran israeli warplane continue launch major strike tehran city across hitting civilian nuclear site steel factory university overnight strike monday led temporary electricity outage multiple area tehran nearby karaj,3,Civilian Casualties & Humanitarian,-0.8748,0.143,0.724,0.133,Negative,0.021341463414634138,0.4124452782989369
aljazeera,Marco Rubio says President Trump prefers diplomatic solution to war on Iran,,https://www.aljazeera.com/video/newsfeed/2026/3/30/marco-rubio-says-president-trump-prefers-diplomatic-solution-to-war-on-iran?traffic_source=rss,news,marco rubio trump prefers diplomatic solution war iran secretary state marco rubio donald trump still prefers diplomatic outcome war iran newsfeed marco rubio trump prefers diplomatic solution war iran exclusive interview jazeera secretary state marco rubio message indirect talk way figure inside iran donald trump still prefers diplomatic outcome accused iran leadership funding armed group like hezbollah hamas instead welcome future iranian different view,5,Nuclear Programme & Regime Change,-0.6486,0.144,0.683,0.173,Negative,0.26666666666666666,0.5416666666666666
aljazeera,‘Iran will never acquire nuclear weapons’ Rubio tells Al Jazeera,,https://www.aljazeera.com/video/newsfeed/2026/3/30/iran-will-never-acquire-nuclear-weapons-rubio-tells-al-jazeera?traffic_source=rss,news,iran never acquire nuclear weapon rubio tell jazeera secretary state marco rubio outline main demand iran exclusive interview jazeera secretary state marco rubio outlined main demand iran rubio iran must never develop nuclear weapon must stop sponsoring terrorism adding short range missile intended threaten country like saudi arabia uae qatar,5,Nuclear Programme & Regime Change,-0.6832,0.127,0.67,0.203,Negative,0.1111111111111111,0.3222222222222222
aljazeera,Rubio tells Al Jazeera that Strait of Hormuz to reopen ‘one way or another’,,https://www.aljazeera.com/news/2026/3/30/rubio-tells-al-jazeera-strait-of-hormuz-will-reopen-one-way-or-another?traffic_source=rss,news,rubio tell jazeera strait hormuz reopen way another exclusive interview top diplomat trump seek diplomacy demand iran end nuclear missile programme exclusive interview secretary state donald trump seek diplomacy demand iran end nuclear missile programme united state secretary state marco rubio jazeera strait hormuz reopen way another wake eventual end israeli war iran exclusive interview monday came speculation grown possible troop deployment iran effective closure strait continues roil global oil market boot ground represent phase grinding conflict began february israeli strike even donald trump repeatedly pursuing diplomacy iran rubio maintained message direct talk going inside iran united state primarily intermediary conversation iran repeatedly denied talk ongoing pakistan sunday host direct talk coming day comprehensive lasting settlement ongoing conflict rubio trump always prefers diplomacy always prefers outcome done trump administration previously pursued indirect talk iran curtail nuclear programme round talk derailed last israel war iran ended strike iran nuclear facility second round diplomacy way israel began latest war rubio indicated administration preference regime change iran israel far unable achieve despite several high profile assassination including killing supreme leader ayatollah ali khamenei advertisement always welcome scenario iran led different view future different view opportunity present going take iran incredible resourceful entrepreneurial regime problem instead chosen spend wealth support hezbollah hamas shiite militia inside iraq try destabilise syria bashar assad nuclear ballistic weapon rubio called iran end nuclear programme curtail drone missile programme accused iran seeking nuclear weapon threaten blackmail claim tehran year denied maintaining nuclear programme civilian purpose monday wall street journal trump considering special force operation seize enriched uranium stored iran military expert warned throughout war israeli air strike alone able destroy iran capability jazeera white house press secretary karoline leavitt deny report job pentagon preparation order give commander chief maximum optionality mean decision rubio iran need stop sponsoring terrorism need stop building weapon threaten neighbour adding short range missile launching purpose attack saudi arabia uae qatar kuwait bahrain turning strait hormuz iran effectively closed open traffic rubio voiced optimism reopened conflict end strait hormuz reopen way another military operation iran rubio strait reopen either iran consent international coalition including threatened severe consequence iran close strait fighting end previously sought raise coalition protect ship strait hormuz faced wariness many traditional ally concerned tacit entry conflict objective iran clear rubio statement monday broadly reflected list demand put forth washington end war advertisement iran rejected proposal iranian masoud pezeshkian releasing list demand including recognising iran legitimate right payment reparation firm int guarantee future aggression part trump financial time interview sunday hope take oil iran including possibly seizing key export hub kharg island maybe take kharg island maybe lot option mean kharg island trump administration presented carousel objective war including degrading iran military capability preventing ever developing nuclear weapon helping foment regime change however endgame remained unclear final goal possibly diverging israel pushed comprehensive regime change date least 937 killed iran since war began least killed israel killed across gulf state soldier killed rubio jazeera administration expect war drag indefinitely objective iran clear achieve within week month,1,Diplomatic Efforts & Peace Talks,-0.9974,0.101,0.672,0.228,Negative,0.040435867895545284,0.388663594470046
aljazeera,"Trump wants to ‘take Iran’s oil’: Can he, and what would that mean?",,https://www.aljazeera.com/economy/2026/3/30/trump-wants-to-take-irans-oil-can-he-and-what-would-that-mean?traffic_source=rss,news,trump want take iran oil mean trump force seize iran oil export hub kharg island war enters second month trump force seize iran oil export hub kharg island war enters second month trump deal iran close warns seize kharg island united state donald trump sunday wish take oil iran israel war iran enters second month monday trump threatened target iran energy infrastructure including oil well tehran reopen strait hormuz facto iranian blockade week triggering global energy crisis trump administration unveiled clear goal behind military campaign iran biggest oil producer sanction decade trump much oil iran whether trump take trump iran oil trump financial time preference take oil iran force seize iran export hub kharg island kharg square kilometre square mile coral outcrop iran bushehr province closely guarded islamic revolutionary guard corp irgc entry island restricted security clearance kharg process percent iran total oil export handling approximately million barrel every march trump announced air force bombed iranian military facility island reason decency chosen wipe oil infrastructure island however iran anyone else anything interfere free safe passage ship strait hormuz immediately reconsider decision trump wrote truth social advertisement critic trump administration emboldened success brazen military operation january abduct venezuelan nicolas maduro caracas washington control venezuela oil export earlier month trump claimed 100 million barrel venezuelan oil brought refinery houston texas additional 100 million barrel venezuelan oil way tie venezuela largest proven reserve crude oil washington deteriorated former hugo chavez decided nationalise oil sector relation collapsed maduro succeeded chavez 2013 venezuela current interim delcy rodriguez since opened sector private investment much oil iran iran biggest oil producer hold second largest proven natural gas reserve third largest crude oil reserve united state energy information administration iran hold around percent middle east percent proven oil reserve 157 billion barrel proven crude oil ninth largest oil producer globally fourth largest within organization petroleum exporting country opec producing million barrel crude oil per war iran exporting around million barrel crude refined fuel though export dropped dramatically trump slapped sanction iran 2018 first term power iran nuclear deal signed barack obama 2015 joint comprehensive plan action jcpoa placed limit iran nuclear programme exchange sanction relief place decade cut diplomatic tie iran pro washington ruler shah mohammad reza pahlavi toppled 1979 islamic revolution subsequent hostage crisis involving citizen seize iranian oil pentagon preparing limited ground operation iran potentially including raid kharg island coastal site near strait hormuz quoted washington post newspaper plan fall short full invasion involve raid special operation conventional infantry troop newspaper saturday however even invades occupies kharg island give access iranian oil advertisement order access iranian oil occupy iran oil production site refinery essence need occupy mainland iran mean take iranian oil 2023 iran gross domestic product gdp around 457 5bn bank data iran net oil export revenue estimated 53bn export figure equivalent roughly percent iran gdp although export revenue gdp directly comparable lift sanction iranian oil seizing lead flow iranian oil global market bringing oil price iran heavily sanctioned country first imposed sanction iran november 1979 iranian student stormed embassy tehran took american hostage hostage crisis ended dozen citizen released israeli war iran sent global oil price soaring benchmark brent crude rose percent monday 116 barrel highest level nearly week oil price per barrel war tried interfere iranian oil yes first shown interest iranian oil 1953 mohammad mossadegh iran first democratically elected prime toppled cia orchestrated coup nationalised british controlled firm anglo iranian oil company aioc predecessor modern washington framed operation codenamed operation ajax cold war necessity keep iran energy reserve soviet hand coup restored entrenched shah rule turning point still haunt iran relationship west neighbouring iraq oil revenue still effectively control decade invaded middle east nation iraq oil revenue deposited account federal reserve bank making baghdad,3,Civilian Casualties & Humanitarian,-0.9788,0.09,0.793,0.117,Negative,-0.022709235209235203,0.36673881673881664
aljazeera,War on Iran disrupts Asia’s used-car exports to the Middle East,,https://www.aljazeera.com/video/newsfeed/2026/3/30/war-on-iran-disrupts-asias-used-car-exports-to-the-middle-east?traffic_source=rss,news,war iran disrupts asia used car export middle east israel war iran lead disruption asia used car exporting industry war iran disrupts asia used car export middle east newsfeed war iran disrupts asia used car export middle east israel war iran lead disruption asia used car exporting industry closure strait hormuz blocking access middle eastern market,6,Media Narratives & Propaganda,-0.9801,0.0,0.639,0.361,Negative,0.0,0.0
aljazeera,Spain closes airspace to US planes involved in war on Iran,,https://www.aljazeera.com/news/2026/3/30/spain-closes-airspace-to-us-planes-involved-in-war-on-iran?traffic_source=rss,news,spain close airspace plane involved war iran announcement come madrid refused let washington use jointly operated military base war iran announcement come madrid refused let washington use jointly operated military base israel war iran spain closed airspace plane united state involved israel war iran latest step opposition conflict defence margarita roble confirmed airspace closure reporter monday spain pais newspaper first quoting military source perfectly clear american military force beginning therefore neither base authorised course use spanish airspace authorised action related war iran roble think everyone know spain position clear calling war iran profoundly illegal profoundly unjust spain already earlier month use jointly operated military base war spanish prime pedro sanchez described unjustifiable dangerous trump threat donald trump threatened cut trade madrid spanish denied use rota moron military base southern spain forcing aircraft relocate left wing led sanchez spain europe loudest opposing voice israeli military action middle east european union vaguely called escalation protecting civilian without rejecting assault iran commenting war earlier month prime humanity great disaster start solve problem conflict bomb advertisement spain vocal critic israel genocidal war gaza october parliament approved enshrinement law total arm embargo israel permanently banning sale weapon dual use technology military equipment announcement drew furious response israel already withdrawn ambassador spain recognised palestinian state 2024,6,Media Narratives & Propaganda,-0.9957,0.097,0.602,0.302,Negative,-0.12478632478632477,0.40769230769230763
aljazeera,Why have the US and Israel bombed more than 75 Iranian police facilities?,,https://www.aljazeera.com/news/2026/3/30/why-have-the-us-and-israel-bombed-more-than-75-iranian-police-facilities?traffic_source=rss,news,israel bombed iranian police facility jazeera investigation find internal security facility populated area heavily targeted jazeera investigation find internal security facility populated area heavily targeted expert aim try iranian state collapse densely populated neighbourhood southern tehran 11th criminal investigation base stood mundane symbol local law enforcement detective investigated economic crime fraud petty theft building housed ballistic missile uranium centrifuge military command centre today crater opening wave united state israel war iran warplane wiped local police station map isolated incident investigation jazeera digital investigation unit verified least internal security site destroyed damaged bombardment israel february march targeted facility included local police station criminal investigation headquarters public security office checkpoint operated basij paramilitary force jazeera mapped strike using open source data cross referencing field report satellite imagery confirm destruction however conducting independent verification grown increasingly difficult march commercial satellite provider planet lab vantor restricted imagery middle east later expanding blackout impose delay image iran company blackout prevents hostile actor endangering civilian independent journalist ken klippenstein recently revealed leaked space force directive dictating commercial satellite firm describe damage leak exposed deliberate effort control flow information obscure reality battlefield advertisement targeting population centre spatial distribution verified strike revealed clear deliberate strategy warplane bypassed isolated military installation hit infrastructure tehran us police citizen capital alone absorbed strike percent total target sanandaj capital kurdistan province suffered eight strike remaining target clustered tightly major western central city including isfahan kermanshah hamedan meanwhile iran sprawling eastern southeastern province remained largely untouched campaign overlaying strike coordinate demographic map investigation show near perfect alignment urban density percent iran population life targeted western urban area strike systematically targeted law enforcement command known faraja basij network faraja elevated 2021 late supreme leader ali khamenei operate alongside military currently led ahmad reza radan manages daily urban law enforcement riot control basij immense volunteer paramilitary force deeply embedded iranian neighbourhood act state ultimate tool social control engineering state collapse pattern israeli air strike point objective far removed dismantling nuclear facility degrading military infrastructure reveals calculated attempt engineer collapse iranian state february donald trump launched war video address urged iranian take bomb stopped falling israeli prime benjamin netanyahu echoed sentiment farsi calling million iranian take street describing military strategy breaking iranian bone military planning however preceded event ground trump netanyahu pointed justification war israeli defence israel katz revealed early march israel planning strike iran mid 2026 long january deadly crackdown across iran economic protest approach aligns broader israeli doctrine daniel levy former israeli adviser previously jazeera israel interest smooth political transition tehran israel want collapse state levy adding repercussion spread iraq gulf entire region better israel point view advertisement failing strategy still month war israeli strategy spark internal revolution systematic destruction iran internal security apparatus appears failing iranian living daily bombardment missile destroy civilian infrastructure oil refinery burn daily survival eclipsed coordinated political uprising united nation special rapporteur human right iran warned civilian facing simultaneous military human right crisis rather collapsing iran internal security apparatus adapted ramadan faraja deployed hour patrol across tehran riot police shut public gathering persian holiday march assassination basij commander gholamreza soleimani israeli force released footage strike mobile basij checkpoint indicating iranian security force still controlling street attempt dismantle state security air mirror disastrous 2003 baathification policy neighbouring iraq barred member former ruling baath party holding job dismantled local policing birthed devastating sectarian war unlike iraq washington today troop ground iran fill security void trying create beneath rubble 11th criminal investigation base dozen station like israel aiming bury iranian state spark popular revolt instead trapped million civilian burning,3,Civilian Casualties & Humanitarian,-0.9983,0.092,0.681,0.226,Negative,-0.03420947030497593,0.2883493846976994
aljazeera,Palestinian recalls brother’s arrest at the Rafah crossing,,https://www.aljazeera.com/video/newsfeed/2026/3/30/palestinian-recalls-brothers-arrest-at-the-rafah-crossing?traffic_source=rss,news,palestinian recall brother arrest rafah crossing palestinian man long awaited return gaza ended anguish israel detained brother rafah crossing palestinian returning gaza recall brother arrest rafah crossing newsfeed palestinian recall brother arrest rafah crossing palestinian man long awaited return gaza ended anguish israeli force detained brother rafah crossing,1,Diplomatic Efforts & Peace Talks,-0.9618,0.0,0.633,0.367,Negative,-0.05,0.16
aljazeera,Homes damaged as Iranian missiles trigger sirens across northern Israel,,https://www.aljazeera.com/video/newsfeed/2026/3/30/homes-damaged-as-iranian-missiles-trigger-sirens-across-northern-israel?traffic_source=rss,news,home damaged iranian missile trigger siren across northern israel missile debris iranian launch struck part central northern israel damaging multiple area show,4,Geopolitical Alliances & Reactions,-0.802,0.0,0.699,0.301,Negative,0.0,0.125
aljazeera,Iran’s Foreign Ministry denies claims of US-Iran negotiations,,https://www.aljazeera.com/video/newsfeed/2026/3/30/irans-foreign-ministry-denies-claims-of-us-iran-negotiations?traffic_source=rss,news,iran foreign ministry denies claim iran negotiation iran foreign ministry denied claim negotiation newsfeed iran foreign ministry denies claim iran negotiation press briefing iran foreign ministry denied claim negotiation stated iran involved pakistan led diplomatic effort end war,1,Diplomatic Efforts & Peace Talks,-0.936,0.0,0.683,0.317,Negative,-0.125,0.125
aljazeera,"Trump ‘pretty sure’ of Iran deal, but can Pakistan-led efforts end the war?",,https://www.aljazeera.com/news/2026/3/30/trump-pretty-sure-of-iran-deal-but-can-pakistan-led-efforts-end-the-war?traffic_source=rss,news,trump pretty sure iran deal pakistan led effort end war pakistan saudi arabia turkiye egypt set team backchannel talk iran pakistan saudi arabia turkiye egypt set team backchannel talk iran gulf iranian position military buildup gulf israel spoiler effort threaten diplomacy islamabad pakistan foreign minister saudi arabia turkiye egypt landed islamabad weekend marked second meeting less week diplomatic track working contain fallout israel war iran tehran retaliatory strike across region pakistan deputy prime foreign ishaq dar confirmed conclusion sunday consultation iran expressed confidence pakistan facilitate direct talk islamabad honoured host coming day comprehensive lasting settlement ongoing conflict four minister held detailed depth discussion war reaffirmed unity contain situation reduce risk military escalation create condition structured negotiation agreed constitute committee four senior foreign ministry work modality process besides dar meeting attended foreign minister hakan fidan turkiye badr abdelatty egypt prince faisal bin farhan saud saudi arabia quadrilateral format first came together sideline broader arab islamic consultative meeting riyadh saudi arabia march began wider gathering hardened focused four peace push pakistan acting primary channel washington tehran hour later interview british newspaper financial time united state donald trump favourite thing take oil iran rule seizing kharg island export hub handle roughly percent iran crude advertisement maybe take kharg island maybe lot option trump confirmed indirect talk via pakistani emissary progressing reiterated april deadline set truth social march iran accept deal face strike energy sector board air force sunday trump see deal iran yeah soon described negotiation going extremely well contrasting posture underscored central tension confronting pakistan diplomatic initiative moment islamabad partner attempting build multilateral framework prevent escalation war appears headed opposite direction continued israeli strike expanding military presence region baby step amid escalation mushahid hussain sayed former pakistani information senator foreign policy analyst islamabad meeting significant reason described first institutional initiative muslim aimed opening pathway dialogue sayed pakistan turkiye neighbour iran among credible interlocutor available nuclear power nato member iran reposed confidence pakistan bridge communication tehran washington likely feasible venue future peace talk jazeera blunt limitation baby step diplomacy war scenario escalating becoming complicated sayed masood khan pakistan former ambassador united nation meeting opened diplomatic corridor building earlier shuttle diplomacy sustained communication behind scene effort persuade united state iran engage committee four provides structured backchannel enabling step step layered calibrated process supported regional consensus khan outlined four possible stage trust building measure ceasefire negotiation direct talk complex issue including nuclear programme strait hormuz ultimately agreement reciprocal commitment however cautioned major obstacle remain tehran demand war reparation sovereignty strait hormuz likely prove difficult issue resolve khan jazeera advertisement minister meeting pakistan prime shehbaz sharif held minute call iranian masoud pezeshkian briefing islamabad diplomatic outreach gulf state islamic country create conducive environment peace talk prime office china foreign wang conveyed beijing full backing initiative secretary general antonio guterres expressed support senior pakistani diplomat china supportive pakistan effort ministry foreign affair confirmed monday wang invitation dar visit china march context upcoming visit provide opportunity side hold depth discussion regional development well bilateral global issue mutual interest ministry dar suffered hairline fracture shoulder fall sunday meeting egyptian counterpart son ministry upcoming visit despite medical advice underscore importance pakistan china relationship position remain far apart position formally put forward side remain structurally incompatible analyst washington point plan transmitted tehran via pakistan includes month ceasefire handover iran highly enriched uranium stockpile halt enrichment curb tehran ballistic missile programme end support regional proxy iran counterproposal outlined state funded broadcaster press citing senior political security call halt aggression killing concrete guarantee recurrence reparation end hostility iran ally formal recognition iranian sovereignty strait hormuz trump reporter board air force sunday iran agreed point monday iran ministry foreign affair esmaeil baghaei confirmed tehran received message via intermediary described proposal unrealistic illogical excessive baghaei appeared sceptical prospect islamabad dialogue yielding peace deal meeting pakistan framework established participate good country region concerned ending war careful side started war khan former diplomat iran scepticism ran deep iran suspect diplomatic process serve smokescreen ground assault along coastline adjacent island strait hormuz magic wand erase deeply entrenched trust deficit overnight adding trust building must proceed brisk pace given devastating humanitarian military cost advertisement javad heiran nia director persian gulf study group tehran preliminary engagement must ensure neither side feel surrendered negotiation framework party participate without feeling given focus low cost fruitful issue short term jazeera realistic first step commitment postpone threat iran power plant sustained period alongside guarantee third country interim arrangement reza khanzadeh adjunct professor george mason university burden compromise ultimately lie washington iran belief deal short term invite future attack making regime survival non negotiable willing compromise nuclear programme ballistic missile programme support regional proxy tehran compromise existence therefore iranian willing fight long take pointed mounting domestic pressure noting trump approval rating fallen percent recent poll driven rising fuel cost public concern war khan identified decisive confidence building measure washington yet deliver commitment washington ensure israel halt attack iran lebanon withdraws recently occupied lebanese territory however easier done strait hormuz economic pressure iran agreement allow pakistani flagged vessel strait hormuz confirmed dar weekend acknowledged trump immediate confidence building measure table strait remains effectively closed normal shipping international energy agency described disruption worst oil shock history surpassing crisis 1973 1979 brent crude rose 116 per barrel early monday trading asia percent since war began february trade organization director general ngozi okonjo iweala global trade experiencing worst disruption past year sayed founding chairman islamabad based pakistan china institute iran closure strait hormuz cause consequence conflict saudi king faisal bin abdulaziz saud weaponised oil export october 1973 cutting supply ally retaliation support israel arab israeli war triggering global energy crisis iran deployed strait counterbalance israeli military firepower economic chokehold argued khan cautioned treating strait centrepiece settlement strait hormuz remain residual issue ultimately need addressed eight littoral state persian gulf reference unclos established legal precedent referring convention law sea immediate priority argued broader halt hostility foremost confidence building measure pause hostility truce provides respite warring side creates space peacemaker heiran nia proposed phased approach first agree limited ceasefire halt attack civilian target reduce force critical area establish confidential channel information exchange second step move broader ceasefire negotiation tehran based analyst advertisement withdrawal measurable mediator acting secret channel ensure reciprocity spoiler problem even diplomatic effort continue military trajectory remains escalatory amphibious task force 500 marine sailor led us tripoli arrived region friday central command centcom another 200 marine heading gulf alongside 000 soldier army 82nd airborne division trump clear military option remain consideration report suggest pentagon preparing potential ground operation last week israel waged genocidal war gaza october 2023 invaded southern lebanon second since struck tehran sunday israeli force killed iran supreme leader ayatollah ali khamenei senior leader opening salvo february later killed top security ali larijani march iran atomic energy organisation projectile landed within compound bushehr nuclear power plant without causing damage state medium israel ambassador danny danon operation continue iran nuclear missile capability eliminated adding israel part iran talk khan despite pressure iran acquiesced mediation reposed trust pakistan turkiye move process forward warned risk diplomacy fails biggest obstacle remains continuous unabated attack iran lebanon israel appears operating overdrive escalatory step risk derailing seminal yet delicate diplomatic process plunge nuclear triggered catastrophe outcome must averted cost sayed agreed arguing iran zero trust israeli assurance key question determine outcome suffer pain long run israel inflict pain certainly incur classic lesson asymmetrical warfare weaker side win losing heiran nia stressed agreement require robust safeguard confidence building measure must include early warning mechanism detect stop attempt sabotage measure must short term reversible reciprocal possible disruption cause permanent damage,5,Nuclear Programme & Regime Change,-0.9876,0.151,0.684,0.164,Negative,0.01077468487394958,0.43640814659197014
aljazeera,Beirut apartment damaged in Israeli strike,,https://www.aljazeera.com/video/newsfeed/2026/3/30/beirut-apartment-damaged-in-israeli-strike?traffic_source=rss,news,beirut apartment damaged israeli strike israeli air strike heavily damaged residential building beirut southern suburb newsfeed beirut apartment damaged israeli strike israeli air strike heavily damaged residential building beirut southern suburb scattering rubble crushing car israel relentless attack target hezbollah million forced flee home since war lebanon began march,0,Military Operations & Strikes,-0.9774,0.018,0.535,0.447,Negative,-0.05000000000000001,0.35000000000000003
aljazeera,"Schools, water, industry: What civilian targets have US, Israel, Iran hit?",,https://www.aljazeera.com/news/2026/3/30/schools-water-industry-what-civilian-targets-have-us-israel-iran-hit?traffic_source=rss,news,school water industry civilian target israel iran hit israel increasingly hitting civilian site iran effort end week long war way israel increasingly hitting civilian site iran effort end week long war way since launching military offensive iran february united state israel carried thousand strike across middle east nation million targeting military well civilian infrastructure including hospital school residential building iran 000 killed israeli strike roughly 000 civilian site including attack school city minab first war spread lebanon israel accused extending gaza playbook israeli force killed 000 palestinian gaza strip including hundred medic aid worker genocidal war iran carried retaliatory strike military industrial civilian energy facility israel killing least wounding thousand tehran carried attack gulf nation host base least killed least soldier killed iranian attack israeli strike expanded include civilian facility power water desalination plant drawing iranian response sunday iran targeted desalination plant kuwait raising concern gulf nation overwhelmingly depend desalinated water break key civilian target israel iran hit far education advertisement school iran war iran began february strike elementary girl school shajareh tayyebeh good tree city minab southern iran least 170 girl aged seven year killed missile struck school donald trump denied attacked school however several independent investigation medium organisation including jazeera right group including amnesty international attack likely deliberate manufactured tomahawk missile likely used attack retaliation march iran struck israel killing least nine israeli town beit shemesh university iran march iran university science technology hit iranian medium targeted israeli strike remains unclear damage casualty strike look like later university iran central city isfahan hit israeli air strike second since war erupted leaving four university staff member wounded strike iranian state medium islamic revolutionary guard corp irgc attack university tied israel across middle east retaliation sunday post embassy baghdad warned iran proxy intend target university baghdad sulaymaniyah dohuk well university perceived connected united state advised citizen leave iraq immediately energy facility retaliation israel strike iran blocked strait hormuz led disruption global oil gas supply many country begun tapping strategic oil reserve avoid economic crisis focus strait negotiation reopen ongoing attack energy infrastructure iran across gulf region continuing upending global energy supply iran march israel hit iran oil facility first since war started killing least four aghdasieh oil warehouse northeast tehran tehran oil refinery south shahran oil depot west tehran oil depot karaj city key facility targeted witness oil shahran depot leaked street reporting tehran jazeera tohid asadi described seeing black raindrop window early next advertisement israel struck number fuel storage facility tehran used operate military infrastructure march attack provided proof claim israel adopted similar tactic gaza targeting school hospital accusing facility used hamas fighter accusation later turned false march israel struck iran critical south par gasfield south par part largest natural gasfield span 700sq 745sq mile shared iran qatar trump neither qatar involvement prior knowledge israel initial strike south par field iran retaliated launching missile drone target across middle east including energy infrastructure nearby arab gulf state qatar march iranian drone struck energy facility ra laffan belonging qatarenergy largest liquefied natural gas lng producer qatarenergy immediately announced halted lng production following attack qatar lng export represent percent global market iranian however publicly denied targeting qatarenergy march iranian missile struck lng facility ra laffan industrial city northern qatar hour israel struck south par gasfield doha attack caused extensive damage attack wiped percent qatar lng export capacity causing estimated 20bn lost annual revenue qatarenergy ceo saad sherida kaabi agency saudi arabia march saudi arabia shut operation ra tanura plant biggest domestic oil refinery operated saudi aramco fire broke facility caused debris interception drone iranian publicly denied targeting saudi aramco united arab emirate march fire broke mussafah fuel terminal southwest abu dhabi struck drone later falling debris drone interception caused fire fujairah oil terminal along eastern coast uae injury march oil loading port fujairah halted partly iranian drone attack caused fire export terminal operation shah gasfield remained suspended earlier attack fujairah lie outside strait typically outlet million barrel per state company murban crude still operating reduced capacity kpler data analytics firm oman march multiple iranian drone struck fuel tank tanker port duqm least direct hit fuel storage tank causing explosion drone strike recorded salalah port handle fuel industrial mineral advertisement kuwait march iranian drone struck kuwait largest oil refinery mina ahmadi second second attack fire broke across multiple unit refinery process 730 000bpd oil kuwait national oil company several unit shut though casualty israel owner israel oil refinery limited iranian missile struck haifa complex march essential infrastructure damaged energy eli cohen iranian strike caused damage power grid water resource desalination plant iran march iranian foreign abbas araghchi desalination plant qeshm island southern iran attacked water supply village impacted attacking iran infrastructure dangerous move grave consequence set precedent iran attack iran since targeted desalination plant gulf region bahrain march manama iranian drone attack caused material damage water desalination plant water scarce across gulf region groundwater together desalinated water account percent region water resource 2020 report gulf research center attack exposed vulnerability gulf country depend desalination plant majority water supply kuwait march iranian attack water desalination plant killed indian worker damaged building site kuwaiti authority service building power water desalination plant attacked part iranian aggression state kuwait resulting death indian worker significant material damage building kuwait ministry electricity water renewable energy monday iran yet comment incident percent kuwait drinking water come desalination plant power industry power plant iran march israeli strike hit bushehr nuclear power plant atomic energy organization iran adding third attack facility since war began plant iran operational nuclear power facility play vital role civilian energy programme power plant israel march debris intercepted missile fell power generation station northern city haifa caused electricity outage several area israeli medium report iranian medium tehran struck power plant retaliation attack south par gasfield steel plant iran march israeli air force struck iranian steel plant linked irgc provided proof linking plant irgc iran far agency israeli strike hit khuzestan steel near ahvaz mobarakeh steel isfahan later iranian medium khuzestan steel company halt production steelmaking unit struck advertisement post march iran foreign abbas araghchi declared tehran exact heavy price aluminium facility bahrain uae march irgc carried missile drone attack aluminium facility bahrain uae aluminium bahrain alba employee injured attack facility uae emirate global aluminium ega site abu dhabi suffered significant damage six injured finance technology company iranian bank hit march iran state broadcaster israeli attack overnight struck state owned bank sepah branch tehran called illegitimate unusual act war several employee killed incident irgc since threatened attack economic centre bank related israeli entity region irgc affiliated tasnim agency released list office infrastructure run top company israeli link whose technology used military application describing iran target jazeera maziar motamedi reporting tehran company include google microsoft palantir ibm nvidia oracle listed office infrastructure cloud based service located multiple israeli city well gulf country motamedi gulf bank threatened following iran threat several bank across gulf region evacuated office march report york time citibank asked employee immediately vacate regional headquarters dubai international financial centre standard chartered employee work home qatar hsbc temporarily shut branch data centre gulf march amazon data centre struck iranian drone attack uae debris drone strike damaged third amazon data centre bahrain march apparent iranian drone attack disrupted amazon web service aws bahrain amazon immediately comment whether bahrain facility directly hit disruption due nearby attack company helping migrate customer alternate aws region recovers though provide additional detail extent damage long anticipates disruption last situation evolves advised request workload affected region continue migrate location amazon aws amazon cloud computing unit critical operation many well known website operation company main driver profit,4,Geopolitical Alliances & Reactions,-0.9998,0.054,0.699,0.247,Negative,-0.016333736884584345,0.29106133979015336
aljazeera,Green and Yellow: Two lines that separate me from my land,,https://www.aljazeera.com/opinions/2026/3/30/green-and-yellow-two-lines-that-separate-me-from-my-land?traffic_source=rss,news,green yellow line separate land israel draw many line want give right land israel draw many line want give right land land today palestine commemorate special bond palestinian land help think grandfather dispossession repetition trauma life grandfather hamdan year old zionist force began campaign ethnic cleansing call nakba lived family village faluja peasant got working land raising farm animal selling seasonal crop local market starting early 1948 faluja came attack zionist militia strategic target due location centre network road leading north jerusalem jaffa south gaza brutal zionist assault intensified grandfather fled family nearby village take anything thinking return soon thing carried key door home egyptian brigade held faluja besieged zionist force well 1949 armistice egypt newly established israel forced abandon position green line drawn leaving percent historic palestine zionist control cutting grandfather ancestral village rest life nature coloniser fear anything reminds land rightful owner expose fact taken belong israeli militia therefore set destroy remained faluja along palestinian village 1950s established several settlement land including kiryat gat shahar nir hen advertisement gaza grandfather family struggled build life although idea return never left imagination harsh reality forced adapt settled area east khan younis planted olive citrus tree built home grandfather point teach child grandchild agriculture tell plant grow taught root land historical right always taken force returned gift come heavy price israel know taken something right therefore respond brutality demand back eight year old got taste grandfather lived 2008 israeli war gaza displaced family first five half year later israeli war machine attacked destroyed home home eight uncle experience final blow grandfather carried burden almost year displacement destruction heart passed away day seeing olive tree home destroyed learned lesson well grandfather stayed land rebuilt home replanted tree put root deep soil october 2023 occupation launched genocide gaza amid death destruction everywhere forced flee home israeli force destroyed home uprooted tree killing many relative neighbour last israel drew called yellow line swallowing nearly percent gaza strip line stand home like green line stood grandfather faluja think heart feel heavy weight year occupation even live feel suffering came ancestor longing back home today carry key house like grandfather carry even though know home completely destroyed seen reduced rubble remains taken away machinery destruction still keep key despite loss suffering intention leaving year palestinian given various incentive abandon homeland israel offered money ticket promise better life exile failed resorted terror imprisonment home demolition economic siege attempt break palestinian advertisement yet palestinian stood firm relationship land go beyond ownership existential belonging perhaps clearest response colonial project lie demographic reality palestinian gaza numbered 000 1948 received nearly 200 000 refugee including grandfather family today even year genocide million holding land resisting expulsion feeling attached ever matter line drawn occupier whether green yellow colour fade face deeply rooted existence matter long take matter violent colonial war machine becomes remain palestine view expressed author necessarily reflect jazeera editorial stance,3,Civilian Casualties & Humanitarian,-0.9968,0.085,0.725,0.19,Negative,-0.016565656565656568,0.3768416305916305
aljazeera,Palestine aIly Ireland under fire for allowing weapons transfers to Israel,,https://www.aljazeera.com/news/2026/3/30/palestine-aily-ireland-under-fire-for-allowing-weapons-transfers-to-israel?traffic_source=rss,news,palestine aily ireland fire allowing weapon transfer israel since iraq war shannon airport served key transit hub military scrutiny since iraq war shannon airport served key transit hub military scrutiny november activist palestine action eire crashed modified van barrier shannon airport drove onto runway towards united state military aircraft sprayed green paint parked boeing 737 700 action protest saw ireland complicity israel genocide palestinian gaza military continued use shannon airport israel onslaught killed 000 palestinian data collected military plane tracker shannonwarport least 300 military military contracted civilian aircraft flown within 60km mile shannon airport since january 2024 including least flight travelled israel took part action general frustration irish establishment society activist conan kavanagh jazeera spending day limerick prison remand paid 000 euro 500 bail money activist awaiting trial charged criminal damage interfering operation management safety airport pride shared history colonialism resistance think incredibly limited express support palestinian kavanagh lot palestinian activism ireland centred around march speech rally good need escalated upon actively disruptive protest hope actually force hand state advertisement aine threinir participated separate alleged incursion airport 2024 belief protesting military use airport western ireland something mobilise strongly around happened jazeera included others past year done action shannon criminalised dragged court irish state irish absolutely come price taken action ireland support palestine historic root among recent action recognising state palestine 2024 supporting south africa genocide case israel international court justice welcoming dozen student medical evacuee gaza critic argued still area enact meaningful policy limit israeli aggression use airspace protester hold regular demonstration shannon airport call irish inspect military military contracted plane weapon destined israel united nation report october francesca albanese special rapporteur occupied palestinian territory listed ireland among country permitted weapon transfer port airport indicating intent facilitate israeli crime interview irish broadcaster rte urged ireland stop transit weapon 2024 department transport approved 354 application civil aircraft irish registered aircraft carry military weapon ammunition ireland representing percent increase 2023 irish time april application refused 2024 interview april irish radio station newstalk alice mary higgins member irish seanad senate full record flight available known largest number exemption sought germany united state data gathered shannonwatch track military stopover confirm aircraft passing military military contracted flight germany luftwaffe appearing log maintained routinely inspect foreign military aircraft landing airport exemption granted civilian aircraft carry munition bound israel advertisement israel attacked iran irish prime micheal martin shannon used assist war however strong evidence military weapon transported difficult intervene investigate transgression rule ireland looking way shannon airport key military refuelling transit point europe decade iraq war million soldier passed airport western ireland fuelling controversy allegation site facilitated transport weapon detainee john brennan director maynooth university centre european eurasian study jazeera european union country facilitate weapon transfer ally nato security framework ireland policy allow transit weapon airspace maintain traditional military neutrality irish law civil aircraft carrying weapon ammunition must apply exemption department transport landing irish airport travelling irish airspace irish registered aircraft carrying munition anywhere must seek permission foreign military aircraft authorised land fly ireland department foreign affair condition carrying weapon irish authority prisoner iraq war transported airport human right group amnesty international ireland failure actively inspect plane meant violated human right obligation full extent passed shannon never established shut investigation brennan brennan strategy looking way resulted revelation weapon transited illegally irish investigative site ditch august 2024 israeli belgian challenge airline illegally transited ammunition military explosive bound israel irish airspace based document obtained via freedom information request belgian antiwar ngo vredesactie report department transport launched probe found nine unauthorised flight carried munition irish airspace destined israel since october 2023 opposition party condemned finding accusing turning blind eye failing uphold international law ireland policy military neutrality eoghan mcneill editor ditch jazeera unauthorised flight operated mix military contractor commercial carrier including israel national airline carrier fedex express omni air international germany national airline lufthansa challenge airline alone flight carrying weapon israel irish airspace october 2023 january 2025 advertisement irish department transport continuing examine report alleged nonexempted flight pledged introduce law enable random physical inspection aircraft warned concerned airline carrying israeli munition irish airspace without authorisation october ireland granted exemption military chartered omni air international flight carry munition israeli military nevatim airbase southern israel marked first since 2006 irish acknowledged authorising israel bound weapon flight fly shannon airport ditch publication neither irish prime office department transport responded jazeera request comment brennan ireland cautious provoking washington due economic tie citing issue around shannon long debated occupied territory bill ban trade israeli settlement illegal international law legislation yet pas despite strong parliamentary support last month shannon airport faced renewed criticism guardian several palestinian arrested deported occupied west bank flight chartered immigration custom enforcement refuelled airport,3,Civilian Casualties & Humanitarian,-0.9963,0.091,0.743,0.166,Negative,-0.0014682539682539678,0.2222680097680098
aljazeera,Land Day in Gaza: Between memory and the fight for what remains,,https://www.aljazeera.com/features/2026/3/30/land-day-in-gaza-between-memory-and-the-fight-for-what-remains?traffic_source=rss,news,land gaza memory fight remains gaza land highlight transformation historical land right survival war siege displacement gaza land highlight transformation historical land right survival war siege displacement gaza city gaza strip inside tent pitched small patch land sawsan jadba sits child final strip property metre away rest seized land israel 2023 genocidal war palestinian gaza strip old owned plot 000 square metre 530 square foot inherited father eastern tuffah neighbourhood another abu safiya northeast gaza city third along salah din street central gaza paradise recall planted olive tree citrus fruit source livelihood child like thousand across gaza jadba seen reality change completely home destroyed land become inaccessible fall within called yellow line israeli military demarcation line slice half gaza territory today 600 square metre 460 square foot remain jadba land tuffah describes loss deep wound chest nightmare never imagined living still determined stay put daughter grandchild cultivating remaining plot despite limited resource land like honour even single metre land remains impossible stay jadba connection land memory symbolism daily experience loss attachment reality closely linked distant past participated land commemoration recalling event march 1976 six unarmed palestinian killed israeli force protest israel confiscation palestinian land advertisement fifty year land become foundational moment palestinian national consciousness renewing bond land lost decade ago merely property identity existence inalienable right renewed connection land occupied 1967 1948 demanding right return jadba frustration today meaning completely changed demanding land took war drawing border war jadba family displaced southern gaza stayed month following ceasefire reached israel palestinian group hamas october 2025 rushed back check land like someone trying catch breath remained home completely destroyed land bulldozed thanked god live remains dream reaching rest decided continue farming act survival daily resistance solution live hold land pointing crop planted eggplant pepper tomato ramadan planted arugula parsley spinach gaza land fertile give give back israel latest war took jadba land son husband killed another war 2008 2009 despite loss loved one hardship displacement scarce resource jadba never considered leaving life difficult yes happened gaza genocide starvation looting stop holding land stay land last moment die buried uprooted land land traditionally marked public demonstration commemoration however third consecutive anniversary come amid harsher condition gaza population half year war widespread destruction mass displacement thousand palestinian gaza lost cut land home large portion territory inaccessible either due destruction result imposed military geography estimate indicate israeli force control half gaza total area meanwhile agricultural land backbone food security either destroyed largely isolated advertisement centre transformation yellow line stretch north south depth ranging 2km 7km mile mile beyond line marked yellow concrete barrier stretch large area designated israeli army combat zone limit palestinian include entire residential neighbourhood much eastern gaza agricultural land various estimate percent percent gaza land fall direct israeli control effectively confining population less half territory reality reshaped geography redefined meaning land commemoration historically tied right return land lost 1948 access land home lost latest war gaza destroyed home uprooted land bashir hamouda sitting outside family cluster tent western gaza surrounded destruction today homeless living camp fit human life feel suffering lament old hamouda forced flee home jabalia northern gaza israeli bombardment left behind house plot land filled olive tree palm tree various fruit left home land wished house collapse die inside tearfully felt like heart ripped person live without heart live without land land heart land remembrance history describes uprooting bitter experience today issue longer land 1948 1976 recently lost gaza land home everything eye tearing hamouda attribute bitter shift meaning land right return ancestral village demand return recently destroyed home describes international silence inaction towards palestinian suffering grandparent land stolen 1948 1976 stood nothing happening endure genocide child grandchild nothing add demanded historical right return today demanding return home eastern jabalia minute away shift reflects scale change imposed war extends beyond gaza coinciding escalating land confiscation settlement expansion occupied west bank jerusalem along ongoing forced displacement across multiple area advertisement reality relationship land measured lost remains continue fight hold onto sit grandchild teach land mean plant meaning belonging hamouda act teaching minimum displacement forget land return generation,3,Civilian Casualties & Humanitarian,-0.9989,0.077,0.704,0.218,Negative,0.022505224660397054,0.32525314723590576
rt,Attack on Kuwait plant highlights Middle East’s critical vulnerability,,https://www.rt.com/news/636732-middile-east-desalination-dependence/?utm_source=rss&utm_medium=rss&utm_campaign=RSS,news,attack kuwait plant highlight middle east critical vulnerability alleged iranian airstrike kuwait renewed fear middle east fragile drinking water supply israeli war iran risk region wide freshwater crisis desalination infrastructure compromised kuwait accused iran carrying heinous attack combined power desalination plant sunday like much middle east nation depends heavily industrial production meet freshwater need happened purported iranian strike killed worker indian national caused extensive damage service building fatima abbas jawhar hayat spokeswoman kuwait ministry electricity water renewable energy authority disclosed facility struck whether electricity water production disrupted spokeswoman emergency team still assessing damage urged resident ignore speculation nasa firm satellite data detected active fire doha west power water treatment plant kuwait since yesterday doha west largest combined power water treatment plant kuwait relies desalinization water narjes rahmati narjes rahmati march 2026 tehran responded accusation however iranian medium fire sabiya power plant detected nasa satellite mistakenly identifying doha west facility another combined power desalination plant located roughly away crucial sabiya facility kuwait operates six owned thermal plant produce electricity desalinated water sabiya plant launched 1998 expanded multiple time recent upgrade announced last generates 300 megawatt electricity per hour produce roughly 340 000 cubic meter water daily data comparison largest single water producer zour south plant capacity 670 000 cubic meter per middle east become dependent desalination water scarcity defining challenge across region kuwait particularly constrained data access cubic meter naturally renewable freshwater per person annually compared 296 cubic meter relatively water rich oman modern living standard require around 700 cubic meter per person accounting need quenching thirst growing food desalination supply large share drinking water ranging uae nearly qatar industrial operation data center petrochemical facility drive demand gulf cooperation council gcc country began heavily investing desalination 1979 oil crisis created significant surplus wealth thermal desalination remains important seawater reverse osmosis swro us membrane remove salt become dominant technology today 400 desalination plant operate across gulf producing million cubic meter water daily third global capacity study nature clean water january water facility targeted region reliance desalination combined limited water storage especially bahrain kuwait qatar make system highly sensitive disruption major damage quickly escalate humanitarian emergency israeli regime change war iran already seen incident affecting critical infrastructure debris intercepted iranian drone missile reportedly caused unintended damage uae fujairah plant kuwait doha west facility iran accused striking desalination plant qeshm island saying attack threatened water supply village foreign abbas araghchi called precedent dangerous move grave consequence following bahrain iranian drone hit desalination site though water production affected incident coincided major emergency tehran israeli strike hit oil storage site resident iranian capital breathing difficulty due toxic smoke environmental group raised concern potential groundwater contamination donald trump repeatedly threatened obliterate iranian civilian infrastructure including water plant claim seeking negotiated capitulation tehran earlier conflict 1991 gulf war iraqi force damaged kuwaiti water facility driven led force offshore oil spill believed deliberate threatened filtration desalination intake system vulnerable pollutant thermal counterpart kuwait forced impose water rationing import supply yemen saudi led military operation 2010s included strike desalination facility meanwhile iran aligned houthi force targeted saudi plant missile attack 2019 2022 recently israel military campaign gaza following 2023 hamas attack caused widespread damage civilian infrastructure including desalination system,0,Military Operations & Strikes,-0.9985,0.051,0.727,0.222,Negative,-0.0012322472848788682,0.3744569757727653
rt,"Trump threatens Iran with more destruction, claims peace deal is near",,https://www.rt.com/news/636737-trump-iran-more-threats/?utm_source=rss&utm_medium=rss&utm_campaign=RSS,news,trump threatens iran destruction claim peace deal near washington serious discussion iran regime donald trump claimed vowed destroy islamic republic oil well power plant key export hub kharg island serious discussion reasonable iranian donald trump claimed post truth social platform threatened obliterate iran critical energy infrastructure deal shortly reached trump claimed social medium post monday great progress negotiation warning tehran destruction strait hormuz immediately reopened happen opt completely obliterate electric generating plant oil well kharg island trump claimed washington consider striking critical infrastructure including desalination plant trump claimed washington tehran meeting directly indirectly iran insisted contact ongoing intermediary iranian foreign ministry esmaeil baqaei tehran regard proposal received unrealistic illogical excessive ultimately highly unreasonable position clear military aggression therefore effort strength focused defending baqaei press conference monday last weekend trump vowed obliterate iran power plant starting biggest first unless tehran restored navigation strait hormuz within hour iran threatened retaliate striking power generating asset across west asia pointed 400 facility scattered across half israel power output generated five major plant called attack day announcement claiming side held good productive conversation complete total resolution hostility middle east iranian suggested trump backed iran firm warning retaliate strike power grid,1,Diplomatic Efforts & Peace Talks,-0.9543,0.15,0.636,0.215,Negative,0.04783854166666667,0.4806770833333333
rt,Trump weighing raid on Iran to ‘extract’ enriched uranium – WSJ,,https://www.rt.com/news/636727-trump-iran-uranium-raid/?utm_source=rss&utm_medium=rss&utm_campaign=RSS,news,trump weighing raid iran extract enriched uranium wsj donald trump mulling ground raid seize enriched uranium iran nuclear site wall street journal operation complex high risk extend conflict expert warn donald trump considering military operation seize enriched uranium held iranian nuclear site wall street journal citing source decision trump remains generally open option weighing risk troop report sunday least service member killed 200 wounded since iran conflict began late february israeli strike june 2025 iran believed hold 400 uranium enriched nearly 200 enriched weapon grade level material located underground facility isfahan natanz iaea chief rafael grossi trump instructed adviser increase pressure tehran hand 450 enriched uranium condition ending conflict discussed seizing force negotiation fail report ally privately material captured targeted operation without prolonging war potentially allowing wind mid april military expert however operation complex high risk likely taking week involving coordinated action across many dispersed site force need secure facility potential missile drone fire specialist team extract uranium stored dozen cylinder require transport protected cask sunday trump warned escalation saying iran must comply demand going adding going give nuclear dust report follows iran rejection last proposed roadmap called dismantling nuclear program curbing missile activity ending support regional ally tehran saying deal must include concrete guarantee dictated washington long accused iran pursuing nuclear weapon allegation tehran denies saying program purely peaceful claim serving central pretext conflict interview financial time sunday trump like take control iran oil honest favorite thing take oil iran trump dismissing critic stupid ruling possibility force seizing key export hub kharg island,3,Civilian Casualties & Humanitarian,-0.9367,0.107,0.72,0.173,Negative,-0.0010000000000000009,0.47572222222222227
rt,Yemen’s Houthis side with Iran: Who are they and how much firepower do they have?,,https://www.rt.com/news/636667-yemens-houthis-iran-war/?utm_source=rss&utm_medium=rss&utm_campaign=RSS,news,yemen houthis side iran much firepower houthis yemen join iran middle east conflict threatening attack ally potential disruption red sea shipping route group announced join ongoing hostility israeli attack islamic republic enters second month yemeni based houthi movement saturday announced formal entry conflict middle east group proclaimed full support iran resistance faction across region faced israeli aggression group condemned atrocity committed israel ally lebanon iran iraq gaza pledging begin military operation aggressor houthis warned third nation joining attack iran well using red sea taking hostile action look group long record armed conflict warfighting capability houthis group known officially ansar allah emerged zaydi fiver shia revivalist movement northern yemen mid 1990s ruled zaydi imam 000 year ousted 1962 republican revolution since yemen plagued repeated civil conflict zaydi dominated north sunni majority south ansar allah founded yemeni politician zaydi religious leader hussein houthi long regarded part iran axis resistance adopted strong anti israeli anti stance early 2000s group coined notable slogan sarkha read god great death america death israel curse jew victory islam slogan stylized vertical red green banner commonly displayed houthi mass rally utilized propaganda used war cry group eventually found odds ali abdullah saleh longtime north yemen leader managed defeat southern secessionist reunify early 1990s houthis wary saleh zaydi close cooperation saudi backed hardline sunni islamist regarded threat rule alleged group sought establish imamate decade continuous conflict tension saleh ansar allah devolved open conflict 2004 prompted attempt arrest movement leader civil strife ultimately full blown civil war plaguing yemen ever since string conflict ansar allah shown remarkable resilience ability hold numerically technologically superior foe win group leader founder hussein houthi killed early hostility succeeded brother abdul malik houthi lead movement date despite repeated attempt defeat rebel large scale military assault bombing campaign foreign primarily saudi help yemeni unable houthi insurgency coupled event arab spring ultimately led saleh downfall 2012 aggravated foreign intervention conflict yemen continued escalate group moved oust saleh successor abdrabbuh mansour hadi took capital city sanaa 2014 hadi served vice saleh decade enjoyed broad support among gulf state opposed houthis emerged southern secessionist ansar allah found conflict multiple opponent including broad saudi led coalition seeking reinstate internationally recognized hadi southern secessionist backed uae well sunni jihadist group including local offshoot qaeda islamic state formerly isi situation yemen aggravated sporadic bombing campaign ally staged pretext fighting jihadist group well response houthi attack israel amid war gaza houthi held region subjected strict naval land blockade led famine northern part war torn well indiscriminate aerial bombing campaign repeatedly inflicted mass casualty civilian gathering including wedding funeral following sanaa takeover group ended temporarily aligned former arch rival saleh remnant military still loyal alliance ended late 2017 saleh attempted break rank houthis expressing readiness cooperate saudi arabia uae long clash capital resulted decisive houthi victory despite initial success insurrection heavy coalition bombing support ambushed militant killed ansar allah ultimately managed fight coalition adversary standstill winning largest battle war 2018 holding major port control hudaydah large scale offensive pro hadi force movement stance reinforced campaign long range strike saudi arabia oil industry military installation fighting eventually waned amid series brokered truce saudi arabia ansar allah entering ceasefire early 2022 still stand yemen remains split roughly along line fractured houthis controlling territory housing estimated population least million long range strike capability ansar allah known possess considerable long range strike capability including ballistic cruise missile well assorted kamikaze drone bulk munition group inventory believed west iranian origin houthis repeatedly claimed operate domestically designed built weaponry group repeatedly targeted israel long range munition wake gaza war activity somewhat waned recent month group renewed attack israel immediately announcement join hostility middle east iran side extent damage inflicted houthis israel past half year debatable largely due lack independently verifiable evidence israel imposed strict censorship publicizing footage anti aircraft defense work damage ground long range strike carried houthis height saudi led invasion yemen however proven group weaponry capable penetrating sophisticated anti air defense inflicting damage ground september 2019 instance ansar allah launched successful attack saudi oil facility inflicting heavy damage aramco factory abqaiq largest crude processing plant bab mandeb blockade loom houthis capability inflict damage iran enemy still seen group likely retains great naval interdiction potential amid gaza war houthis waged campaign shipping linked israel ally red sea particularly bab mandeb strait gulf aden southern maritime gateway suez canal group targeted around hundred cargo ship waterway since november 2023 damaging least vessel sinking four campaign caused disruption global traffic numerous ship diverted suez canal sail around africa incurring higher cost delaying delivery week ansar allah used vast arsenal different weapon maritime campaign including anti ship ballistic missile aerial water kamikaze drone even attacked vessel close speedboat houthis suspended activity october last shaky brokered ceasefire implemented gaza israel hamas group potentially resume attack international shipping waterway entering war support iran traffic strait hormuz disrupted potential development seems certain drive oil commodity price even higher well broader impact global economy,6,Media Narratives & Propaganda,-0.9992,0.098,0.667,0.236,Negative,0.04008121940364931,0.36716733422340886
rt,Israel opens holiest Christian site to ‘limited prayer’ after backlash,,https://www.rt.com/news/636707-israel-allows-limited-prayer-at/?utm_source=rss&utm_medium=rss&utm_campaign=RSS,news,israel open holiest christian site limited prayer backlash israel allowed limited access jerusalem church holy sepulchre following widespread criticism earlier restriction west jerusalem criticized blocking access church holy sepulchre palm sunday israel allowed limited access church holy sepulchre jerusalem following widespread international criticism blocking access christianity holiest site sunday israeli police prevented senior catholic clergy entering church hold private palm sunday mass site christian believe jesus christ crucified cardinal pierbattista pizzaballa celebrate mass nearby savior monastery instead move marked first disruption century holiday mark start holy western christian church calendar commemorates jesus triumphant entry jerusalem latin patriarchate decision impeded freedom worship violated status quo jerusalem calling manifestly unreasonable grossly disproportionate measure shortly thereafter israeli prime benjamin netanyahu posted instructed relevant authority cardinal pierbattista pizzaballa latin patriarch granted full immediate access church holy sepulchre jerusalem adding measure imposed due security concern iranian retaliatory strike even though understand concern soon learned incident cardinal pizzaballa instructed authority enable patriarch hold service wish wrote early monday israeli police confirmed approved limited prayer framework church consultation latin patriarchate jerusalem detail arrangement expected finalized discussion church representative police jerusalem major holy site subject restriction amid ongoing conflict following ongoing israeli attack launched iran february muslim holy month ramadan aqsa mosque islam holiest site remained closed eid fitr first since 1967 preventing worshipper marking end ramadan restriction worship jerusalem drew criticism western government including united state france italy ambassador mike huckabee calling unfortunate overreach russian orthodox church previously voiced concern restriction church holy sepulchre holy fire ceremony major orthodox event held annually holy saturday eastern christian church calendar fall april,6,Media Narratives & Propaganda,-0.9186,0.12,0.706,0.174,Negative,0.0034461152882205495,0.2957393483709273
rt,US could invade Iran’s Kharg Island ‘to take the oil’ – Trump,,https://www.rt.com/news/636697-tump-take-iran-oil/?utm_source=rss&utm_medium=rss&utm_campaign=RSS,news,invade iran kharg island take oil trump want washington control tehran oil industry export indefinitely venezuela belief american force easily seize key export hub donald trump ruling possibility american force seizing iran key energy export hub kharg island order take control islamic republic oil export interview financial time sunday trump claimed preference washington control tehran oil industry export indefinitely venezuela following military raid january honest favorite thing take oil iran stupid back stupid trump maybe take kharg island maybe lot option trump noting move mean force department war amassing force region fueling speculation potential ground operation tehran iranian force waiting american troop dared come closer accusing secretly planning invasion talking negotiation iran reportedly reinforced kharg island defense mine man portable air defense system fpv drone unit although trump dismissed possibility tehran put fierce fight think defense take kharg island easily claimed following military raid venezuela kidnapped nicolas maduro installed friendlier caracas trump vowed control oil industry indefinitely washington imposed control venezuelan crude export proceeds deposited restricted treasury run account rather going directly venezuelan state interim delcy rodriguez agreed sell 100 million worth physical gold proceeds similarly controlled washington,3,Civilian Casualties & Humanitarian,0.0516,0.128,0.768,0.104,Positive,-0.03383333333333332,0.49588095238095237
rt,"Iranian MPs push to quit nuclear treaty as Trump claims ‘regime change’ win (PHOTOS, VIDEOS)",,https://www.rt.com/news/636682-iran-us-israel-war-latest/?utm_source=rss&utm_medium=rss&utm_campaign=RSS,news,iranian mp push quit nuclear treaty trump claim regime change win photo video oil price jumped 115 barrel month long war spill deeper gulf tehran participation 1968 accord became pointless israeli attack high ranking lawmaker iranian lawmaker looking possibility withdrawing tehran nuclear non proliferation treaty high ranking alaeddin borujerdi iran participation 1968 accord became pointless attack israel borujerdi sits parliament national security committee argued tehran seeking develop nuclear bomb simultaneously adhere rule game bombed meanwhile donald trump claimed goal regime change iran achieved killing supreme leader ali khamenei initial strike february since replaced post son mojtaba khamenei regime decimated destroyed dead next regime mostly dead third regime dealing different anybody dealt truly regime change much better trump leadership iran reasonable claiming feel deal tehran reached soon medium suspected israeli attack tabriz petrochemical company latest development trump remains generally open idea launching special operation raid iranian nuclear site seize 450 kilogram enriched uranium believed stored wall street journal source financial time ruling possibility seizing iran key export hub kharg island order take control tehran oil export idf iranian force continued exchange strike video capturing major blaze erupting oil refinery israeli city haifa attack iran collect payment ship going strait hormuz line law prepared parliament high ranking alaeddin borujerdi philippine sole oil refinery petron announced secured almost million barrel crude oil russia avoiding nationwide fuel shortage sharp price spike iran islamic revolutionary guard corp confirmed death navy chief alireza tangsiri israel earlier tangsiri job since 2018 killed airstrike last thursday follow live coverage continuous update previous update,1,Diplomatic Efforts & Peace Talks,-0.9882,0.078,0.731,0.191,Negative,0.02884967183354281,0.4524116743471582
rt,Ukrainian drones crash in Finland,,https://www.rt.com/news/636654-suspected-ukrainian-drones-crash-finland-pm/?utm_source=rss&utm_medium=rss&utm_campaign=RSS,news,ukrainian drone crash finland ukraine apologized finland drone crashed amid kiev ongoing attack russia leningrad region incident come amid kiev ongoing uav attack oil facility russia leningrad region ukraine confirmed drone crashed finland sunday issued formal apology claiming uavs sent nordic deliberately incident first finnish prime petteri orpo ventured drone launched part kiev ongoing attack neighboring russia leningrad region later post finnish alexander stubb revealed drone confirmed ukrainian origin nato air force previously identified an196 model used kiev military stubb emphasized military threat finland authority maintain readiness react future incident casualty result incident monday press secretary ukraine foreign ministry georgy tikhiy stated kiev offered apology finnish side incident confidently ukrainian drone ever sent toward finland tikhiy suggesting uavs likely veered course due russian electronic warfare system nordic defense ministry several small slow flying low flying object observed finnish airspace sea southeastern finland sunday morning hornet fighter jet deployed monitor drone use suppressive fire avoid collateral damage yle defense ministry stated uavs eventually crashed near city kouvola roughly 100 kilometer mile west russian border since early march defense ministry moscow air defense shot hundred ukrainian drone russian airspace almost daily basis kremlin characterized uav incursion terrorist attack wednesday unusually large number drone downed leningrad region raid resulting blaze port area ust luga home major gas processing complex well europe largest oil terminal specializing transshipment petroleum product rail sea tanker injury among civilian region authority meanwhile wednesday ukrainian uav hit chimney auvere power plant northeastern estonia estonian prime kristen michal around another ukrainian drone impacted neighboring latvia defense ministry stated lithuanian prime inga ruginiene early uav launched ukraine went astray crashed south baltic nation monday baltic nation defense robertas kaunas drone went undetected nato radar flying altitude less 300 meter last september dozen drone crossing poland russia accused ukraine deliberately sending uavs nato territory part false flag attack apparently view pitting western military bloc directly russia,0,Military Operations & Strikes,-0.9801,0.083,0.785,0.131,Negative,0.0012780112044817984,0.3108893557422969
rt,A month of war has shown the strategic failure of attacking Iran,,https://www.rt.com/news/636628-iran-month-of-war/?utm_source=rss&utm_medium=rss&utm_campaign=RSS,news,month war shown strategic failure attacking iran israel saw quick campaign iran see fight survival cost rising end nowhere sight israel saw quick campaign iran see fight survival cost rising end nowhere sight month war iran conclusion stand clearly anything declared press briefing neither israel entered confrontation plan long war campaign conceived short brutal episode shock operation designed break iran force tehran back table humiliating term ambitious fantasy circulating around donald trump political circle trigger internal collapse perhaps even regime change israel aim somewhat different though complementary wanted inflict maximum possible damage iran military strategic infrastructure weaken year reshape regional balance force yet first month fighting central assumption behind approach began collapse instead folding getting coerced submission iran resisted like state fighting survival kill iran make stronger american planner appear imagined limited punitive maneuver lasting perhaps logic familiar point view elegant strike hard generate fear disrupt command structure raise economic cost create moment iran leadership face stark choice capitulation disaster trump camp seem believed iran political system brittle enough crack pressure assumption look less like strategy like projection washington entered war expecting quick leverage rather drawn contest endurance israel part appears approached opening phase fewer illusion diplomacy determination degrade iran force strategic instinct west jerusalem primarily negotiate tehran position strength use cover american backed offensive hit much possible push iran backward military technological geopolitical term sense israel goal harsher concrete even first month exposed contradiction state damage iran kill disrupt sabotage bomb yet weakening iran thing breaking iran campaign hurt decisively cripple still end strengthening tehran politically morally strategically attacked state manages survive retaliate turn endurance legitimacy precisely iran exploited moment tehran broke mental template many american reading crisis washington war seems imagined tactical episode tehran understood strategic struggle even existential iran leadership acted participating another bargaining cycle entered defining confrontation sovereignty deterrence state survival difference strategic depth shaped first month individual missile strike side fighting improve negotiating condition usually stop price becomes uncomfortable side fighting belief defeat endanger future absorbs pain differently calculates differently escalates different kind discipline iranian authority received important internal political opportunity external aggression almost always reshapes internal mood attack iran exception whatever grievance division frustration existed inside iranian society war assault israel gave tehran chance consolidate population around state flag idea national survival moment like even facing criticism reposition defender nation foreign violence erase internal tension magically solve iran domestic problem give leadership room invoke patriotism sacrifice resistance way much harder normal circumstance iranian state prove important political effect war point supposed operation intimidation started looking like reputational trap washington still possesses overwhelming destructive capacity power never measured firepower alone measured political clarity realism objective ability shape outcome without self harm credibility order claim defend first month war damaged four entered rhetoric strength already found talking pause mediation channel indirect message deadline extended pressure look like superpower dictating term look like superpower discovering coercion easier launch conclude paying price economic consequence alone operation look strategically self defeating war kind remain confined military map spread oil price shipping insurance central bank caution inflationary pressure food cost investor panic political unrest country far battlefield sold washington limited geopolitical shock instead begun resemble accelerant poured onto already unstable economy sense likely long term effect simply turbulence middle east deepening risk global recession recession take shape contributed passive observer chaos principal producer profound irony washington launched war claiming security strength yet end exporting insecurity global scale weakening economic room maneuver second major consequence geopolitical long run potentially even serious war speeding fragmentation international system another lesson dependence american guarantee come growing uncertainty ideological volatility sudden unilateralism ally reminded launch major war demand solidarity fact partner reminded american decision making shaped electoral instinct medium theatrics inflated confidence confuse disruption strategy neutral state reminded moment crisis sovereignty hedging matter alignment slogan multipolarity grows practice repeated demonstration old center longer discipline event without destabilizing pressure expose nato faultlines war exposed thin cohesion collective west become america traditional ally rally way washington expected european government showed skepticism irritation case outright distance alliance fatigue showing pressure nato still exists still spends still coordinate politically psychologically old image fully unified western bloc taken another blow credibility alliance system cumulative built decade weakened shock shock every episode washington act first consults later every outburst treat partner instrument rather political actor every demand obedience without strategic explanation erodes trust little military alliance survive erosion especially member still fear common adversary political soul alliance harder repair budget line first month war iran widened emotional strategic distance part europe done western institution already carrying weight internal contradiction collective west far less collective claim conflict clearer war changing gulf iran gulf state conflict open door era well security conception built decade around managed dependence american umbrella combined ambitious social economic transformation home model look less stable gulf monarchy face harsh reality remain exposed iranian retaliation exposed disruption shipping lane exposed energy shock exposed possibility washington act decisively predictably case old assumption american power automatically equal regional order weakened gulf elite mean security doctrine development strategy longer treated separate sphere becoming question region entering era old formula protection growth political balance revised iran position paradoxical militarily suffered economically remains crushing pressure damage inside real severe yet politics accounting sheet destruction alone much depends current phase end tehran eventually forced humiliating concession present gain image positioning evaporate stage iran undeniably improved international positioning crucial sense shown answer washington endure immense pressure across much non western large segment global public opinion deeply suspicious american interventionism iran increasingly seen less caricature western messaging state defending aggression israel survival assault politically transformative broader symbolic effect year dominant assumption many western capital iran boxed isolated intimidated gradually bent strategic submission first month war validated worldview instead reminded observer middle power extreme pressure still generate strategic surprise internally organized around endurance asymmetry political patience iran win conventionally order alter meaning conflict deny rapid political result aggressor hoping shifted psychological terrain war victory political israel meanwhile actor claim short term political gain though even gain narrow dangerous immediate beneficiary appear israeli far right currently power war expands room ideological hardening securitized politics argument maximal force language region understands prolonged confrontation iran help keep domestic political dynamic inside emergency frame dissent marginalized radical agenda travel otherwise might strategic israeli victory political gain particular faction necessarily stable gain israeli state region pushed deeper permanent war region guarantee long term safety even side presently feel ascendant loss strategic look ledger month paradox becomes stark greatest military weight lost strategically absorbed reputational damage intensified doubt judgment strained allied confidence worsened global economic instability accelerated multipolar drift long tried slow israel achieved harder regional environment temporary opening hardline political force iran paid heavily demonstrated resilience strengthened narrative resistance improved international positioning eye many see attack rather rogue state punished gulf state pushed toward strategic revision europe reminded transatlantic solidarity sharp limit west word still armed still wealthy still institutionally significant longer politically seamless first month war map strike casualty count tactical move deeper meaning lie elsewhere revealed bankruptcy familiar illusion american foreign policy illusion use violence short demonstration compel strategic capitulation walk away political consequence mature script worked badly even simpler fragmented inflation prone energy anxious increasingly tired unilateral american shock work worse still iran understood confrontation struggle existence washington treated long maneuver history tends punish kind asymmetry seriousness end first month cautious attempt negotiation begun emerge american appear interested testing track alone great deal campaign unfolded side imagined quickly impose far invested finding exit expected yet party remain far peace position still separated distrust anger incompatible war aim accumulated logic escalation final outcome conflict remains deeply uncertain perhaps uncertain start fog lifted thickened yet thing clear even fog nearly everyone involved sens catastrophe widening war longer perceived contained clash neat limit increasingly seen chain reaction whose radius keep expanding politically militarily economically psychologically fear destruction displacement regional destabilization point escalation cross something far darker including possibility nuclear catastrophe fear still sound extreme fact spoken aloud tell dangerous conflict become sobering conclusion therefore simplest instead restoring american authority month war exposed limit instead reuniting western camp shown divided conditional camp become instead solving iranian question clear iran dealt mere tactical object instead making safer fragmented suspicious expensive unstable,5,Nuclear Programme & Regime Change,-0.9998,0.132,0.584,0.283,Negative,0.02701973951973951,0.37917429792429835
rt,Iran claims destruction of US spy plane (PHOTOS),,https://www.rt.com/news/636638-iran-us-spy-plane-saudi/?utm_source=rss&utm_medium=rss&utm_campaign=RSS,news,iran claim destruction spy plane photo american sentry awacs struck missile attack prince sultan air base saudi arabia irgc sentry awacs aircraft struck attack prince sultan air base saudi arabia irgc key air force sentry awacs command control aircraft 100 destroyed iranian missile drone strike prince sultan air base saudi arabia islamic revolutionary guard corp irgc spy plane hit along several jet friday attack installation located mile southeast riyadh irgc sunday saudi base targeted response hostile action terrorist army six ballistic missile uavs used leaving least troop wounded including five serious condition air space force magazine publication destruction awacs aircraft prince sultan air base saturday citing familiar matter osintdefender open source intelligence monitor photo claimed captured damage done spy plane picture show total loss 0005 sentry airborne early warning control aew aircraft air force 552nd air control wing based tinker air force base oklahoma following yesterday iranian ballistic missile drone attack prince pic twitter com nnnilybnru osintdefender sentdefender march 2026 appeared struck rear section distinctive rotating radar dome located meanwhile iranian broadcaster presstv released satellite image purporting show destruction several plane saudi base central command declined comment loss approached medium open source flight tracking data suggests least six plane stationed prince sultan air base targeted iran time last boeing produced around sentry aircraft 1977 1992 reportedly still service air force plane designed provide weather surveillance command control communication despite age remain crucial american military operation sentry cost around 270 million manufacture wedgetail pentagon see replacement older spy plane priced 700 million,3,Civilian Casualties & Humanitarian,-0.9928,0.015,0.8,0.185,Negative,-0.2389880952380952,0.5345238095238096
rt,Houthis join Middle East conflict,,https://www.rt.com/news/636604-houthis-iran-us-israel/?utm_source=rss&utm_medium=rss&utm_campaign=RSS,news,houthis join middle east conflict yemen houthis entering battle israel support iran yemeni group entering battle israel support iran resistance faction yemen houthi armed force announced formal entry conflict middle east firing several missile israel group control yemeni capital sanaa much north stayed action since israel first attacked tehran february saturday houthi military spokesman brigadier general yahya saree issued declaring support tehran resistance faction region group compelled begin military operation israel ally due ongoing escalation attack infrastructure atrocity committed lebanon iran iraq gaza strip finger trigger nation decides join strike washington west jerusalem red sea used targeting iran saree warned several hour later houthis launched salvo ballistic missile towards sensitive israeli military site timing attack operation carried iran hezbollah lebanon group continue strike aggression resistance front cease israel shooting four missile coming yemen saturday asked houthi attack israeli military brigadier general effie defrin west jerusalem preparing multifront war past half year houthis launched 130 ballistic missile dozen drone israel killing person wounding several others time israel yemeni fighter acting support palestinian gaza west jerusalem launched military operation targeting enclave response october 2023 hamas incursion israel group disrupted shipping red sea targeting around hundred israeli linked vessel gulf aden sinking 2025 launched bombing campaign houthi controlled territory yemen concluded without achieving defeat group promised donald trump white house announced deal reached militant attack vessel stop possible intensification houthi strike shipping increase oil price destabilize maritime security senior yemen analyst international crisis group ahmed nagi warned impact limited energy market strait hormuz effectively closed result israeli war iran saudi arabia redirected oil trade red sea sending million crude daily wide mile wide bab mandeb strait southern tip arabian peninsula houthis targeted vessel bab mandeb 2024 2025 shipping company forced change route send around south africa cape good hope led delay significantly increased cost,6,Media Narratives & Propaganda,-0.9713,0.135,0.682,0.183,Negative,-0.015894465894465897,0.23088803088803092
rt,US prepares for ‘weeks‘ of ground raids in Iran – WaPo,,https://www.rt.com/news/636595-us-plans-ground-raids-iran/?utm_source=rss&utm_medium=rss&utm_campaign=RSS,news,prepares week ground raid iran wapo reportedly preparing option limited ground operation iran including raid kharg island near strait hormuz donald trump yet approve department war invasion plan washington post department war reportedly drafting plan week potential ground operation iran despite donald trump repeated claim tehran already lost month long war begging deal surrender ground mission full scale invasion rather limited raid special operation force conventional infantry troop several spoke washington post condition anonymity insisted potential objective include seizure kharg island key iranian oil export hub raid coastal area near strait hormuz destroy weapon capable targeting commercial military shipping trump yet approve department war plan white house press secretary karoline leavitt pentagon role preparation provide commander chief maximum optionality earlier saturday central command us tripoli amphibious assault ship joined us abraham lincoln aircraft carrier region reinforcement include around 500 sailor marine transport strike aircraft well amphibious assault asset another amphibious ready group comprising wasp class amphibious assault ship us boxer whidbey island class dock landing ship us comstock san antonio class amphibious transport dock ship us portland reportedly moving region meantime department war deploying third aircraft carrier group central command area responsibility potentially join combat operation iran cbs cnn report friday carrier strike group led us gerald ford us abraham lincoln spearheaded attack iran last month ford suffered alleged non combat fire aboard retreated repair crete unclear bush join replace ford,3,Civilian Casualties & Humanitarian,-0.9919,0.064,0.719,0.218,Negative,0.02197802197802198,0.35503663003663005
rt,Trump threatens Cuba is ‘next’ after Iran and Venezuela,,https://www.rt.com/news/636585-trump-threatens-cuba-next/?utm_source=rss&utm_medium=rss&utm_campaign=RSS,news,trump threatens cuba next iran venezuela touted success military operation iran venezuela washington continues strangle havana havana condemned washington ferocious blockade island sign weakness donald trump cuba next touting success military operation iran venezuela washington continues strangle havana oil blockade threat come despite havana agreeing talk washington bid find solution dialogue bilateral difference nation miguel diaz canel speaking investment forum miami friday policy peace strength including raid abduct venezuelan nicolas maduro january decision launch war iran amid ongoing nuclear talk last month successful built great military never use sometimes use cuba next way audience pretend please pretend please please please medium please disregard thank much cuba next trump repeatedly threatened take cuba form warning total oil blockade tariff country supplying fuel island cuba faced severe fuel shortage power cut recent month caracas havana closest ally halted oil shipment following pressure washington saturday cuban foreign bruno rodriguez condemned washington ferocious blockade fuel supply calling brutal onslaught economic system year imposed economic warfare cuba intention harm economy deny access market technology arguing ruthless aggression supposedly incompetent cuban show washington weakness cuba meanwhile launched nationwide civilian military drill involving reservist local unit part war entire defense doctrine even energy blockade daily life cuban defined scarcity average salary roughly 830 cuban peso per month equivalent mere informal exchange market family long relied remittance sent relative abroad year leading current crisis net emigration surpassed 500 000,3,Civilian Casualties & Humanitarian,-0.9811,0.142,0.602,0.255,Negative,-0.02424242424242425,0.2752525252525253
rt,Iran receives ‘highly unreasonable’ US peace proposals as Pentagon amasses troops: As it happened on March 29,,https://www.rt.com/news/636572-iran-us-israel-war-updates/?utm_source=rss&utm_medium=rss&utm_campaign=RSS,news,iran receives highly unreasonable peace proposal pentagon amasses troop happened march pakistan rkiye egypt saudi arabia met islamabad 500 service member arrived middle east pakistan rkiye egypt saudi arabia met islamabad discus escalation middle east live coverage israeli war iran moved iran received proposal united state mediator tehran think highly unreasonable esmaeil baqaei iran foreign ministry quoted bureau islamic republic mediator question pakistan rkiye egypt saudi arabia foreign minister country met islamabad peace negotiation earlier sunday iran parliamentary speaker mohammad bagher ghalibaf earlier claimed force waiting american troop accused secretly planning ground invasion talking negotiation central command yesterday us tripoli carrying 500 service member arrived middle east latest development israeli military ready multi front war yemen iran backed houthi rebel entered conflict missile attack israel explosion heard tehran amid heavy bombardment iran islamic revolutionary guard corp irgc threatened hit israeli university campus retaliation strike iranian education institution protest war tel aviv city across europe lebanon crowd gathered beirut journalist killed described targeted israeli strike follow live coverage continuous update previous update,4,Geopolitical Alliances & Reactions,-0.9566,0.068,0.766,0.166,Negative,-0.0011969696969696977,0.32233333333333336
rt,US ‘worked directly’ with terrorists in Syria on Israel’s behalf – Trump’s ex-counterterrorism chief,,https://www.rt.com/news/636560-us-syria-isis-kent/?utm_source=rss&utm_medium=rss&utm_campaign=RSS,news,worked directly terrorist syria israel behalf trump counterterrorism chief washington worked terrorist syria topple israel behalf counterterrorism chief joe kent washington colluded qaeda isi syria topple bashar assad joe kent worked directly qaeda islamic state formerly isi topple former bashar assad destroy syria donald trump former counterterrorism chief joe kent kent resigned head national counterterrorism center protest israeli war iran remark interview mintpress friday former senior reiterated take iran conflict latest series war waged behalf israel preceded second iraq war syrian civil war washington actively backed terrorist group came going work israeli going work heavily sunni population ground syria create uprising isi came worked directly qaeda hillary clinton email confirm operation support called free syrian army moderate effective guy initially qaeda eventually isi ultimately got control back put brush fire started kent referring occupation part syria pretext fighting terrorism effort destroy syria ultimately resulted fall assad late 2024 islamist takeover led hayat tahrir sham hts rebranded qaeda offshoot kent lashed former leader hts syrian interim ahmed sharaa pointing long record terrorism prevent trump administration recognizing legitimate jail joined isi broke isi hand selected bin laden right hand man ayman zawahiri lead nusra rebranded kent adding number way fool american jihadist put suit,3,Civilian Casualties & Humanitarian,-0.9925,0.09,0.669,0.241,Negative,0.021513605442176873,0.33698979591836736
rt,Battle for Hungary: EU attacks on Orban are a sign of worse things to come,,https://www.rt.com/news/636532-hungary-worse-to-come/?utm_source=rss&utm_medium=rss&utm_campaign=RSS,news,battle hungary attack orban sign worse thing come brussels elite displaying unbroken power allowed think vote brussels elite displaying unbroken power allowed think vote century ago war european generously given history humanity joke hungary monarchy without king landlocked ruled admiral funny true nowadays though proudly advanced whole european union member state 450 million run unelected german really serf bit like siegfried brunhilde special shield protect democracy administered defined non transparent privileged aloof nomenklatura equally unelected bureaucrat contemporary hungary meanwhile sober standard reality mean perfect perfectly normal neither better worse rest longer weird monarchy gaping hole top run mill western style capitalist democracy feisty prime leader instead admiral without coast prime viktor orban typical especially canny successful professional politician combine knack crowd appeal demagoguery included deft political power play true electoral district need designing hungary party power likely favor chance like big daddy instance likewise business hungary close party party power tends better company different caveat current extensive clan taking extra large cut indeed germany france latter happens reached low transparency international annual corruption index hungary unbiased mass medium critic indignantly charge certainly germany britain france matter matter fact german authority currently obstinately misusing sanction regime designed foreign policy purpose working another matter circumvent ordinary legal procedure trample civil human right punitively destroy existence individual dissident critical journalist hungary election suffer medium slant sharp administrative practice least equally true major state europe well indeed voting real existing orbanism featured brutal driven manipulation recently seen romania moldova nothing comparable orban hungary extremely suspicious least manner last german election featured statistically bizarre accumulation mistake eliminated left bsw parliament since seems likely correct clean result germany current ruling coalition impossible implication case deeply flawed election center disturbing point germany electorally baseless german parliament refusal permit clearly necessary recount either foul play indistinguishable berlin political course domestically abroad principally different rely correct election result let even mention minor detail hungary mixed election system combining first past post district national party list far representative cradle parliamentary democracy police state zionism great britain view expect anything budapest going brussels well individual member state demand better democratic behavior alternative reality sectarian elite genocidal israel defending europe value talmud perish thought history little first christian enlightenment idea good reliable ally four white blonde woman serving radical centrism proudly constitute diversity hence topsy turvy land obviously charging hungary flunking test democracy might important word cheap problem romania even moldova even member state commission long passed mere talk excels mean action make everything worse indeed meddling hungary recently escalated catalyst escalation upcoming hungarian election held april domestically back hungary outcome merely decide orban stay power without interruption since 2010 replaced opposition hope peter magyar former orbanist yet good reason politico called important election despite fact hungary small less million citizen thing orban primus inter pares group inconvenient sovereigntist rebel inside includes slovakia leader robert fico czech republic andrej babis occasionally special weight bart wever belgium founding member orban toppling weaken loose group leader still remember supposed serve country first chilling object lesson happens frustrating brussels much especially resist commission party line topic relationship russia western entirely financed proxy war waged moscow mean ukraine last least money particular money wasted kiev zelensky regime area orban brussel main irritant consistently arguing normalization russia diplomacy quick negotiated end proxy war end pathological inter dependence zelensky ultra corrupt extremely dangerous regime recently hungarian resistance led repeated clash establishment kiev zelensky publicly threatened orban violence worst mafia style budapest taken action extremely suspicious transport ten million euro dollar well bullion kiev hungary ukraine sparring kiev attempt block druzhba pipeline budapest blocking yet another massive loan never paid back zelensky crew recently orban called kiev immediately withdraw agent operative hungary way suspect orban seeking electoral boost even case make difference fact aggressive subversion exactly zelensky regime ask german thing pipeline went braver one might dare answer live modern online time shape much escalating meddling side orban opponent budapest kiev taken nasty combination social medium manipulation scale illicit surveillance spying targeted dissemination meant compromising information smelly affair feature hungarian journalist produced source free report alleging massive russian interference election spending free facilitating intelligence service eavesdropping hungary foreign interference indeed hypocrisy funny sad brussels meanwhile overall umbrella european democracy shield ed initiative digital service act dsa called rapid response mechanism activated brief tell combat disinformation foreign influence yet reality set compulsory measure permit commission dependent auxiliary police social medium platform suppress content favor orban thus promote rival make particularly dreadful simply almost comically orwellian european democracy shield really shield protect unelected bureaucrat ruler ideologized technocrat democracy recent report correctly argued tool called fact checking systematic denunciation trusted flaggers prebunking based preventative propaganda campaign amount box horror yet even worse small part much larger long term strategy gathering steam decade already european democracy shield dsa exist large constantly pullulating eco system narrative control includes instance defense democracy package european democracy action plan digital market act attached weaponized spearhead manufacturing brussels consent extensive expensive train called civil society organization ngo provide censorship assistance indoctrination hungary put simply harbinger even worse come brussels want future elite displaying unbroken power allowed think vote whether like dislike viktor orban heartily dislike outrageous siding genocidal israel certainly greatly dislike resist method fielding stop coming,6,Media Narratives & Propaganda,0.7088,0.164,0.685,0.151,Positive,0.005232945893058266,0.4356450899287978
rt,Iranian footballers honor schoolchildren killed in suspected US strike (VIDEO),,https://www.rt.com/news/636539-iranian-footballers-honor-children-minab-school-strike/?utm_source=rss&utm_medium=rss&utm_campaign=RSS,news,iranian footballer honor schoolchildren killed suspected strike video iranian footballer brought school bag onto field honor victim suspected strike girl school minab ongoing inquiry attack girl school minab preliminarily pointed responsibility medium report iranian national football team paid tribute victim suspected strike girl school city minab match rkiye february strike shajarah tayyebeh school came first israeli attack iran killing 175 student staff appearing field ahead match nigeria turkish city antalya friday iranian footballer held small pink purple school backpack wore black armband warcriminalpic twitter com 1bsj9wnsct tasnimnews march 2026 addressing emergency session united nation human right council iranian foreign abbas araqchi argued attack school mere incident miscalculation given advanced israeli military technology iranian diplomat demanded unequivocal condemnation unambiguous accountability culprit warning indifference silence invite insecurity right violation araqchi 600 school demolished damaged across iran 000 student teacher martyred wounded result ongoing israeli aggression date claimed hospital residential area repeatedly come attack something indicative clear intent commit genocide earlier month york time ongoing pentagon inquiry attack preliminarily attributed responsibility military likely stemming outdated targeting data building part military compound operated islamic revolutionary guard corp irgc navy converted school decade ago newspaper satellite imagery video scene indicate explosion consistent tomahawk cruise missile impact donald trump denied responsibility first suggesting inaccurate iranian munition blame claiming without evidence tehran tomahawk party conflict possesses weapon globally handful ally including australia operate system,1,Diplomatic Efforts & Peace Talks,-0.9933,0.067,0.685,0.248,Negative,-0.016097308488612842,0.32013457556935815
rt,Iran continues retaliatory strikes as IDF kills journalists in Lebanon: As it happened on March 28,,https://www.rt.com/news/636460-iran-war-live-updates/?utm_source=rss&utm_medium=rss&utm_campaign=RSS,news,iran continues retaliatory strike idf kill journalist lebanon happened march central command deploys thousand troop middle east idf airstrike kill journalist southern lebanon death journalist come mere crew narrowly escaped israeli strike area live coverage israeli war iran moved central command announced arrival thousand military personnel middle east group headed us tripoli amphibious assault ship includes around 500 sailor marine equipped transport strike aircraft well amphibious assault asset group flagship based japan joined us abraham lincoln aircraft carrier region meanwhile iranian military continued conduct retaliatory strike launching missile kamikaze drone toward israel well asset middle east southern lebanon israeli military conducting massive offensive hezbollah militant since early march idf airstrike killed journalist mayadeen fatima ftouni brother cameraman mohammed manar ali shuaib israeli military confirmed deadly attack reporter car releasing footage targeted strike claiming shuaib terrorist guise journalist incident came correspondent steve sweeney cameraman ali rida sbeity narrowly avoided killed israeli missile struck less ten meter away filming position sustained minor injury attack sbeity personally knew slain journalist dismissed absurd idf claim shuaib militant lebanese joseph aoun strongly condemned killing journalist characterizing blatant crime violates norm treaty journalist enjoy international protection war idf accused murdering hundred journalist recent year mainly gaza west bank latest development nuclear watchdog iran suspected israeli strike near bushehr nuclear power plant third incident kind ten day iaea chief rafael grossi urging maximum military restraint trump reportedly considering renaming strait hormuz iran pushed waterway option including strait america iran claim destroyed ukrainian anti drone system depot dubai strike alleged hideout struck key israeli electronic warfare radar facility haifa fuel storage site linked ben gurion air base follow live coverage continuous update previous update,4,Geopolitical Alliances & Reactions,-0.9976,0.054,0.66,0.286,Negative,-0.030479210711768855,0.3337209302325581
rt,EU moves toward creating overseas ‘return hubs’ for migrants,,https://www.rt.com/news/636442-eu-migrants-return-hubs/?utm_source=rss&utm_medium=rss&utm_campaign=RSS,news,move toward creating overseas return hub migrant parliament greenlit negotiation controversial initiative tighten bloc deportation rule critic initiative slammed facility detention center located legal black hole european lawmaker endorsed opening talk council controversial legal framework establish block wide mechanism expel illegal migrant including creation return hub third country idea create facto detention facility outside border hold migrant deemed right stay opposed right group pro migration political party proposed return regulation still early stage legislative process marked deportation sent overseas return hub rather staying within bloc await expulsion critic scheme intended disappear irregular migrant failed asylum seeker legal black hole proposed reform went plenary vote thursday left wing party green efa left filed request group sought challenge decision civil liberty committee earlier month approved proposed legislation enter interinstitutional negotiation attempt flopped 389 meps voting favor proceeding next stage legislative process proposal 206 voting abstaining outcome vote strongly condemned multiple human right group accused right wing anti migration party pushing purportedly poorly thought initiative amnesty international european institution director eve geddie proposed reform received adequate scrutiny meaningful human right assessment mark growing trend towards increasingly harmful exclusionary draconian policy migration worrying repercussion due process evidence based policymaking far reducing irregularity proposal risk trapping precarious situation return regulation proposed march last meant replace 2008 return directive prioritized voluntary return illegal migrant failed asylum seeker december 2025 member state urged european commission help fund return hub outside bloc describing innovative solution address migrant influx plagued bloc decade,3,Civilian Casualties & Humanitarian,-0.4019,0.163,0.682,0.155,Negative,0.04402056277056277,0.33758116883116884
rt,At least three killed after US-Israeli airstrikes raze residential building in Tehran (VIDEO),,https://www.rt.com/news/636448-residential-building-razed-us-israeli-airstrikes-tehran/?utm_source=rss&utm_medium=rss&utm_campaign=RSS,news,least killed israeli airstrikes raze residential building tehran video overnight airstrikes tehran destroyed residential building killing least bureau chief hami hamedi rescuer pulling body rubble believed trapped underneath bureau chief hami hamedi report scene least killed residential building destroyed israeli airstrikes iranian capital overnight tehran bureau chief hami hamedi scene death toll attack friday morning remains unclear several believed still trapped rubble hamedi visited site witnessed rescuer combing debris hope finding survivor overnight airstrikes tehran among intense since start month resident nearby house recounted massive explosion violently jolted wife granddaughter bed came much smoke see anything man hamedi adding later saw house collapsed fire raging like end think four five martyred wounded residential house even military presence around eyewitness targeting residential area attacking ordinary firefighter working scene rescuer old child among pulled rubble watch full video,0,Military Operations & Strikes,-0.9774,0.094,0.67,0.236,Negative,-0.11764705882352938,0.3382352941176471
rt,The US wants talks with Iran but not peace,,https://www.rt.com/news/636425-us-iran-peace-talks/?utm_source=rss&utm_medium=rss&utm_campaign=RSS,news,want talk iran peace pseudo negotiation washington tehran real diplomacy result shake pseudo negotiation washington tehran real diplomacy result shake described negotiation process iran reality genuine negotiation still full fledged direct dialogue mutually accepted framework visible readiness reciprocal concession sign strategic trust party exists instead fragmented exchange signal intermediary accompanied military escalation public warning political maneuvering demand remain fundamentally irreconcilable washington continues suggest diplomatic contact moving forward tehran insists mere transmission message mediator called negotiation phantom negotiation iranian foreign abbas araghchi stated quite clearly iran negotiating fact message sent various intermediary mean talk underway important clarification strip away illusion structured peace process already exists stage negotiation consultation probe attempt side test intention without assuming political obligation negotiation imply shared understanding diplomacy preferred instrument happening suggests opposite diplomacy remains secondary pressure deterrence alone tell much current balance interest side speaks progress refuse even recognize happening negotiation mean diplomatic track shallow politically fragile appears eager preserve appearance movement iran determined offer washington even symbolic political success acknowledging talk exist meaningful sense process therefore less actual peacemaking messaging positioning buying need peace process appears interested process iran washington stronger reason seek least appearance diplomacy american face growing accumulation strategic risk war becoming broader expensive unpredictable regional environment deteriorating danger maritime route increasing military logic escalation beginning outpace political logic initially justified pressure iran circumstance washington need ramp urgently tehran even yet prepared pay political price genuine compromise first reason obvious conflict threatens security vital strait hormuz prolonged instability around strait mean constant strategic pressure even iran fully close possibility disruption raise insurance cost destabilizes oil market alarm ally compels washington devote additional military resource maintaining navigation reassuring partner concern strike core american regional policy long rested promise guarantee stability preserve existing balance power gulf second reason military political conflict expands harder becomes washington control consequence air strike missile exchange covert action naval deployment presented limited instrument pressure wider war crisis deepens confrontation requiring troop potentially direct involvement ground political burden rise dramatically american casualty become harder justify public support weaken administration face growing question strategic purpose campaign creates powerful incentive washington keep diplomatic channel alive even channel remains largely theatrical third reason broader regional obligation vulnerability iran american base personnel naval asset allied infrastructure spread across middle east iran despite vulnerability operates closer home within security environment shaped geography asymmetric capability network regional partner therefore carry heavier strategic burden every phase escalation risk exposing american personnel asset across multiple theater sense washington lose prolonged instability reason seek least temporary reduction tension illusion iran iran however need peace serious analysis deny iran suffered sanction isolation repeated military pressure threat larger war inflict severe damage tehran seek endless conflict sake understands cost war danger uncontrolled escalation yet kind peace iran appears want kind peace seems prepared offer iran appear interested fragile pause merely allow adversary regroup strike later favorable condition tehran want durable politically meaningful settlement reduce risk renewed attack provide degree strategic assurance concern entirely understandable tehran strong suspicion ceasefire lacking firm guarantee offer temporary breathing space round pressure direct military action iranian decision maker clearly aware weak truce help israel replenish stockpile improve operational coordination build broader coalition prepare aggressive phase confrontation iran softening certain rhetorical edge refusing move core issue lower temperature public language prepared lower guard report iran prefer channel associated vice vance politically significant vance widely seen cautious american figure come large scale military adventure iranian calculation appear capable supporting less reckless line inside administration tehran hope figure advocate simply pause hostility durable settlement even misread sign negotiation already underway merely suggests iran searching potentially rational interlocutor within divided american political establishment problem substantive position side remain extremely far apart seek settlement built around rollback restraint strategic reduction iranian capability practical term mean restriction nuclear program pressure missile capability limitation iran regional partnership guarantee maritime security sharply reduce tehran leverage gulf iran contrast demand end military pressure guarantee future strike recognition sovereign right condition preserve rather dismantle foundation deterrence washington want iran accept weakness price peace tehran want security precondition peace side therefore interprets central demand form strategic deception american perspective iran seek preserve mean future coercion escaping consequence action iranian perspective seek strip iran defense false banner diplomacy leaving exposed future pressure sabotage direct attack condition room compromise almost impossible see genuine peace even possible chance achieving genuine peace escalation appear minimal current process moving party closer together merely revealing clearly far apart remain public statement military deployment indirect contact mediated message point direction emerging middle ground widening gap side need side willing concede lead another alarming possibility using diplomatic track primarily reach peace gain additional military asset arrive regional ally coordinate pressure intensify operational planning mature washington present internationally reasonable restrained potentially moving toward broader military phase possibility ruled increasingly plausible state keep talking diplomacy simultaneously improving military posture preparing compromise escalation favorable condition danger lie dangerous scenario context possible american attempt establish direct control key area linked strait hormuz including iranian island nearby strategic position logic behind move clear taking control location dominate maritime route washington seek reduce iran capacity threaten shipping increase security commercial traffic demonstrate willing use force impose reality gulf yet operation extraordinarily dangerous high risk military undertaking environment iran every incentive every mean inflict pain ground operation involving seizure iranian island likely lead serious american loss terrain seem limited map strategically dangerous battlefield imaginable force exposed anti ship missile drone naval mine coastal fire swarm tactic layered asymmetric attack even washington succeeded tactically still pay high human price localized operation quickly become symbol strategic overreach especially failed deliver lasting security generating casualty american public never prepared accept broader danger however extends far beyond hormuz conflict resolved pressure iran intensifies gulf state become fully involved confrontation rather remaining background conflict highly likely widen another direction well event yemeni movement ansar allah houthis almost certainly drawn directly decisively war escalation open second major maritime front dramatically expand crisis beyond gulf enormous consequence deeper involvement ansar allah lead much serious threat bab mandeb strait navigation red sea turn create shock even greater disruption already feared around hormuz bab mandeb key gateway connecting europe asia middle east east africa suez route traffic heavily disrupted temporarily blocked impact confined oil price tanker insurance affect container shipping industrial supply chain delivery time food market manufacturing cost entire architecture global trade economy already living period structural fragility simultaneous crisis hormuz red sea send far acute dangerous phase scenario energy market certainly experience another severe shock disruption much broader energy alone strike circulation good modern global economy depends freight route lengthen shipping cost surge supply chain fragment international commercial confidence deteriorate consequence felt europe asia beyond begin regional military escalation quickly mutate global economic crisis strongest reason present pseudo diplomatic process treated extreme seriousness false optimism current trajectory suggests failure diplomacy unleash chain reaction neither side able control hormuz flashpoint red sea become part crisis system happens conflict longer narrowly defined confrontation iran become multi theater regional war direct consequence global energy security maritime trade political stability military deterrence statement iranian reinforce dark assessment abbas araghchi insisted truly iran war america war alone part broader geopolitical design driven israeli priority washington commitment israel security whether fully accepts interpretation clearly central tehran strategic thinking iran see merely confronting facing wider coalition whose goal extend beyond ceasefire escalation perception reduces chance compromise convinces tehran limited arrangement washington prove hollow broader strategic campaign continues actor mean iran desire peace confused readiness surrender tehran want war stop want peace endure want temporary pause merely postpones next bombardment want diplomatic ritual hide preparation dangerous offensive want settlement politically meaningful strategically reliable durable contrast appears interested short term stabilization term sharply weaken iran long term position basic contradiction lie center impasse overall conclusion bleak difficult avoid position party remain distant strategic mistrust deep military context volatile meaningful compromise near future called negotiation process therefore better understood unstable exchange message shadow possible escalation reflects growing american need manage risk widening war iran continues insist solid lasting peace worth pursuing however currently evidence peace within reach nothing change chance escalation remain extremely low crisis deepen every stage risk multiply wider war gulf lead direct struggle maritime chokepoint greater pressure iran trigger stronger involvement ansar allah endanger bab mandeb red sea full involvement gulf state transform conflict broader regional confrontation energy price surge global trade suffer political consequence radiate far beyond middle east worst case continued escalation push entire region toward catastrophic breakdown deterrence result simply another middle eastern war systemic crisis capable shaking global economy destabilizing multiple theater bringing region edge truly historic disaster present situation look dangerous peace urgently needed diplomatic foundation peace almost absent rhetoric talk still exists substance peace unless change soon discover looked like manageable crisis fact opening stage something far destructive final perhaps important point iran start aggression israel set escalation motion pushing iran gulf monarchy much broader sense entire edge catastrophe global public forced confront old bitter truth international law function confronted raw power supranational institution restrain aggression aggressor belong dominant camp constantly presented rule based order appears pressure war little political fiction serving strong weak lie ahead standing threshold profound change outcome war iran shape future entire region influence direction international politics year come iran emerges war relatively strong position accelerate visible decline american western hegemony strengthen movement toward multipolar system international relation case tehran preserve reinforce regional standing deepen global significance become even important symbol resistance coercive western power however iran broken brought consequence extend far beyond border logic pressure punishment destruction applied regional power fail meet standard loyalty demanded global level israel regional scenario country like rkiye others across region find facing similar method coercion defeat iran therefore produce peace merely consolidate longer destructive form western domination encourage aggression non western people global south pay highest price country crushed external pressure society destabilized nation forced live permanent threat war sanction humiliation dismemberment conflict must understood full historical dimension simply war iran even regional war geopolitical war future structure order decided larger fate government larger question maritime route larger immediate balance power middle east decided whether coming international system remain captive violent hegemony move however painfully toward plural genuinely multipolar order,5,Nuclear Programme & Regime Change,-0.9992,0.175,0.588,0.237,Negative,-0.016746034388891527,0.3808178091749521
rt,Praying for violence: All the ‘holy’ reasoning behind the US-Israeli war on Iran (RT VIDEO),,https://www.rt.com/news/636427-iran-war-religious-reasons/?utm_source=rss&utm_medium=rss&utm_campaign=RSS,news,praying violence holy reasoning behind israeli war iran video oumaima ichchar look religious reasoning side iran war providing participant israeli war iran offered rationale conflict go well beyond geopolitics israel tandem iran offered religious reasoning hostility gulf painting conflict existential standoff oumaima ichchar look argument warring side providing appear well beyond geopolitics wednesday secretary war pete hegseth hosted first monthly christian worship service pentagon since beginning war openly praying violence let every round find mark enemy righteousness great nation give wisdom every decision endurance trial ahead unbreakable unity overwhelming violence action deserve mercy hegseth effectively portraying christian nation seeking crush foe israeli prime benjamin netanyahu signaling existential nature conflict invoking biblical comparison likening tehran amalek archetype enemy reasoned must remember amalek done holy bible remember recent televised address tehran long portraying resistance israel quasi religious struggle merely responding faith faith proclaiming need avenge wronged tandem throughout history ichchar pointed war territory negotiate war power compromise war survival exactly give ichchar watch full video,6,Media Narratives & Propaganda,-0.9936,0.127,0.549,0.324,Negative,0.09444444444444443,0.4046296296296296
rt,Trump claims Iran’s new supreme leader is ‘probably gay’,,https://www.rt.com/news/636434-trump-claims-iran-leader-gay/?utm_source=rss&utm_medium=rss&utm_campaign=RSS,news,trump claim iran supreme leader probably gay donald trump claim cia iran supreme leader gay previously disparaging remark mojtaba khamenei donald trump cia iran newly appointed supreme leader mojtaba khamenei gay quipping fox put cleric bad start claim come amid failed israeli regime change effort iran homosexual conduct illegal islamic law trump previously disparaging comment regarding mojtaba khamenei dismissing lightweight unacceptable leader however critic noted claim consolidated iranian public opinion washington latest insult come israel continue unprovoked attack iran began assassination mojtaba father former supreme leader ali khamenei late last month israeli repeatedly called regime change tehran collapsed york time report sunday trump administration embraced israeli plan foment coup iran within day start war despite skepticism intelligence agency trump israeli prime benjamin netanyahu reportedly bet optimistic outlook decapitating iran leadership spark popular uprising plan failed mojtaba khamenei quickly appointed supreme leader however remained public sight since wounded strike killed father iranian foreign abbas araghchi dismissed notion killing top bring islamic republic iran strong political structure established political economic social institution jazeera last presence absence single individual affect structure former mossad ramus igra israeli strategy decapitating iran leadership hope sparking revolution miscalculation noting revolution requires popular movement local leadership armed control none exist iran,3,Civilian Casualties & Humanitarian,-0.9579,0.142,0.653,0.205,Negative,0.04073035550308279,0.32759084349993434
rt,IDF chief warns of ‘collapse’ as Israel delays ultra-Orthodox draft – media,,https://www.rt.com/news/636426-chief-staff-warns-idf-collapse-personnel-shortages/?utm_source=rss&utm_medium=rss&utm_campaign=RSS,news,idf chief warns collapse israel delay ultra orthodox draft medium israeli chief staff eyal zamir reportedly warned imminent collapse within idf due personnel shortage eyal zamir reportedly cabinet raising ten red flag due acute personnel shortage israel defense force verge collapse due acute personnel shortage chief staff eyal zamir warned local medium opposition party accused prime benjamin netanyahu stalling drafting ultra orthodox jew military service mandatory israeli citizen men woman however member haredi community historically exempt conscription israeli supreme court revoked exemption june 2024 netanyahu cabinet far delayed drafting ultra orthodox jew party within ruling coalition representing haredi community repeatedly threatened withdraw support netanyahu introduce measure addressing cabinet wednesday lieutenant general zamir raising ten red flag idf collapse quoted jerusalem post addition ongoing campaign iran israeli military continuing year long operation hamas gaza idf launched incursion southern lebanon early march targeting hezbollah militant idf chief reportedly lamented failing address escalating personnel shortage relying instead reservist serving since 2023 several opposition party criticized netanyahu failure address issue warned potential security crisis blue white party leader benny gantz charged providing idf enough soldier actually win post thursday israeli opposition leader yair lapid former prime foreign warned idf stretched limit beyond reservist exhausted worn longer respond security challenge wrote accusing encouraging haredi draft evasion,6,Media Narratives & Propaganda,-0.9764,0.133,0.624,0.242,Negative,0.004166666666666662,0.32031249999999994
rt,"Iran accuses UAE, Qatar, and Saudi Arabia of enabling US attacks",,https://www.rt.com/news/636416-iran-un-gulf-accusations/?utm_source=rss&utm_medium=rss&utm_campaign=RSS,news,iran accuses uae qatar saudi arabia enabling attack tehran complained security council uae qatar saudi arabia letting use airspace attack iran tehran detailed dozen case fighter jet drone allegedly conducting mission gulf state strike iran formally accused united arab emirate qatar saudi arabia allowing military use territory airspace launch support strike islamic republic letter sent security council separate complaint addressed security council secretary general tehran detailed multiple instance fighter jet bomber reconnaissance drone support aircraft allegedly operating transiting airspace gulf state march letter shared social medium adla massoud correspondent national warned iran reserve right take necessary appropriate measure self defense incident listed include fighter jet bomber reconnaissance aircraft maritime patrol plane operating uae qatari saudi airspace support bombing raid iranian target letter urged nation observe principle good neighborliness stop making territory available attack iran accusation come security council held closed door consultation iran friday russia request evgeny uspensky russia mission meeting called due ongoing attack iran civilian infrastructure including education healthcare facility israel launched massive military campaign iran february conducting airstrikes killed supreme leader ali khamenei hundred others iran responded wave missile drone strike targeting military installation across gulf well infrastructure country hosting force gulf state increasingly drawn conflict saudi arabia expelled several iranian diplomat last accusing iran repeated attack territory qatar ordered iranian military attache leave strike damaged largest liquefied natural gas facility saudi foreign prince faisal bin farhan warned patience gulf state unlimited military action iran ruled,4,Geopolitical Alliances & Reactions,-0.8807,0.142,0.674,0.184,Negative,0.03996598639455782,0.2988945578231292
rt,"Israel strikes nuclear sites, FBI chief hacked as Iran defies ‘bullies’: As it happened on March 27",,https://www.rt.com/news/636330-us-israel-iran-war-updates/?utm_source=rss&utm_medium=rss&utm_campaign=RSS,news,israel strike nuclear site fbi chief hacked iran defies bully happened march iran israeli strike hit nuclear steel site tehran linked hacker reportedly breached fbi chief email tehran israeli strike hit power plant civilian nuclear site major steel plant denouncing attack illegal live coverage israeli war iran moved iran accused israel targeting key civilian nuclear industrial facility wave strike meanwhile iran linked hacker reportedly breached fbi director kash patel personal email publishing photograph document iranian foreign abbas araghchi slammed israel emergency human right council session friday convened discus alleged airstrike girl school minab killed 170 child attack school minab mere incident miscalculation araghchi calling atrocity crime humanity targeting civilian infrastructure regard law war pentagon drafting option potential final blow iran axios involve ground operation large scale bombing campaign reportedly outlined four main scenario donald trump consider largely centered seizing blockading iranian island near strait hormuz key oil route effectively blocked conflict outlet contingency plan include ground incursion deep iran secure highly enriched uranium nuclear facility earlier report suggested department war deploy 000 additional troop region though white house ground operation hypothetical trump earlier claimed talk tehran going well delayed strike iranian power facility ten day tehran denies conducting direct talk reportedly set strict ceasefire term refusing negotiate condition called backstabbing earlier negotiation araghchi argued receiving message amount talk latest development israeli military conducted large scale overnight strike heart tehran elsewhere targeting ballistic missile air defense production site among iran central naval weapon production facility yazd used assemble store missile launch ship submarine helicopter maritime target israeli strike killed least 937 iran since february deputy health ali jafarian 116 killed lebanon foreign sergey lavrov denied russia sharing intelligence iran saying location base middle east publicly available information everyone region know coordinate german foreign johann wadephul deutschlandfunk radio iran soon meet direct talk pakistan israeli defense israel katz threatened escalate expand attack iran accusing tehran targeting israel civilian population follow live coverage continuous update previous update,1,Diplomatic Efforts & Peace Talks,-0.9956,0.058,0.721,0.221,Negative,0.007927243211334116,0.4042370129870129
rt,Iran war exposes rift between Europeans and their leaders – MEP,,https://www.rt.com/news/636264-kennes-eu-iran-divide-sanchez/?utm_source=rss&utm_medium=rss&utm_campaign=RSS,news,iran war expose rift european leader mep european citizen oppose iran war bureaucrat follow military lobby mep rudi kennes ordinary citizen want peace bureaucrat driven military lobby rudi kennes divided war iran public opinion strongly opposing unelected brussels back washington belgian mep rudi kennes rick sanchez european country failed present unified front war spain italy voicing criticism others including france avoiding outright condemnation increased military footprint middle east bureaucrat brussels meanwhile focused largely lack prior consultation failing condemn campaign kennes former trade unionist influenced industry tie military lobby profit conflict think money european leader representing majority european follow big leader lobby military lobby actually much empowered argued many come industry likely return meaning listen lobby got elected biding top post kennes noted neither european commission chief ursula von der leyen foreign policy chief kaja kallas democratically elected feel accountable action kennes acknowledged begun expressing doubt iran war driven rising oil price declining public support rather genuine opposition military aggression stressed ordinary european want war military spending come expense social service waiting list housing medical care ask penny money war always money main problem kennes cited recent poll showing rising public discontent across europe war opposition potential involvement urging politician heed public opinion,6,Media Narratives & Propaganda,-0.9919,0.124,0.618,0.258,Negative,0.017624854819976773,0.19764808362369335
rt,Why Washington needs talks with Tehran more than it admits,,https://www.rt.com/news/636273-why-us-need-talks-with-iran/?utm_source=rss&utm_medium=rss&utm_campaign=RSS,news,washington need talk tehran admits behind trump rhetoric lie search strategic pause political cover way contain rising cost farhad ibragimov lecturer faculty economics rudn university expert lecturer department political science faculty social science mass communication financial university russian federation farhad ibragimov lecturer faculty economics rudn university expert lecturer department political science faculty social science mass communication financial university russian federation recent day noticeable shift donald trump rhetoric regarding iran less ago trump issued hour ultimatum iran threatening strike iran energy infrastructure refused unblock strait hormuz trump expressed openness negotiation even claim contact iranian side taken place rhetorical shift reflect genuine diplomatic process part information strategy became clear tehran unwilling concession unresponsive trump coercive pressure attempted look like iranian side suggesting talk israeli outlet ynet claim iranian supreme leader mojtaba khamenei agreed negotiate however credible evidence surfaced back raising question source information purpose given current dynamic report seen propaganda aimed crafting image iran vulnerable eager urgent dialogue washington interpretation might serve reinforce narrative tehran weakening position tehran perceived attempt influence global energy market public signal particularly trump affect oil gas price dynamic especially amid tension surrounding strait hormuz critical artery global hydrocarbon supply context talk negotiation viewed tool stabilizing expectation reducing market volatility iranian society elite remain skeptical negotiation based past experience iran belief diplomatic agreement washington lead long term escalation often followed increased pressure escalation conflict current situation iran maintains position necessitate immediate negotiation furthermore within regional landscape iran possesses capability asymmetric influence utilizing allied actor indirect mean leverage internal dynamic informational warfare quite possible trump signal purported existing contact iranian leadership serve foreign policy goal internal political goal specifically aim sow distrust competition within iranian elite leak secret negotiation hint individual potentially open dialogue strategy aligns logic psychological information warfare creating atmosphere suspicion questioning loyalty certain political military leader undermining consensus key foreign policy issue unity political military religious establishment crucial factor iran resilience conflict context narrative internal divide viewed attempt inflict damage consequence prove significant direct military pressure amid talk supposed negotiation however interesting consider potential political figure engage talk candidate might speaker parliament mohammad bagher ghalibaf influential player iranian political landscape ghalibaf occupies unique position within iran power structure hand represents parliament key institution political legitimacy play vital role balancing interest various elite group hand solid tie islamic revolutionary guard corp irgc religious leadership making possible link military political spiritual center decision making absence formal dialogue channel washington tehran type figure gain considerable importance potential informal negotiator officially however tehran denies sort negotiation ghalibaf office already stated negotiation taking place planned position aligns iran traditional diplomatic practice aimed minimizing external pressure maintaining image strategic autonomy public denial negotiation preclude existence private communication channel underscore iran reluctance acknowledge dialogue term dictated moreover even moderate iranian politician engaging trump seen act betrayal tehran agree talk likely require explicit approval supreme leader irgc currently protect integrity iran system contact take place likely conducted intermediary regard country like oman experience mediating iran discussion traditionally play significant role pakistan leverage regional connection channel interaction iranian elite multilayered diplomacy allows party maintain maneuverability without making public commitment notably oman gulf monarchy speak candidly accusing israel unwarranted aggression strategic calculation washington talk tehran wait critical question however extent negotiation align iran current interest judging rhetoric behavior iranian elite appears growing conviction tehran adapted hostility ally including israel furthermore iran belief prolonged conflict undermine washington international credibility revealing limitation achieving strategic objective context prolongation conflict becomes calculated strategy longer war persists greater cost military expense political economic reputational repercussion trump administration mean finding balance displaying strength avoiding full scale escalation whether ground operation even nuclear strike lead uncontrollable consequence therefore increased rhetoric regarding negotiation seen attempt solidify interim outcome prevent escalation conflict perspective logical contradiction arises achieve decisive success real need negotiation point negotiating defeated adversary thus initiative dialogue indirectly suggests washington hold definitive advantage seek way situation least possible cost iran show readiness play long game refusing direct negotiation theoretically keeping door open dialogue tehran maintains strategic flexibility position allows iran increase pressure waiting favorable condition future given conflict escalates cost strategy viewed rational aligned long term interest iranian leadership context current crisis washington persistent push talk tehran explained least strategic motivation play simultaneously motif enough white house light trump negotiation rhetoric much sign diplomatic optimism tool flexible maneuvering especially military effort yielded quick clear result iran continues dismiss claim direct dialogue first motivation might washington need negotiation tactical pause allowing regroup disorient iran prepare next phase military pressure hypothesis seems plausible particularly since current phase conflict already exposed limitation america initial calculation notably trump decision take step back following threat iranian energy infrastructure came amid warning gulf arab state acknowledgment potential scale retaliatory action light negotiation agenda serve classic function operational pause regrouping force reassessing iran capability replenishing supply refining coalition structure next phase escalation second motivation talk trump genuinely seeking way end war without appearing politically defeated want exit crisis minimal reputational damage scenario seem far fetched either amid ongoing strike deployment additional force region clear sign iran capitulate negotiation become mean declare least partial success trump particularly important prolonged conflict escalates cost across multiple front increasing pressure energy market rising anxiety among ally persian gulf growing doubt effectiveness strategy growing domestic criticism context trump seek frame escalation diplomatic triumph shifting blame military miscalculation onto directly involved executing strategy tactic familiar american political practice operation yield expected result president often try protect political capital deflecting scrutiny away directing toward member administration trump recent mention secretary war pete hegseth relation conflict show white house already crafting narrative hegseth potentially turned scapegoat responsible failure third reason initiate talk might involve buying encourage regional partner particularly saudi arabia uae become actively engaged conflict thereby forming broader anti iran coalition however important note currently clear indication riyadh abu dhabi prepared join fight alongside fact gulf state warned washington risk catastrophic backlash vulnerability infrastructure nevertheless strategic standpoint idea expanding coalition make sense player involved lower cost america participation easier present conflict merely bilateral iran confrontation collective effort restore regional stability word pause taken negotiation serve diplomatic purpose used recalibrating regional political military front taken together factor lead important conclusion trump talk negotiation indirectly suggests washington lack decisive superiority needed impose term iran without engaging intermediate political phase america truly position indisputable dominance need urgently promote idea negotiation therefore america push diplomacy sign success rather indicates war proven costly complex politically sensitive initially anticipated apparent realization likely drive tehran strategy prolonging war every additional conflict raise cost operation military economic reputational term thereby strengthening iran negotiating position,5,Nuclear Programme & Regime Change,0.9467,0.168,0.678,0.154,Positive,0.03480158730158732,0.3600033068783069
rt,US weighing diversion of Ukraine-bound arms for Iran war – WaPo,,https://www.rt.com/news/636291-purl-supplies-iran-war/?utm_source=rss&utm_medium=rss&utm_campaign=RSS,news,weighing diversion ukraine bound arm iran war wapo reroute arm shipment funding originally intended ukraine amid conflict iran washington post report pentagon reportedly seeking shift fund nato partner replenish stockpile redirect arm supply originally designated ukraine america war iran washington post citing source familiar discussion matter prioritized ukraine requirement list purl introduced july 2025 european nato member financing shipment weapon kiev including high cost interceptor missile patriot air defense system continuing israeli regime change effort iran led rapid consumption munition attacker regional partner enduring iranian retaliation raised concern ukraine continuity western military support secretary war pete hegseth recently emphasized replenishing arsenal conducting american military operation take precedence supplying kiev wapo internal discussion within pentagon focused determining appropriate level ukraine supply delivery purl framework expected proceed patriot interceptor excluded certain scenario shipment redirected entirely source indicated report noted administration donald trump utilized fund provided nato partner weapon procurement separate program ukraine security assistance initiative usai received additional 400 million allocation congress january remains unclear whether foreign contribution used alongside instead appropriated fund separately pentagon considering reallocating approximately 750 million purl program replenish military stockpile following launch israeli war iran ukrainian leader vladimir zelensky embarked series visit european capital medium outlet dubbed forget tour offered military assistance gulf state particularly countering long range drone based ukraine experience fighting russia trump dismissed outreach telling nbc last person need help zelensky arab publicly confirmed receiving ukrainian support intercepting iranian drone,2,Economic Impact & Oil Markets,-0.9509,0.074,0.797,0.129,Negative,0.05963809523809521,0.3164571428571428
rt,BlackRock CEO does U-turn on Iran war optimism,,https://www.rt.com/news/636269-blackrock-fink-iran-war/?utm_source=rss&utm_medium=rss&utm_campaign=RSS,news,blackrock ceo turn iran war optimism iran war trigger global recession blackrock ceo larry fink warned despite hailed conflict opportunity week earlier larry fink expressed hope neutralized iran framing conflict good investment opportunity blackrock ceo larry fink warned impending global recession israeli war iran drag oil price remain 100 barrel stark prediction come week fink framed conflict good long term investment opportunity wide ranging interview fink oil price stay 100 per barrel year iran remains threat potentially hitting 150 sparking probably stark steep recession described scenario conflict iran accepted international community allowing oil fall pre war level another tension persist leading sustained high energy cost profound implication global economy however earlier month fink whose company hold significant stake major defense contractor struck markedly different tone appearance fox dismissed notion prolonged war predicting oil revert back maybe even lower conflict end outcome war neutralized iran allowed selling oil product market great probability oil gon urging investor pulling volatile market stating telling buy framing good long term opportunity meanwhile major investment firm already started positioning potential post war reconstruction deal admiral james stavridis former nato supreme allied commander investment giant carlyle semafor investor already mapping opportunity iran conflict zone recalling reconstruction south korea mid 20th century korean war stavridis stated iran cuba venezuela ukraine investment opportunity ought taken seriously unprovoked israeli attack iran caused chaos energy market limiting availability oil gas pushing brent crude price high 120 barrel month,6,Media Narratives & Propaganda,-0.9856,0.158,0.584,0.258,Negative,0.05666666666666666,0.47401515151515144
rt,Turkish tanker blacklisted by Ukraine hit in drone attack – media,,https://www.rt.com/news/636246-turkish-tanker-drone-attack/?utm_source=rss&utm_medium=rss&utm_campaign=RSS,news,turkish tanker blacklisted ukraine hit drone attack medium turkish tanker carrying russian oil banned ukraine reportedly struck drone attack near bosphorus kiev western backer seeking disrupt russian oil export turkish oil tanker reportedly struck drone near bosphorus taking around 140 000 ton oil russian port local medium thursday ship blacklisted ukrainian transporting russian good vessel identified altura owned turkish shipping company pergamon operated crew turkish national report targeted air surface drone around strategic waterway casualty ship sustained damage bridge upper deck flooding engine room immediate confirmation incident group claimed responsibility attack ukrainian military intelligence previously accused altura operator belonging shadow fleet allegedly help russia bypass western sanction oil export last sunday departed novorossiysk major russian port black sea route istanbul maritime tracking data kiev previously targeted vessel claim involved shadow fleet operation ukrainian force struck ship used third party transporting oil originating kazakhstan routed novorossiysk via pipeline infrastructure western country support ukraine russia past detained vessel suspected part network sometimes holding extended period wednesday described moscow key force behind conflict announced plan use military mean intercept tanker linked russian oil shipment opposed backing raid conducted nation russia condemned ukraine action piracy carried western backing russian argued nato member preparing facto naval blockade warning moscow compelled respond militarily,6,Media Narratives & Propaganda,-0.9729,0.072,0.755,0.173,Negative,-0.025806451612903222,0.1893817204301075
rt,Iran: The test the US cannot afford to fail,,https://www.rt.com/news/636215-test-us-cannot-afford-to-fail/?utm_source=rss&utm_medium=rss&utm_campaign=RSS,news,iran test afford fail iran become america defining test fyodor lukyanov editor chief russia global affair chairman presidium council foreign defense policy research director valdai international discussion club fyodor lukyanov editor chief russia global affair chairman presidium council foreign defense policy research director valdai international discussion club outcome war iran determine america capability stage year come make current conflict west asia consequential far beyond region policy toward iran become increasingly erratic rather focus shifting rhetoric useful examine logic underpinning confrontation washington appears convinced moment right act decisively tehran exploiting perceives vulnerability objective viewed isolation certain cold rationality single well executed strike theory achieve several long standing goal settle historical grievance 1979 embassy crisis remove regime seen hostile israel gain leverage key energy resource transport route weaken emerging eurasian integration project adviser appear presented rare opportunity accepted argument ambition rest fundamental miscalculation iran iraq 2003 afghanistan 2001 military capability far substantial adversary confronted directly recent decade large resilient state deep strategic depth capacity inflict serious disruption global trade energy flow last point critical iran geographic position give leverage country possess even limited escalation threaten shipping route economic stability far beyond middle east directly affecting interest ally reality alone complicates attempt quick clean victory moreover political context different past intervention current display force lacking even formal justification accompanied earlier campaign unsettled washington partner ally might felt compelled support hesitant weighing risk involvement uncertain outcome original assumption appears iran capitulate quickly capitulation look like never entirely clear regime collapse coerced compliance along line venezuela negotiated settlement sharply limiting tehran power case prolonged conflict part plan conflict dragged fundamental question emerged exactly constitutes success dilemma reflects broader shift american foreign policy america first often interpreted isolationism restraint practice meant something else entirely pursuit objective without responsibility ideally without cost underlying principle simple achieve maximum benefit minimizing commitment approach appeared work first donald trump managed pressure partner accepting american term often leveraging overwhelming economic power strategy depends absence meaningful resistance becomes far dangerous applied situation controlled creating major geopolitical crisis expecting others absorb consequence washington extract advantage different proposition altogether risk destabilizing adversary entire system operates earlier decade leadership framed term liberal order advancing american interest presented beneficial concept benevolent hegemon emerged period trump worldview reject premise instead assumes prosperity must come expense others reverse old balance shift carry profound implication hegemon longer seek provide stability must rely heavily coercion coercion effective requires credibility dominant power must demonstrate clearly impose necessary iran become test case effect chosen challenge stake therefore exceptionally high failure achieve decisive outcome simply another setback call question america ability act global power rule attempting establish distinguishes conflict previous campaign iraq afghanistan ended without clear victory fought different strategic paradigm today confrontation openly transactional explicitly power projection less constrained legal ideological consideration make defining victory urgent difficult war choice criterion success fixed advance yet certain outcome clearly fall short difficult imagine example operation considered successful iran retains effective control strait hormuz chokepoint global significance longer conflict continues without clear resolution pressure washington grow ambiguity option power seeking redefine role international system conclusion stark need decisive victory alternative drawn conflict clear outcome undermine position middle east globally likelihood negotiated settlement low demand side remain far apart leaf escalation probable path forward risk obvious washington cost failure even greater first rossiyskaya gazeta translated edited team,5,Nuclear Programme & Regime Change,-0.9604,0.163,0.642,0.195,Negative,0.053213151927437634,0.4096213151927438
rt,"Iran sets end to ‘aggression and terror’ as truce condition, Trump unsure whether energy strikes will resume (PHOTOS/VIDEOS)",,https://www.rt.com/news/636210-us-israel-war-iran/?utm_source=rss&utm_medium=rss&utm_campaign=RSS,news,iran set end aggression terror truce condition trump unsure whether energy strike resume photo video iran set strict condition ceasefire trump signal uncertainty whether strike power site resume know yet attack iranian power site five pause expires friday live coverage israeli war iran moved iran outlined strict condition ceasefire israeli military campaign escalates donald trump appears stepped back vow resume strike islamic republic power facility five pause expires friday indirect talk iran mediated pakistan rkiye egypt foreign minister country confirmed stating passing message washington tehran egypt ishaq dar dismissed unnecessary speculation medium regarding peace talk negotiation taking place intermediary washington point proposal delivered tehran exactly manner iranian medium iran already formally replied proposal currently awaiting response although tehran released statement regarding washington plan iranian reportedly dismissed demanding concession senior iranian described proposal sided unfair brief proposal suggests iran relinquish ability defend exchange vague plan lift sanction stressing plan lack minimum requirement success tehran denied holding direct talk washington donald trump claimed iranian leadership desperate reach deal fear retribution publicly admits latest development oil price surged amid conflicting report iranian negotiation brent crude jumping 107 barrel trump reportedly aide iran war end coming week reportedly preparing final blow iran include use ground troop seizing several iranian island near strait hormuz israel claim killed iranian naval chief alireza tangsiri stating directly responsible blocking strait hormuz follow live coverage continuous update previous update,1,Diplomatic Efforts & Peace Talks,-0.9893,0.062,0.726,0.211,Negative,-0.04870580808080807,0.46215277777777786
rt,Telegraph removes ‘Epstein empire’ article about Christians and Hezbollah,,https://www.rt.com/news/636209-telegraph-removes-article-christians-hezbollah/?utm_source=rss&utm_medium=rss&utm_campaign=RSS,news,telegraph remove epstein empire christian hezbollah telegraph removed report website detailing view lebanese catholic community hezbollah israel story delved view resident catholic town militant movement israel telegraph removed website close tie hezbollah christian town ra baalbek northeastern lebanon story accessible around portrayed militant movement positive light mentioning local resentment israel story monday amid ongoing israeli military offensive hezbollah began earlier month already left 880 dead 000 injured around million displaced west jerusalem launched campaign hezbollah launched wave strike jewish state retaliation killing iranian supreme leader ali khamenei joint israeli campaign iran inaccessible resident ra baalbek formed strong bond hezbollah militant came defense attack islamic state former isi 2013 2017 hezbollah reportedly aided town medical care covid pandemic supplied electricity generator even christmas tree relationship village hezbollah stronger pope rifiat nasrallah head town 000 strong catholic population telegraph adding shia muslim movement member protect church town head israel first enemy hezbollah friend muslim refugee residing village journalist hezbollah fighting child eating epstein human piece feature comment israel lebanese hezbollah wednesday evening story available telegraph website still various aggregator yahoo tuesday israeli defense israel katz announced plan occupation southern lebanon litani river north lebanese border israel hezbollah called plan existential threat adding choice fight,3,Civilian Casualties & Humanitarian,-0.6705,0.129,0.733,0.139,Negative,0.09647562582345193,0.24871541501976283
rt,The Gulf after the storm: Why the UAE is poised to lead the region’s next economic era,,https://www.rt.com/news/636201-uae-economy-after-iran/?utm_source=rss&utm_medium=rss&utm_campaign=RSS,news,gulf storm uae poised lead region next economic era thriving iran war take economic endurance flexibility strategic action country better prepared others thriving iran war take economic endurance flexibility strategic action country better prepared others current crisis middle east merely security emergency profound economic turning point ongoing israeli military campaign iran regional instability followed accelerating structural transformation development model gulf monarchy decade prevailing assumption state gulf protect prosperity combination hydrocarbon wealth external security guarantee carefully managed regional diplomacy model visible strain lesson present conflict stark economy remain overly dependent energy rent vulnerable maritime corridor narrow geopolitical logic find increasingly difficult preserve growth age recurring shock contrast state invested diversification logistics finance technology institutional adaptability simply survive crisis emerge enhanced regional weight contest united arab emirate stand strongest candidate convert disruption long term strategic advantage present confrontation understood military diplomatic term moment economic selection gulf future leadership increasingly belong best equipped operate pressure still attracting capital talent trade innovation respect uae preparing precisely moment year long current war emirati policymakers understood post oil future arrive suddenly distant future built deliberately present therefore pursued economic model designed reduce reliance crude export deepen integration global market create resilience across multiple sector strategy abandoned crisis contrary crisis covid pandemic today regional escalation sharpened result uae today possesses far broader flexible economic base many neighbor flexibility exactly matter regional order becomes unstable number highly revealing uae ministry economy first quarter 2025 real gdp grew non oil gdp expanded stronger oil related activity accounted gdp period word quarter uae economy generated outside oil sector symbolic achievement mean already moved beyond classic rentier template still shape many outside perception gulf mean geopolitical shock disrupt energy market insurance premium shipping lane investor sentiment uae buffered much wider ecosystem productive activity growth increasingly rest finance tourism trade logistics manufacturing construction digital service high value business activity rather single commodity cycle international outlook reinforces picture imf project uae real gdp growth reach 2026 inflation relatively moderate bank meanwhile described gcc growth 2025 driven structural reform rapid digital innovation expects uae outperform gulf economy forecast matter reflect short term optimism confirm external institution see emirate region credible engine stable expansion moment war forcing investor distinguish carefully temporary opportunity systemic resilience distinction crucial uae judged merely safe harbor storm increasingly judged platform growth storm especially important understand uae resilience emerge spontaneously post pandemic governance style marked speed institutional pragmatism strategic flexibility covid period taught government around resilience simply financial reserve ability redesign policy quickly maintain confidence keep real economy functioning stress uae pandemic accelerated broader shift toward adaptable economic management stronger state business coordination faster digitalization deeper use data policymaking targeted support investor sharper focus future sector logic clear entered era compounded crisis winning economy respond shock without losing momentum current regional war many way validating approach earlier month uae central bank introduced support package echoing logic covid era response aimed safeguarding liquidity ensuring credit continues flow real economy continuity telling uae longer improvising moment turbulence drawing institutional playbook built previous crisis institutional maturity perhaps underappreciated dimension emirati power period regional conflict many state mobilize rhetoric far fewer mobilize system uae economic strategy always linked governance capacity openness international capital paired regulatory discipline embrace innovation paired coherent state planning external partnership embedded domestic environment prioritizes continuity execution language used recent emirati commentary significant argument advanced national simply uae endure pressure built sustain success pressure whether agrees every formulation broader point corresponds available evidence emirati strategy based hope crisis disappear assumption crisis permanent feature contemporary international system nowhere clearer trade 2025 uae non oil foreign trade exceeded aed trillion roughly trillion first history rising previous non oil export reached aed 813 billion extraordinary figure demonstrate emirate merely diversifying away oil theory expansive measurable trade architecture significance magnified present regional crisis war raise shipping risk redraws supply chain compels firm evaluate operational geography gulf state best positioned capture rerouted commerce deepest non oil trade capability strongest logistics ecosystem extensive commercial diplomacy uae building exactly system infrastructure custom modernisation web comprehensive economic partnership agreement give decisive post conflict advantage trade policy central story uae cepa strategy bureaucratic add part deliberate effort convert geography network power broadening market access embedding within multiple trade corridor emirate reducing dependence single route partner commodity cycle unstable middle east matter immensely move capital good service digital business across diversified international channel always resilient whose fortune rest narrower set flow uae trade diplomacy therefore strengthens economic sovereignty even deepens global integration combination paradoxical seem reason emirati model proving durable logic applies finance uae longer simply oil exporter bank becoming principal financial architecture wider middle east dubai international financial centre 677 fintech organization 2025 increase startup innovation ecosystem raised billion regionally abu dhabi global market meanwhile rise asset management first half 2025 154 fund asset manager overseeing 209 fund number indicate uae steadily consolidating dual center financial system dubai abu dhabi serving distinct complementary role global capital intermediation wealth management regulation digital finance innovation financial depth give uae enormous advantage period regional insecurity capital pressure seek predictability convertibility institutional competence investor want jurisdiction credible regulation reliable court sophisticated service sector capable acting pre emptively rather reactively central bank march 2026 measure underscore precisely quality package gave bank enhanced access reserve balance term liquidity dirham dollar temporary capital relief explicit aim maintaining financing economy kind rapid confidence oriented intervention sends message far beyond banking sector uae understands modern middle east economic leadership inseparable financial reassurance yet important point uae economic model limited finance trade traditional sense resilience increasingly rooted digitalization uae digital economy strategy aim raise digital economy contribution gdp 2022 within next decade ambition reflects strategic recognition economy best prepared geopolitical volatility generate value data platform artificial intelligence financial technology smart logistics cybersecurity digitally enabled service sector lighter scalable adaptable often less vulnerable physical disruption classic hydrocarbon chain alone uae short trying merely diversify income stream trying change composition economic modernity gulf dubai recent performance illustrates shift unusual clarity data show dubai economy expanded first nine month 2025 aed 355 billion financial insurance activity grew contributed gdp information communication contributed broader commentary linked resilience explicitly digitalization data advanced technology artificial intelligence dubai clearest laboratory uae development model urban economy built around connectivity service talent attraction regulatory innovation tourism digital infrastructure platform effect region destabilized economy continue function adapt absorb flow business way rigid system tourism another example uae model crisis resistant many outsider assume 2025 travel tourism sector contributed aed 257 billion gdp equal national economy dubai alone welcomed million international visitor 2025 third consecutive record figure relevant leisure economics indicate something much broader uae remains place wider region capable combining security infrastructure global accessibility luxury service business confidence scale tourism emirate deeply intertwined aviation real estate retail hospitality event global branding effect confidence industry continues thrive despite repeated regional tension suggests created reputation strong enough withstand shock might severely damage less diversified destination current conflict mean gulf monarchy group mean old formula oil first diversification later becoming obsolete war exposing fragility development strategy still rely heavily stable maritime chokepoint external military umbrella benign regional environment gulf state understand importance diversification advanced equally building institution ecosystem cross sector depth needed genuine resilience bank assessment gcc economy advancing diversification accelerating digital transformation important pace quality transition differ significantly across region present crisis likely widen gap state emerge cautious fiscally constrained exposed volatility uae contrast positioned emerge central entirely plausible argue conflict subsides uae become leading economic power post crisis gulf landscape mean major regional economy disappear relevance saudi arabia remain enormous qatar remain strategically significant gulf state continue pursue reform leadership next phase depend less size alone agility trust networked competitiveness uae advantage lie fact already operating mature non oil commercial platform continuing benefit energy wealth managed combine sovereign capacity global openness regulatory credibility entrepreneurial energy strategic planning implementation discipline unusually powerful mix sense uae rise simply story successful diversification story state understood earlier many others future gulf decided export crude build adaptive economy present turmoil accelerating historical transition region moving however painfully energy centred order resilience centred order order strongest state absorb shock secure liquidity move good attract capital host innovation process data welcome talent still project confidence neighbourhood stress standard emirate holding strengthening position broader conclusion therefore clear current war transforming economic logic middle east forcing gulf monarchy move diversification aspiration diversification necessity uae unwelcome adjustment strategic vindication year investment non oil trade financial service tourism digital infrastructure fintech logistics future oriented governance produced economy shock resistant conventional image hydrocarbon state suggest even amid severe regional turbulence uae continues matter energy player major node economy relevance rest far sophisticated foundation finance digital technology trade connectivity institutional responsiveness ability turn uncertainty comparative advantage gulf war defined economic endurance flexibility strategic execution uae exceptionally well placed lead,5,Nuclear Programme & Regime Change,0.9989,0.201,0.683,0.116,Positive,0.091060994118763,0.359603016505407
rt,The silent axis: Why Iran isn’t using its allies,,https://www.rt.com/news/636177-silent-axis-irans-allies/?utm_source=rss&utm_medium=rss&utm_campaign=RSS,news,silent axis iran using ally tehran holding fire restraint reshaping battlefield farhad ibragimov lecturer faculty economics rudn university expert lecturer department political science faculty social science mass communication financial university russian federation farhad ibragimov lecturer faculty economics rudn university expert lecturer department political science faculty social science mass communication financial university russian federation aggression iran persisted week throughout tehran acted largely without mobilizing allied force raise crucial question going called axis resistance extensive network iranian ally took decade billion dollar establish formally axis resistance includes group like hezbollah lebanon houthis ansar allah movement yemen various shiite armed faction iraq popular mobilization force kata hezbollah israel traditionally view group iran proxy tool enable exert asymmetric influence region west portrayal hamas iranian proxy however fundamentally misleading despite period tactical alignment shared interest hamas historically maintained decision making autonomy often found odds tehran notably syrian conflict position diverged significantly even leading direct confrontation short relationship hamas iran situational partnership alliance apparently washington operated assumption element axis resistance significantly weakened even neutralized indeed past couple year israel systematically targeted infrastructure command structure group syria lebanon intelligence operation sought undermine overall operational capability iraq coordination iran however interpreting development evidence destruction axis resistance premature superficial rather iran deliberately resorting strategy restrained escalation seems iran avoiding direct involvement ally conflict aiming localize confrontation prevent spiraling full scale regional war carry exorbitant cost involved moreover nature axis resistance imply automatic synchronized engagement component every crisis actor possess degree autonomy operate based national organizational interest well prevailing military political situation backdrop sensitive question emerging washington west jerusalem iran weathered storm actually adapted harsh condition escalating tension despite suffering severe loss first day conflict including elimination top political military leadership key decision maker significant portion command structure within islamic revolutionary guard corp irgc armed force iran system shown remarkable institutional resilience hardly surprise familiar iranian domestic politics mechanism personnel rotation deeply embedded iran political military architecture continue function effectively ensuring continuity governance command structure word personalist regime vulnerable decapitation strike rather system characterized high organizational inertia adaptability iran maintains strategic stability demonstrates ability independently wage war significantly superior adversary specifically israel alliance blocking strait hormuz critical energy chokepoint serf military tool geo economic pressure point impact global market increasing cost escalation situation compels reluctantly admit iran dominance area whatever trump additionally psychological dynamic conflict shifted early indication tehran sought escalation appears iranian leadership entered conflict mode adapted accordingly expert note iran perceives ability withstand pressure factor expands room maneuvering whereas rhetoric includes threat escalating confrontation potentially involving ground operation seizing strategically important target like kharg island iran demonstrates composure believing potential escalation far exhausted context strategy deferred engagement ally becomes particularly valuable source cited wall street journal israel currently trying avoid action might provoke yemen houthis directly join conflict iran side concern well founded potential closure bab mandeb strait create additional shock global energy logistics linking crisis persian gulf red sea saudi arabia part making diplomatic effort curb escalation appealing previously established agreement houthis regarding non aggression however houthi representative signal continued strategic uncertainty mohammed bukhaiti member political bureau houthis coordination tehran ongoing question military support remains timing feasibility like element axis resistance houthis strive avoid image mere proxy actor serving external interest however iran face situation longer manage alone undoubtedly turn ally support illustrates iran ability mobilize resource either exert intense pressure strategic asset future negotiation word current landscape increasingly resembles multi layered persian game endurance controlled escalation iran demonstrates capacity withstand pressure ability redistribute risk retaining key element uncertainty potential escalate local conflict full blown regional crisis moment unpredictability become significant factor deterring adversary rational military political standpoint iran reluctance immediately deploy full range capability seen sign weakness rather calculated strategy managed escalation asymmetric conflict prematurely revealing card eliminates crucial factor uncertainty serf deterrent mean pressuring opponent likely washington west jerusalem assumed initial strike trigger impulsive reaction tehran fueled chaos within highest echelon lack direction expected iran instantly mobilize entire network ally proxy however practice iran demonstrating opposite behavior phased measured application force keeping key asset reserve essentially multi tiered strategy tehran simultaneously address several objective preserving strategic reserve without fully disclosing potential allied actor capability iran employ geo economic lever including control vital transportation energy route additionally maintains domestic stability identifying covert network minimizing destabilizing factor within tehran engages diplomatic maneuver leaving room negotiation gradually raising stake forcing opponent act amid growing uncertainty approach aligns classic logic strategic patience opponent compelled react remains dark enemy untapped resource behavior iran ally particularly significant regard observing tehran resilience sends signal dealing weakened actor center power capable enduring pressure maintaining control context potential involvement postponed used achieve maximum impact either decisive factor escalation process leverage negotiation context iran strategy resembles old persian game nard complex table game ancestor backgammon characterized high degree variability first glance tehran action might seem limited even restrained however calculated achieve cumulative impact exploit critical vulnerability adversary major vulnerability global logistics energy infrastructure potential blockade transportation hub trigger systemic shock economy moreover unlike large scale military confrontation measure inflict considerable damage without necessitating transition destructive scenario come high human cost iran spent decade building distributed network influence tool indirect leverage existential pressure architecture transforms mechanism ensures strategic depth flexibility allowing iran vary intensity conflict redistribute risk target opponent battlefield economic infrastructural channel tehran current approach improvisation long term strategy based principle maximum effectiveness achieved sudden show force applying force measured unpredictable way targeting adversary vulnerable point,5,Nuclear Programme & Regime Change,-0.9929,0.121,0.711,0.168,Negative,0.039189044038668096,0.4190413533834587
rt,Iran responds to Trump’s 15-point ultimatum – media,,https://www.rt.com/news/636173-trump-iran-peace-proposal/?utm_source=rss&utm_medium=rss&utm_campaign=RSS,news,iran responds trump point ultimatum medium reportedly presented iran proposal demanding dismantle nuclear program agree open strait hormuz tehran dismissed roadmap saying allow dictate term iran dismissed hand proposed point roadmap peace iranian press wednesday citing source tehran dismissed roadmap saying war end iran choosing tehran allow donald trump dictate term settlement contain concrete guarantee sent iran peace proposal demanding dismantlement nuclear program curb missile end support regional ally israeli medium outlet report iranian reportedly rejected roadmap saying war end tehran term plan first york time tuesday source saying delivered via pakistan israeli channel later outlined point framework reportedly called iran fully dismantle nuclear facility natanz isfahan fordow permanently ban uranium enrichment soil transfer enriched stockpile iaea agreed timeline tehran required abandon network regional armed group place strict cap ballistic missile program keep strait hormuz open free maritime corridor exchange nuclear related sanction lifted washington assist iran civilian nuclear program including bushehr nuclear power plant 500 russian staff engaged tehran denied held talk washington col ebrahim zolfaghari spokesman iran armed force command mocked negotiating several medium outlet iran demanded agree significant concession end war wall street journal tehran insists america close base persian gulf guarantee military operation lift sanction allow collection payment vessel passing strait hormuz well excluding iran ballistic missile program talk iran want compensate wartime loss obtain formal control strait commenting trump proposal israeli economy nir barkat look beautiful paper though iran likely accept,1,Diplomatic Efforts & Peace Talks,0.8271,0.165,0.714,0.121,Positive,0.08035714285714286,0.4863095238095238
rt,Iran war ‘much worse’ than Iraq – Spanish PM,,https://www.rt.com/news/636167-iran-worse-than-iraq-sanchez/?utm_source=rss&utm_medium=rss&utm_campaign=RSS,news,iran war much worse iraq spanish israeli war iran broader deeper impact 2003 led invasion iraq spanish pedro sanchez pedro sanchez warned broader deeper impact israeli campaign tehran ongoing israeli war iran much worse consequence 2003 led invasion iraq spanish prime pedro sanchez reaffirming madrid refusal take part addressing lower house parliament wednesday sanchez described conflict absolute disaster saying undermined international law destabilized middle east reignited tension iraq lebanon increased insecurity gulf state exacerbated global energy challenge facing scenario illegal war iraq sanchez facing something much worse far broader deeper impact criticized 2003 prime jose maria aznar backing led invasion iraq later deploying spanish troop repeating mistake past dressing democracy reality greed political calculation sanchez short war sanchez noted iran larger germany france italy combined term territory possesses significant military capability including long range ballistic missile tehran spent decade building defense referring establishment islamic republic following 1979 revolution warning economic fallout sanchez war huge mistake whose cost neither accept willing pay mentioned last approved billion package shield spanish household spain among outspoken country opposing war madrid withdrawn ambassador israel downgraded diplomatic relation stance strained tie washington spain refused allow use joint military base operation linked conflict citing sovereignty prompted criticism donald trump threatened trade measure cited madrid failure meet nato defense spending target despite rhetoric spanish foreign jose manuel albares earlier month bilateral relation remain normal,6,Media Narratives & Propaganda,-0.9971,0.067,0.629,0.304,Negative,-0.05333333333333334,0.32904761904761903
rt,Shock and awe is dead: What Russia understood – and Washington still doesn’t,,https://www.rt.com/news/636100-shock-and-awe-is-dead/?utm_source=rss&utm_medium=rss&utm_campaign=RSS,news,shock awe dead russia understood washington still decade military doctrine crumble iran control gulf run washington decade military doctrine crumble tehran control gulf run washington half expiration hour ultimatum iran donald trump unexpectedly announced negotiation even possible meeting iranian rumor quickly circulated meeting take place pakistan steve witkoff jared kushner representing side iran send either foreign parliamentary speaker following announcement oil price plummeted shortly afterward iranian dismissed report confirming received certain proposal intermediary however labeled everything else fake aimed manipulating financial oil market oil price began rise neither peace war initial commentary iran conflict speculated iran might seek peace within month iran mean contact meeting planned possible tehran simply trying boost position hand iran trump bind potentially dictate term least attempt hand war easy iran week tehran without electricity water since start conflict iran shipped tanker oil primary export pre war level averaged tanker therefore make sense iran secure profit sooner better profit already considerable firstly iran effectively established control shipping persian gulf airspace gulf monarchy secondly iran facto lifted oil sanction something iran bring table negotiation iran condition well known want compensation damage essentially reparation guarantee attack territory drop demand regarding iran nuclear program trump term likely unacceptable still belief peace strength threaten iran strike possibly including seizure kharg island iran main essentially oil terminal suggests even iran negotiating team assassinated probably agreement reached immediately often past negotiation iran continue amid ongoing possibly intensified hostility however long iran keep strait hormuz blocked work brings closer economic disaster mid april asian country need implement strict fuel rationing transition remote work covid pandemic beyond fuel petrochemical agriculture due lack fertilizer semiconductor industry due helium shortage medical mass consumer production due polyethylene plastic shortage metallurgy aluminum shortage risk far complete list america ally vassal client state along american elite pressure trump quickly end war shameful defeat ultimately fall squarely shoulder party likely jeopardize potential negotiation israel gain nothing agreement iran monday vice vance held call israeli prime benjamin netanyahu whether managed persuade netanyahu intrude negotiation remains seen neither shock awe following cold war nato military doctrine developed fundamental flaw relies solely shock awe tactic approach harmonized perfectly end history theory major war western nation considered unlikely accordingly nato military intervention seen police action rather full scale military operation projection power capacity deploy real power idea behind shock awe strategy simple nation disrupts established rule based order global police step deliver decisive blow come defense nation since want clash embodiment law order surprisingly western military political theorist never seriously considered scenario target garner support third party mount significant resistance essentially rebellion doctrine took shape 1990s conflict iraq yugoslavia fleeting setback somalia viewed exception reinforced general rule subsequent humiliating defeat iraq afghanistan little shake shock awe doctrine considered military operation executed flawlessly rather came believe stayed iraq afghanistan long foolish impose democracy barbarian coincidentally nato considered operation libya success avoided ground invasion disintegration stable libyan state ensuing chaos region cared russia succumbed idea shock awe doctrine war georgia 2008 russian military restructured carry rapid destructive military intervention however russia first stumble doctrine spring 2022 faced critical choice either fight serious bloody war attrition settle disgraceful peace moscow chose war ukraine conflict entered fifth trump find similar crossroad fight concede defeat problem entire western military industrial complex spent decade adapting shock awe doctrine nato possess unparalleled exorbitantly expensive airstrike capability many resource targeted nation withstand initial air assault side unlike russia west lack resource prolonged military campaign explains gesture goodwill trump currently making toward iran like putin spring 2022 need buy figure next move continue fighting launch highly risky landing operation settle humiliating peace first option spell disaster trump upcoming midterm election second bring significant strategic defeat since vietnam trump afford sit back wait must unblock strait hormuz continues act nothing happening arab country start negotiating directly iran demand financial concession expulsion american region,6,Media Narratives & Propaganda,-0.9969,0.128,0.654,0.218,Negative,0.008819264069264067,0.40140800865800874
rt,Volkswagen mulling Israeli arms deal – FT,,https://www.rt.com/news/636127-volkswagen-iron-dome-production/?utm_source=rss&utm_medium=rss&utm_campaign=RSS,news,volkswagen mulling israeli arm deal volkswagen discussion manufacture part israel iron dome system osnabruck facility financial time report germany troubled industrial base increasingly pivoting toward defense production german auto giant volkswagen repurpose struggling plant produce component israeli arm company financial time wednesday volkswagen factory osnabruck lower saxony expected halt vehicle production later part sweeping cost cutting restructuring plan adopted 2024 report company talk israel rafael advanced defense system converting site manufacture element iron dome air defense system source cited newspaper approved shift toward producing heavy truck missile launcher power generator interceptor missile take month initiative reportedly backing german rafael state owned defense company selected germany partly due status strongest supporter israel europe company exploring another location production iron dome interceptor missile germany industrial sector struggled recent year decision phase russian energy following escalation ukraine conflict 2022 weighing heavily long term competitiveness pressure intensified month israeli attack iran sent global energy price soaring middle east crisis strained germany auto industry increasing energy cost raising concern aluminum major gulf producer aluminium bahrain qatalum scaled back output uncertainty future shipment prompted buyer stockpile aluminum situation continues panic buying executive aluminum producer separate report lived crisis past different bloomberg previously japanese auto part manufacturer talk russian aluminum giant rusal secure supply european company however face tighter constraint due import quota anti russian policy pushed brussels several member state including germany defense production tied ukraine aid military buildup europe amid expectation direct conflict russia become key driver german economy company rheinmetall record earnings result,2,Economic Impact & Oil Markets,-0.9575,0.093,0.765,0.142,Negative,-0.052430555555555564,0.31875
rt,"Is East Asia entering a missile age? Japan, South Korea, and Taiwan rearm",,https://www.rt.com/news/636070-east-asia-entering-missile-age/?utm_source=rss&utm_medium=rss&utm_campaign=RSS,news,east asia entering missile age japan south korea taiwan rearm facing pressure china north korea aligned power rapidly expanding capability along distinct strategic path prospect major conflict east asia longer confined strategic forecast military planning across region increasingly reflects scenario involving china north korea response country territory closely aligned united state japan south korea taiwan accelerating development missile capability play central role confrontation expanding strike range improving survivability preparing operation across land sea becoming integral defense strategy shaped expectation future crisis unfold rapidly little room hesitation region technologically advanced economy increasingly investing missile capability reflect industrial potential shared perception escalating risk along border across nearby sea decision capital beginning translate longer range flexible strike option system designed scenario recently remained largely theoretical today explore tokyo seoul taipei shaping missile force response pressure distinct strategic model emerging across east asia japan constraint strike capability since 1970 japan possessed technology launch payload low earth orbit fact japan became fourth following ussr france successfully deploy satellite using domestically developed rocket respect outpaced china united kingdom today japan spaceport several variant launch vehicle deploying satellite various kind despite advanced capability constitutional principle established second war impose strict limitation development offensive weapon system particularly ballistic missile recently however japan considered lifting restriction due growing military capability neighboring china north korea japan develops missile defense system since contradict non offensive non nuclear status significant progress missile defense technology developed several air defense system maintains integrated missile defense program includes ballistic missile interception technology acquired united state later refined integrated national defense system primary component american patriot missile defense system additionally japan boast robust naval force possesses aegis system equipped vessel aegis notable missile target aerial ballistic threat strike ground target japan country possess system aegis launch platform theoretically deploy tomahawk cruise missile japan currently possess weapon past year japan initiated program developing anti ship missile based type surface ship missile range 200 2024 successful test improved version expected range 900 000 completed future plan extend range 200 discussion underway deploy missile japanese island order provide fire support taiwan event chinese invasion first unit expected deployed coming week month already provoked sharply negative response china effort underway create cruise missile range 500 designed launch ship aircraft technically missile range extended 000 000 modeled american tomahawk missile set become part japan arsenal end 2020s time changing however japan recently confirmed development hyper velocity gliding projectile hvgp hypersonic ballistic missile system plan deployment 2026 2027 initial version expected range 000 kilometer future development aimed extending range 000 kilometer doubt japan successfully create missile system primary catalyst shift japan policy increasing military power ambition china north korea south korea building full spectrum missile force contrast japan south korea self imposed political restriction missile technology find constant state tension neighbor north korea south korea committed maintaining non nuclear status began developing operational tactical missile system early 2000s technologically capability develop space launch vehicle first national space launch vehicle launched korea aerospace research institute 2022 though development quite recent demonstrates south korea produce missile class 00s south korea collaborated russian defense enterprise several missile program missile defense system even operational tactical missile russian origin particularly true hyunmoo missile family range 300 kilometer first hyunmoo missile essentially modified american nike hercules surface air missile entered service 1987 range 180 kilometer advanced variant hyunmoo accordance missile technology restriction south korea complies missile range 300 kilometer however actual range 500 kilometer missile deployed transporter erector launcher tel vehicle 2017 upgraded version hyunmoo range 800 kilometer unveiled version launched tel vehicle however south korea stop developing missile cover entire territory neighbor north korea went developed powerful non nuclear missile hyunmoo transporter erector launcher missile publicly showcased first october 2024 missile weighs ton equipped unprecedented ton warhead boast range 000 kilometer non nuclear missile powerful earned nickname bunker buster evident necessary intercontinental missile developed based hyunmoo technology beyond ballistic missile 2000s 2010s south korea deployed several model cruise missile like hyunmoo range 500 000 kilometer although term military technology direction less priority south korea continues advance area well south korea developed hycore hypersonic cruise missile achieved speed around six time speed sound test missile developed variant air sea ground launch result south korea building quite ambitious missile program primarily focused regional deterrence taiwan asymmetric missile defense strategy taiwan territory overview operate independent launch capability although possesses technological base develop 2000s taiwan launched tslv taiwan space launch vehicle project currently company tispace developing domestically produced launch vehicle taiwan already progress satellite technology developed launched satellite using american falcon launch vehicle term military missile technology little known taiwan missile capability publicly disclose much information system even appearance certain missile system unknown surface surface missile based tien kung family missile variant range 300 service since early 2000s several dozen unit deployed across main island surrounding island effort currently underway enhance capability tien kung missile simultaneously taiwan plan deploy hsiung feng short range missile range 200 missile expected target maritime threat potentially hit coastal target mainland china clearly taiwan investing heavily ballistic missile possibly due reliance american japanese security umbrella event military threat mainland china likelihood taiwan lack resource build formidable missile force however taiwan actively developing anti ship missile national long range anti ship missile range 600 000 currently developed primary goal missile breach air defense chinese fleet neutralize force approach taiwan region shaped technological flexibility taken together missile program japan south korea taiwan illustrate technological capacity alliance structure threat perception converging reshape military balance east asia territory advancing along trajectory yet responding strategic environment defined growing capability china north korea well broader security framework centered united state emerges unified regional doctrine layered configuration deterrence different approach ranging stand strike system high impact conventional missile anti ship denial capability interact within single operational space evolving landscape suggests east asia entering phase missile capability play increasingly central role crisis dynamic combination longer range faster system greater operational flexibility expands range military option available decision maker compressing response time raising stake miscalculation condition even limited confrontation risk escalating rapidly underlying technological foundation allows swift transition deterrence active military engagement,5,Nuclear Programme & Regime Change,0.9838,0.13,0.776,0.094,Positive,0.0812583705357143,0.3449925595238095
rt,Israel to occupy southern Lebanon – defense minister,,https://www.rt.com/news/636087-israel-occupy-southern-lebanon-minister/?utm_source=rss&utm_medium=rss&utm_campaign=RSS,news,israel occupy southern lebanon defense israel defense announced plan military occupation southern lebanon involving forced displacement hundred thousand barred returning home hezbollah threat removed israel katz israeli military occupy part southern lebanon deal presence hezbollah militant area defense israel katz effort involve displacement hundred thousand destruction civilian infrastructure israel began military operation hezbollah early march lebanese based militant launched wave strike jewish state retaliation killing iranian supreme leader ali khamenei joint israeli operation iran launched february katz israel defense force idf control remaining bridge security zone litani river north lebanon southern border israel hundred thousand resident southern lebanon evacuated northward return south litani river security resident north ensured tuesday meeting senior military leader principle clear terror missile home resident idf inside building near israeli border cleared demolished comparing israel tactic southern lebanon used gaza recent conflict hamas militant katz announcement come another cabinet member finance bezalel smotrich called annexation southern lebanon litani river hezbollah described israel plan existential threat saying choice fight beirut expects foreign nation pressure israel stopping operation french emmanuel macron recently condemned israeli attack calling unacceptable israel launched military operation hezbollah number occasion since 1978 occupied southern lebanon 1982 2000,3,Civilian Casualties & Humanitarian,-0.9694,0.105,0.72,0.176,Negative,-0.028409090909090908,0.10946969696969697
rt,Prof. Schlevogt’s Compass No. 50: Game-changing offramp for the US – Trump’s shortcut to an Iran win,,https://www.rt.com/news/636088-us-iran-off-ramp/?utm_source=rss&utm_medium=rss&utm_campaign=RSS,news,prof schlevogt compass game changing offramp trump shortcut iran win great leap backwards trump style save america 50th anniversary compass column great leap backwards trump style save america 50th anniversary compass column prof kai alexander schlevogt globally recognized expert strategic leadership economic policy served full university professor graduate school management gsom petersburg state university russia held university endowed chair strategic leadership held professorship national university singapore nu peking university information author complete list column please click prof kai alexander schlevogt globally recognized expert strategic leadership economic policy served full university professor graduate school management gsom petersburg state university russia held university endowed chair strategic leadership held professorship national university singapore nu peking university information author complete list column please click joining israel unprovoked war iran donald trump trapped scylla charybdis escalation spell disaster retreat brand historic loser yet paradoxically almost perversely safe passage remains choose take commander chief muster necessary courage turn near certain defeat greatest victory far least strategy might rescue trump large called great leap backward unconventional transformative properly understood geopolitics life retreat often advance renamed end victory simply art walking away calling win maximal package unveiled viral geopolitical moment nothing less big bang act creative destruction near cosmic scale classic trump plan rest interconnected bold decisive measure dispel imperial illusion focus america backyard trump argue recent experience shown america kindness gone largely unreciprocated case great reshuffle first foremost mean refocusing america foreign policy away distant shore back toward backyard canada north latin america south manufacture urgency needed justify dramatic pivot immediately invoke alleged imminent threat cuba duly proceed invade annex island might install marco rubio secretary state cuban descent havana cuban exile community imago greet spectacle great enthusiasm addition trump swiftly annex greenland conveniently provoking europe process neatly close transatlantic chapter opened second war readily bat away charge neocolonialism familiar whataboutism denmark failed grant greenlanders independence 1960s 1970s case beyond subjected inuit woman forced sterilization precise term forced contraception via intrauterine device without informed consent though distinction rarely troubled trump close shop beyond backyard trump contend otherwise constituted brief excursion iran instead ran obstacle insufficiently loyal partner refused cooperate might point even supposedly modest ask simple military maneuver securing strait hormuz failed elicit much polite compliance nato member coward presumably dependable ally japan south korea casting blame client invoking need husband resource great inward turn trump immediately end membership nato concurrently close american military facility including base across europe africa asia australia sweeping stroke genius trump even claim curious peace dividend backward leap sparing cost rebuilding base gulf many battered iranian strike shedding long term burden maintaining america far flung military infrastructure windfall arab state host base leader thoroughly tired seeing country serve magnet attack receiving patchy protection american patron reason quietly welcome shift spared awkward task pressing washington withdraw domestic embarrassment abrupt turn arab government free rebuild relation iran hedge security keeping careful distance israel closing shop mean ending military support israel posthaste duly staged true liberation israel turn little choice discover unfashionable art accommodating neighbor pursuing peaceful coexistence rather treating force default setting course highly unlikely trump bankrolled pro israel donor buoyed formidable constituency christian zionist seize rare opportunity break israel hold america entirely donor miriam adelson american israeli controlling shareholder la vega sand empire poured 100 million trump 2024 campaign strategic retreat yield benefit withdrawing asia pacific relieve burden defending ally china superpower ill equipped defeat ever enduring middle kingdom military strength industrial capacity daunting diplomatic dividend immense relation beijing assuredly improve washington step way meanwhile washington erstwhile partner region compelled find sustainable way living china rather continuing shelter contentedly american security umbrella might immediately withdraw united nation trade organization multilateral body fail meet approval event already reduced league nation like shell shorn real power authority reduced little ceremonial relic perhaps functional international organization promoting preserving peace take place potent consequential transeurasian alliance russia china germany bring institution crucial step disentanglement bring totality america military intervention beyond backyard end immediate effect addition terminating war iran forthwith trump promptly cease support ukraine among others lift sanction russia immediate effect warmer tie moscow enticing prospect lucrative trade investment deal former adversary suddenly recast partner ukraine like former prot compelled shed antagonistic role often described anti russia posture instead seek livable durable modus vivendi easily ignored neighbor east exercise coexistence prove less optional previously advertised trump maga base home doubt eagerly embrace great disentanglement mark end american power redefinition pivotal campaign promise end endless war cast costly burden overseas commitment last declared fulfilled strategic retreat might spare heavily indebted fate britain persisted performing empire long lost mean washington length pulled plug suez crisis 1956 britain intervened egypt dwight eisenhower opposing move forced swift ignominious climbdown leveraging britain financial vulnerability administration brought intense financial pressure bear pound blocking imf support threatening sell sterling suez price imperial believe stark reminder power outlived ambition invite greatness humiliation engage restorative diplomacy nearly decade waged war afghanistan replace taliban taliban script rerun 2026 even futility evokes tale sisyphus crime cunning deceitful king corinth condemned heave boulder hill watch roll back trump hardly outdone ancient monarch wiliness simply replace joint comprehensive plan action jcpoa 2015 jcpoa 2026 might branded trump nuclear deal tnnd look strikingly familiar renewed iranian pledge forgo nuclear weapon submit international inspection exchange sanction relief old wine duly rebottled cure invented syndrome reflex policymakers discard perfectly serviceable arrangement simply belong predecessor preferring relabeling continuity deal presented win israel delivering tangible security guarantee whether iran negotiate sign agreement washington habitually failed honor commitment another matter proposition akin asking russia implement minsk accord pattern western duplicity costly military campaign ukraine suggests creative modification nuclear pact order first difficulty persuading iranian come negotiating table effectively marked assassination israel flagrant breach basic civilizational norm israel attacked hamas negotiator qatar 2025 alongside launched strike iran amid talk killing supreme religious leader choose negotiate notoriously untrustworthy mercurial mafia bos gun already trained already killed associate abundantly clear intends pull trigger next trump bartholomew dilemma brazenly shortsightedly shatter basic civilizational norm liquidate interlocutor negotiate good faith discover need arises left pick phone come table become fair game diplomacy cease tool statecraft becomes prelude execution even agreement reached iran scarcely assume washington abide 2018 trump withdrew jcpoa agreement designed bolster israel security promptly reinstated sanction iran thus violated bedrock principle international law pacta sunt servanda rule agreement must kept iran far likely accept jcpoa included provision requiring israel join non proliferation regime submit international nuclear inspection undoubtedly leverage compel israel comply stringent demand whether trump exercise doubtful given strength pro israel constituency home deal sweetened provision arab investment iran rebuilding israeli action destroyed another inducement permit iran levy toll ship transiting strait hormuz trump might object prior occasion suggested counterfactually waterway little consequence ally sort issue safe passage given reliance strait perhaps future might even come value iran israel long seen critic destabilizing force america costly perilous liability crown insolent performance trump upon signing tnnd swagger proclaim landmark accord pulled back brink nuclear armageddon achievement might proudly insist worthy long coveted nobel peace prize even hurled planet toward precipice second trump pitch trump trickster chief fancy uniquely gifted dealmaker salesman critical moment attempt prove never precarious rhetorical high wire act victory simply lie redefining count winning art salvaging advantage adversity lie lamenting relinquished half empty view celebrating gained half full positive move toward desirable end rather negative move away embarrassing predicament trump second elevator pitch justifying strategic rebalancing hedged small number mental reservation might run follows keep fighting iran achieved complete victory many way iran obliterated apart met objective iran conveniently defined fact decolonized freeing american joke liberated cuba enslave freed greenland despoil addressing base funambulist white house might intone following line fulfilled central election promise ended never ending war never mind precipitated cute little bonus beauty america territory cuba greenland history human civilization ever built legacy suez stand reminder strategic overreach exposed corrected choice necessity great disentanglement trump self congratulatory triumphalist narrative cast heeding lesson sold retreat reinvention deliberate step back shedding onerous burden regain strategic clarity purpose strength turning inward spare united state obligation long chose bear inviting others discover cost benefit standing alone multicentric whether design impulse trump thus recast withdrawal victory transmuting contraction claim restored greatness conclusion narcissus last laugh love like heracles crossroad forced choose virtue vice trump confronts decisive choice unlike greek hero however great trickster tends choose among vice commander chief opts either rock hard place undone royal road auspicious horizon lie great inward turn suitably spectacular turn viral age politics degenerated art surreal normal war abandoned become victory claimed obligation discarded become liberation declared telling success lie less achieved branded american victory juncture whatever trump sometimes seems boldest move press forward step back call strategy yet trump highly unlikely persuade broad public virtue virtuosity likely secure wide support revolutionary plan entail nothing less veritable metamorphosis america many simply forgive devastation wrought upon long nevertheless still press ahead audacious design steamroller fashion characteristic trumpian flourish claiming last laugh act transactionally reduced virtually key relationship social rubble closing tableau ovidian end postmodern narcissus white house gaze mirror fall love apotheosized greatness reflected back confident like ovid epic poem outlast else part series viral geopolitics continued previous column series part march 2026 prof schlevogt compass epoch viral geopolitics kanzler sloganizes war part march 2026 prof schlevogt compass dirty work proxy ethic kanzler outsourced war part march 2026 prof schlevogt compass viral war narrative primacy kanzler rhetoric war part march 2026 prof schlevogt compass fabricating war story iran ploy patched plausibility part march 2026 prof schlevogt compass donald eastern crossroad win big lose,6,Media Narratives & Propaganda,0.9991,0.208,0.656,0.136,Positive,0.06629526410642292,0.421846422533118
rt,UN warns US-Iran war ‘out of control’ (PHOTOS/VIDEOS),,https://www.rt.com/news/636078-us-to-send-thousands-more-troops-middle-east/?utm_source=rss&utm_medium=rss&utm_campaign=RSS,news,warns iran war control photo video secretary general antonio guterres warned iran war spiral wider conflict stand brink broader conflict bring rising tide human suffering antonio guterres secretary general antonio guterres warned hostility israel iran spiraling control threatening plunge broader conflict deeper economic crisis urged side stop late tehran reportedly called talk washington illogical point adding seek permanent solution temporary ceasefire western medium outlet previously trying establish month ceasefire mechanism iran donald trump seeking ramp war sent tehran point plan end conflict far indeed increased effort launch backchannel talk iran noted tehran refused engage meanwhile international atomic energy agency iaea director general rafael grossi claimed talk iran take place early weekend islamabad pakistan discussion expected focus missile iran aligned militia security guarantee tehran latest development trump claimed already ongoing diplomatic talk iran reason postponed military strike iranian power plant five day tehran denied talk taking place iran parliamentary speaker saying claim fake used manipulate financial oil market oil price fell wednesday morning iranian medium claim us abraham lincoln hit cruise missile damage saying missile launched ship knocked tehran non hostile ship free sail strait hormuz long linked aggression iran follow live coverage continuous update previous update,1,Diplomatic Efforts & Peace Talks,-0.9913,0.074,0.672,0.254,Negative,0.010151515151515158,0.4066666666666666
rt,German military satellite plan alarms EU – Reuters,,https://www.rt.com/news/636068-german-military-satellite-plan/?utm_source=rss&utm_medium=rss&utm_campaign=RSS,news,german military satellite plan alarm lawmaker warn germany independent military satellite plan risk weakening bloc berlin standalone system come amid broader defense build deepening division within bloc germany push standalone military satellite network independent parallel program alarmed lawmaker brussels warn move risk weakening bloc plan come amid broader militarization drive germany framed western response alleged threat russia claim moscow dismissed nonsense german defense boris pistorius september berlin invest billion billion military space technology next five year citing various risk including orbit proposal first january weapon manufacturer rheinmetall satellite maker ohb airbus collaborating constellation around 100 low earth orbit satellite dedicated exclusively military communication system use technology similar spacex starshield network integrated starlink meanwhile developing iris2 bloc wide constellation roughly 290 satellite designed provide connectivity government military commercial user initiative presented european alternative starlink starshield aimed reducing reliance non european provider germany build purely national architecture integrated iris2 risk weakening european structure quoted marie agnes strack zimmermann chair european parliament security defense committee saying german however berlin view iris2 potentially complementing national initiative adding proposed system tailored specific need military development come division persist within defense trade relation washington german chancellor friedrich merz initially seen pro european figure increasingly emphasized national interest following shift policy donald trump nato secretary general mark rutte urged member state adopt wartime mindset boost military spending moscow repeatedly warned militarization space risk turning arena confrontation,3,Civilian Casualties & Humanitarian,-0.9517,0.072,0.775,0.153,Negative,-0.016269841269841264,0.15856481481481477
rt,On the ground in Tehran: Civilian deaths rising from US-Israeli strikes (VIDEO),,https://www.rt.com/news/636050-tehran-civilians-killed-bombing/?utm_source=rss&utm_medium=rss&utm_campaign=RSS,news,ground tehran civilian death rising israeli strike video tehran bureau chief hami hamedi filmed deadly aftermath israeli attack iranian capital least five killed overnight attack hit apartment block bureau chief hami hamedi civilian death toll rising tehran residential area iranian capital suffered heavy damage israeli overnight strike emergency crew continue search rescue operation tehran bureau chief hami hamedi visited site struck worker combing rubble collapsed apartment block search survivor heavy machinery deployed scene rescuer worked clear debris destruction severe almost entire main part building collapsed unfortunately building bedroom section sleeping hit around hamedi reporting five body recovered israeli military repeatedly targeting military installation throughout campaign strike caused severe damage residential area 500 killed iran since start israeli military campaign february iranian source watch full video,0,Military Operations & Strikes,-0.9941,0.049,0.583,0.368,Negative,-0.10595238095238095,0.356547619047619
rt,US and Israel ‘miscalculated’ on Iran – former Mossad official (VIDEO),,https://www.rt.com/news/636048-rami-igra-iran-miscalculation/?utm_source=rss&utm_medium=rss&utm_campaign=RSS,news,israel miscalculated iran former mossad video former mossad division head assassination iran leadership miscalculation israel assassination top iranian leader never chance bringing revolution ramus igra israeli strategy decapitating iran leadership hope sparking revolution miscalculation failed destabilize islamic republic former senior mossad ramus igra previously headed israeli intelligence hostage missing person division stated exclusive interview expected iranian take street killing supreme leader ali khamenei senior greatly disappointed understand revolution igra need popular movement popular movement iran need local leadership reza pahlavi los angeles referring exiled son last iranian shah positioned alternative current clerical leadership igra dismissed notion ongoing israeli aerial campaign decisively defeat iran comparing war russian troop entered berlin nothing worked stressing war aerial attack boot ground former remark come israel continue fourth strike iran aim prevent tehran developing nuclear weapon igra campaign instead nuclear iran likely pointing report fatwa iranian leader calling nuclear bomb warned conflict shifting toward energy war global consequence expressed skepticism donald trump ability broker deal end conflict watch full interview ramus igra,3,Civilian Casualties & Humanitarian,-0.9752,0.134,0.627,0.239,Negative,0.016666666666666656,0.2991666666666667
rt,Why did Trump call off strikes on Iranian energy?,,https://www.rt.com/news/636045-trump-iran-energy-victory/?utm_source=rss&utm_medium=rss&utm_campaign=RSS,news,trump call strike iranian energy choosing continuing pressure stopping war looking usable victory choosing continuing pressure stopping war looking usable victory military political dynamic around iran entered dangerous phase yet diplomatic choreography unfolding suggests washington longer thinking term punishment pressure since march pattern become unmistakable israel continued widen scope campaign iranian strategic infrastructure including nuclear facility iran answered pushing retaliation toward symbol israeli nuclear deterrence threatening broader regional energy shock appeared day ago escalation ladder without visible ceiling becoming negotiation space however deniable fragmented politically fragile revealing episode past weekend iran strike dimona iranian missile hit southern israeli city dimona arad iranian state linked messaging framing attack strike military security related target southern israel dimona inseparable wider symbolism israel undeclared nuclear capability whether tehran intended direct military message political signal meaning clear enough iran demonstrating nuclear infrastructure treated legitimate target prepared impose psychological strategic cost israeli side moving conflict closer israel sensitive deterrent geography retaliation emerge vacuum march israel launched attack natanz uranium enrichment facility merely another round familiar exchange fire move core node iran nuclear program therefore central pillar islamic republic strategic identity bargaining capacity natanz struck logic reciprocal signaling became harsher tehran afford response looked routine needed restored principle deterrence demonstrating israeli nuclear adjacent geography longer outside circle retaliation march onward war therefore moving along track first operational escalation second political repositioning escalation side reporting show widening conflict attack energy missile military nuclear linked site interacting another way magnifies regional risk earlier strike iran south par gas field asaluyeh processing hub march already full energy dimension war matter energy infrastructure another class target confrontation point regional warfare immediately becomes global economic problem background donald trump ultimatum regarding iranian energy target march trump threatened iran strike power plant strait hormuz crisis iran warned retaliate kind gulf energy water infrastructure attack went ahead word washington moved coercive rhetoric toward edge decision transformed regional war direct systemic shock oil gas market maritime security allied infrastructure across gulf came abrupt adjustment march trump announced negotiation allegedly underway day word major point agreement postpone decision military strike iranian power plant five day axios washington post cbs outlet reflected central fact white house longer speaking language imminent escalation trying construct political case delay iranian response immediate highly significant tehran denied negotiation taking place maintained meaningful communication washington iran publicly rejected trump characterization talk iranian stressed entered kind channel american side implying denial central understanding present moment tehran want grant trump easy diplomatic headline particularly presented domestically proof military pressure already bent iran toward submission mediation story matter much axios rkiye egypt pakistan passing message washington tehran senior state held separate contact white house envoy steve witkoff iranian foreign abbas araghchi show diplomacy rebuilt distributed architecture rather single recognized channel kind mediation allows side test term map red line lower temperature without paying full political price direct acknowledgment diplomacy condition mutual denial often form diplomacy take government still need conflict narrative domestic reason parallel indication oman qatar trying shift conflict back toward diplomatic track already earlier mediation effort oman well repeated qatari call escalation political solution doha publicly emphasized need dialogue muscat long remained channel acceptable washington tehran moment high tension even effort stalled rejected publicly minimized form part regional pattern middle eastern intermediary understand energy infrastructure becomes routine target set war cease contained confrontation begin threaten entire economic security architecture gulf seen angle trump five pause less sign confidence sign strategic necessity need way stop least freeze current phase conflict without looking though stepped back pressure central political dilemma position simple escalation easy opponent frame hesitation uncontrolled escalation hand carry obvious military economic risk especially expands sustained campaign energy network trigger disruption around hormuz trump therefore requires something specific peace requires presentable victory presentable victory necessarily substantive strategic term merely legible political term trump need able tell electorate force produced result iran pushed toward concession american resolve restored deterrence chose timing restraint position strength rather weakness white house rhetoric focused supposed progress productive contact major point agreement building narrative infrastructure pause still marketed success harder material reason repositioning energy market close center war conflict already disrupted output sent price sharply upward strike energy facility across gulf highlighted quickly regional confrontation become global market emergency environment washington treat escalation iranian power energy asset purely military option decision inflation shipping ally vulnerability political economy reality especially important trump simply managing war managing domestic consequence war political system acutely sensitive fuel price market volatility perception strategic drift strike package iranian energy infrastructure might satisfy logic coercion narrow sense ignite exactly kind market turbulence weaken broader political position result familiar unstable pattern white house escalates rhetorically maximize leverage search exit ramp economic aftershock become damaging original problem contradiction however iran see vulnerability tehran understands washington want coercive leverage without prolonged energy crisis make american urgency visible urgency becomes visible used reason iran publicly denied talk trump invoked rejecting image active negotiation tehran seek deny public relation dividend escalation preserve iran claim resistance accommodation forced washington hesitate contest narrative control secondary military action part battlefield israel part likely current moment different lens israeli decision maker value continued pressure iran nuclear strategic asset obvious every sustained attrition degrades capability complicates recovery create opportunity future leverage israeli priority identical american one israel accept higher degree regional tension belief campaign producing long term security effect washington must reckon alliance management gulf stability energy market domestic macroeconomics difference automatically produce rupture create divergence preferred end state period since march matter much exposed limit purely military logic strike continued iran retaliated near dimona trump threatened attack iranian energy infrastructure iran answered warning reciprocal attack regional energy water system almost immediately afterward diplomatic scramble accelerated multiple mediator sequence instructive war produce clean hierarchy dominance produced confrontation side still impose cost escalation threatened damage actor well beyond immediate battlefield trump therefore imperative simply continue stop stop way look like continuation mean need preserve image pressure quietly increasing weight mediation need claim iran moved first even practical mechanism indirect contact third country need diplomatic pause sold product coercive success need quickly every additional uncertainty energy domain raise economic political cost keeping war open ended next day therefore decisive though perhaps dramatic way public rhetoric suggests real question whether either side still escalate clearly real question whether emerging mediation web involving rkiye egypt pakistan oman qatar others produce enough diplomatic ambiguity washington tehran step back without openly admitting retreat often crisis kind managed trust reconciliation carefully staged ambiguity give side different version pause visible trump looking reason stop conflict imposes cost control simply stop must show success first language progress appeared suddenly five delay matter denial tehran equally important side trying manufacture victory narrative escalation trying deny victory still leaving room maneuver imperative lie present diplomatic opening narrow real shaped much oil optic electoral calculation missile military doctrine end trump administration appears walked trap set large part political logic israel current leadership conflict reality true winner among major state directly exposed consequence united state risk strategic overstretch higher energy price cycle regional instability iran face mounting military economic political pressure guarantee endurance alone improve position wider region forced absorb shock insecurity market disruption constant danger uncontrolled escalation even ordinary israeli unlikely emerge confrontation strengthened prolonged war mean fear loss economic strain normalization permanent emergency yet ultra right force inside israeli picture look different conflict still presented form political victory every round escalation brings closer long standing goal permanent confrontation maximal security centralization destruction remaining space compromise sense washington trying escape crisis whose cost broadly shared actor ideologically invested escalation continue see disaster opportunity,5,Nuclear Programme & Regime Change,-0.9987,0.142,0.641,0.217,Negative,0.05007257448433918,0.32736885663356274
rt,EU nation deploys military to protect Jewish sites,,https://www.rt.com/news/636024-belgium-military-jews-synagogue/?utm_source=rss&utm_medium=rss&utm_campaign=RSS,news,nation deploys military protect jewish site belgian authority deployed troop protect jewish site following attack synagogue move belgian authority follows bomb attack synagogue launch israeli war iran belgium deployed military protect jewish site major city around defense theo francken belgian authority announced last armed force begin helping police guard jewish place worship educational institution capital brussels well antwerp liege decision followed attack synagogue liege similar incident neighboring netherlands launch israeli war iran late february monday francken confirmed soldier begun mission posting photo troop bulletproof vest rifle hand antwerp city little safer jewish community antisemitism wrote coordinating committee belgian jewish organization yves oschinsky jewish community increasingly worried security since explosion synagogue liege march hurt incident blast happened early morning attack blew window delivered damage historic building investigated terrorist act speaking deployment troop belgian city oschinsky need adding somehow reassured never without concern always need protection security need security child school youth movement insisted jewish institution attacked netherlands march explosion rocking school amsterdam synagogue rotterdam injury incident dutch justice david van weel last possibility iran involved rotterdam blast explicitly investigated monday four ambulance operated jewish volunteer organization hatzola torched london authority probing attack hate crime,6,Media Narratives & Propaganda,-0.9671,0.16,0.63,0.21,Negative,-0.029347826086956522,0.21231884057971015
rt,$580 million in oil bets placed moments before Trump’s Iran post – FT,,https://www.rt.com/news/636029-oil-traders-trump-iran-post/?utm_source=rss&utm_medium=rss&utm_campaign=RSS,news,580 million oil bet placed moment trump iran post oil trader placed 580 million bet minute donald trump post productive talk iran highly concentrated flurry brent wti future signal possible insider knowledge triggered sell outlet suggested oil trader placed half billion dollar bet minute donald trump announced productive talk iran monday financial time burst activity followed sharp price drop raised question possible advance knowledge among market participant 200 brent wti future contract changed hand york minute flurry worth 580 million based calculation using bloomberg data volume benchmark brent west texas intermediate spiked simultaneously second 500 future surged shortly trade came roughly minute trump truth social productive conversation tehran end war iran post triggered sharp sell global energy market 500 future european equity rallied investor pared bet prolonged conflict unclear behind trade noted hard prove causality wonder relatively aggressive selling future point minute trump post broker strategist outlet rule cme group chicago based exchange host trading benchmark brent wti crude future large trader position must disclosed daily though identity specific trader publicly available real concentrated minute spike stand even typically high trading volume usually run hundred thousand contract full session timing trade benefited raised question though white house pushed back denying administration illegally profited insider knowledge focus trump trump administration best american kush desai calling suggestion insider profiteering baseless irresponsible iran parliament speaker mohammad bagher ghalibaf later denied talk washington sending global stock lower lifting energy market fake used manipulate oil financial market help united state israel escape quagmire face oil price rebounded tuesday brent 103 barrel wti near uncertainty iran kept market volatile,4,Geopolitical Alliances & Reactions,-0.802,0.085,0.8,0.115,Negative,-0.0057312925170068035,0.3061564625850341
